dataset,seed,candidate,category,source_work_identity,bootstrap_work_index,bits_per_byte,nll_sum,tokens,source_chars,source_bytes
old,1,j-reversible-sp-unigram-32k,kanbun,sha256:aacc5122dd14a93c28b61f0916e1aff1d20f56bd5d6a0cd4fd2b767b82852a03,0,5.732533583899037,1192.0468473434448,117,100,300
old,1,j-reversible-sp-unigram-32k,kanbun,sha256:37e41b45f0a4183f9f226c73d0b4017a78425c8da65bcfe34480e6f688ded206,7,5.4242961638647476,5369.045226097107,532,476,1428
old,1,j-reversible-sp-unigram-32k,kanbun,sha256:993cf16ce411260e37f115ed6283350dd03253978bb9dafabd3b6ef85c86612d,6,5.282680875484016,1098.5026063919067,109,100,300
old,1,j-reversible-sp-unigram-32k,kanbun,sha256:d424c3774ec17385aaab9fa7645d5796a51c6f7ff14faacd6656efa2788d52f8,81,4.926237285387171,409.75289821624756,42,40,120
old,1,j-reversible-sp-unigram-32k,kanbun,sha256:9100a9d34da88fd774602b05c6ee90111876201854176c82b281df6d57a5a5bf,2,5.190363046706217,647.5833921432495,63,60,180
old,1,j-reversible-sp-unigram-32k,kanbun,sha256:7edc75ccf8b006bfee320f69fd21cb73bbf58dfcd8e465869abdf29c33953c86,24,5.415567907325433,225.2271375656128,23,20,60
old,1,j-reversible-sp-unigram-32k,kanbun,sha256:88362c9b02b3036094ebff13f879919608f9de1d43cb3e7077cbc826a69b3f8e,44,4.394468607797625,511.7302722930908,52,56,168
old,1,j-reversible-sp-unigram-32k,kanbun,sha256:c2c3ee696b5b493e537c49dadd14b04b067ebe32fa96f36b078c1d6c5be6f756,28,5.07030593175709,1328.4690027236938,132,126,378
old,1,j-reversible-sp-unigram-32k,kanbun,sha256:71345211ec3ba323c2f3fea96d80860d327b842b3d46c17c4ab28e9c8f26ef4b,90,4.94404765201522,308.425742149353,30,30,90
old,1,j-reversible-sp-unigram-32k,kanbun,sha256:1b09cd49c628a7def77bd0e04ec449903aa253b56b2f66ab838006a24eaf02f1,23,4.656766142762169,193.66945934295654,19,20,60
old,1,j-reversible-sp-unigram-32k,kanbun,sha256:f9e6b50f8fab92d523315a94e9ac2b6a97d4de417458d64ce2b8d3b137f12b75,38,4.525864483228517,263.5155773162842,27,28,84
old,1,j-reversible-sp-unigram-32k,kanbun,sha256:955384079b4cf87e3e9c30e0ba87152d4db31178c42f5276179131094cdc11c5,34,5.788916811847282,240.75428199768066,24,20,60
old,1,j-reversible-sp-unigram-32k,kanbun,sha256:d849179ec7b142b2d9eb33ad8eb59461b6c686a0ca5659c9b6ec0c8b0dc73cf1,3,4.94290691020123,616.7091579437256,62,60,180
old,1,j-reversible-sp-unigram-32k,kanbun,sha256:8215e571653d767b252e7ae8725974a13373db12bf182977ca33c96ba5ee6b80,92,5.771135858074368,480.02958583831787,47,40,120
old,1,j-reversible-sp-unigram-32k,kanbun,sha256:f210cb062afab635a3aebbe9d65a845191038025db1ba590476a534d9e4b65af,36,5.344621529456282,1100.2689752578735,109,99,297
old,1,j-reversible-sp-unigram-32k,kanbun,sha256:5838bb07b453e8326ecde9bed1a68e120ebd0c10351d5b4f0cca67cda9f64860,53,4.922930460303931,286.6344909667969,29,28,84
old,1,j-reversible-sp-unigram-32k,kanbun,sha256:17672397b016991e757a866468203dc56a37ad82f5134adf2459846a3cedb669,4,6.439027048779823,1071.1664266586304,106,80,240
old,1,j-reversible-sp-unigram-32k,kanbun,sha256:e65a9c5fd6e9d20ea1287742a598a788ad345da529eb986561206ed8b6525930,52,5.056766818688466,294.42702770233154,30,28,84
old,1,j-reversible-sp-unigram-32k,kanbun,sha256:b81eee34499968e2ce987a320a443a984cbb6eb55e24690490b083ecfa2d6c5e,30,4.3319600064459305,180.16115188598633,18,20,60
old,1,j-reversible-sp-unigram-32k,kanbun,sha256:1f9f63a99ef6cbc57d5c80bdef37a7265023289a48ee5d0655f048f73ba0e5bb,62,4.740270340269156,275.9992218017578,27,28,84
old,1,j-reversible-sp-unigram-32k,kanbun,sha256:b004000bb7c65a514d4447f566f6d669a14b0e75e76ad73b89ec148382406328,88,5.106672631298665,424.76108837127686,42,40,120
old,1,j-reversible-sp-unigram-32k,kanbun,sha256:31894b65cce53b847f0bbdf4266379e21c8e28ba6e740f0ebea69fdc4f808e6c,49,4.2902432886185435,249.7966833114624,26,28,84
old,1,j-reversible-sp-unigram-32k,kanbun,sha256:fa6cc111cd2ef421711faa1460ebc8ce838fdf13293855c223b6e74434edff05,66,5.039641621659853,2640.869316101074,271,252,756
old,1,j-reversible-sp-unigram-32k,kanbun,sha256:535ff6b269a808c5e5d4784d77e49613744c3d107298fd16704eb1d0ae3dc8b7,74,4.455856062437996,259.43938159942627,27,28,84
old,1,j-reversible-sp-unigram-32k,kanbun,sha256:58f733bc6cbd287eb76188c05268a0fe9ff300e1bef90bcaacdecc02dfadb6db,55,5.336251353056694,310.69983673095703,30,28,84
old,1,j-reversible-sp-unigram-32k,kanbun,sha256:215977ec34040a8aadcca9036a7b8f0a836dce0d3aec6016d2715e724ae2d6a7,76,5.45091048293972,317.3757915496826,31,28,84
old,1,j-reversible-sp-unigram-32k,kanbun,sha256:ebaf0a12c2adc7099504c6b86bc708e24aceb7691b4ff10637999dc94e4f54eb,10,6.924097671102758,806.3023548126221,81,56,168
old,1,j-reversible-sp-unigram-32k,kanbun,sha256:ad956be81d174cb25b3d89f0f335c67b00d3da32c475addd0b99e374b8175da2,45,5.491203577521164,319.7218313217163,31,28,84
old,1,j-reversible-sp-unigram-32k,kanbun,sha256:cb2a8a3119275310a787147d26d5a1124462b3c321e829061f03ab4ac6121b90,73,4.795825552012067,279.23388862609863,29,28,84
old,1,j-reversible-sp-unigram-32k,kanbun,sha256:c391898daeab8372fb8199bbd41e708d8b04b33d1984080480949e3511a584bd,16,5.0204559250602,584.6256980895996,58,56,168
old,1,j-reversible-sp-unigram-32k,kanbun,sha256:86c9c4dca0127039f1ae50c558904b59fbd4edc03012923694b9ff7998751210,12,5.531386996309258,322.06148529052734,33,28,84
old,1,j-reversible-sp-unigram-32k,kanbun,sha256:05554bc9b8e804ebbb02cfc07924513e935f5384702576a7b045942bcc776571,84,5.591121388106066,465.0564031600952,46,40,120
old,1,j-reversible-sp-unigram-32k,kanbun,sha256:7f1acba73dbb590f2059350b81b6452ea01874038280fd90c87628f586c00cfd,15,5.037202686550066,586.5758371353149,57,56,168
old,1,j-reversible-sp-unigram-32k,kanbun,sha256:17081afb209552d4294e87f5efd6594d01eeeb792541c4332b4a0cfff4becfda,50,5.526377321861925,321.7698001861572,33,28,84
old,1,j-reversible-sp-unigram-32k,kanbun,sha256:1d462ae5e9da2fcffab98988325fe94a152555eadb42c0f9483fa915caa8b4de,5,5.6726690315372315,943.6786909103394,93,80,240
old,1,j-reversible-sp-unigram-32k,kanbun,sha256:4407f3d844541f2fb9d8b6d645132e11ab661a4288b1422293ccb9f28d2675a2,79,5.544878819062684,461.210054397583,45,40,120
old,1,j-reversible-sp-unigram-32k,kanbun,sha256:407eeb8ace2d180c36fff5d7853f672bab8adbf3a4b1c3a66554ddc3a8d14f6b,60,4.607442176942579,268.2653865814209,27,28,84
old,1,j-reversible-sp-unigram-32k,kanbun,sha256:9bb8ba0d8cf2ad6f8497915f809b3e2670e27464e6d8aeee94804444c0d21c55,37,5.277942142177267,307.30482006073,32,28,84
old,1,j-reversible-sp-unigram-32k,kanbun,sha256:6e1cd63b15f93f8ceabc67586351fb8825b5605482df3f7b4c47790860960bd7,21,4.897899085262326,295.3619499206543,31,29,87
old,1,j-reversible-sp-unigram-32k,kanbun,sha256:eab5a1ee862005a36aabd8128fab3ca66f14360f68d43eb46be2cfb47469b2cd,91,4.930956099499505,410.1453981399536,41,40,120
old,1,j-reversible-sp-unigram-32k,kanbun,sha256:5b1999b0cac33e1542758e3b59d9c473b5fd370a2b0e632b3b27ca873479c6c6,11,5.479699256712099,638.1039991378784,64,56,168
old,1,j-reversible-sp-unigram-32k,kanbun,sha256:fcce7557f2d919d4d0ab9666c2a16d44fa53dc0c35a78ed6945b85b1367d4146,83,5.333760300651977,443.6497097015381,46,40,120
old,1,j-reversible-sp-unigram-32k,kanbun,sha256:52d4e6ff51fc2e69153746cda5f4f5a39ff0d586927a0846b5def92686809376,22,5.711625739843935,665.1115427017212,66,56,168
old,1,j-reversible-sp-unigram-32k,kanbun,sha256:2095bc33187d6f3979e02211a3b227ce1dd28cb684fbc1a054587a1572e4e3b4,78,5.416952092492637,450.56940841674805,45,40,120
old,1,j-reversible-sp-unigram-32k,kanbun,sha256:6639bedd74374987daa82adc5ac1b2a6ab82e22bb002607b321814be456b53c0,68,5.3320035289940835,310.4525098800659,30,28,84
old,1,j-reversible-sp-unigram-32k,kanbun,sha256:a2d102ad8170a1ea7416667b7226955d7fe7d42a70e2083e50f7fac9a559fd5a,59,5.0199308756765335,876.8468351364136,90,84,252
old,1,j-reversible-sp-unigram-32k,kanbun,sha256:e66c9c522bbdb987b6e975cb5ac62c23f1a3340f2edb970afc57d26586920b73,57,4.383501159497003,255.22656345367432,26,28,84
old,1,j-reversible-sp-unigram-32k,kanbun,sha256:87bc3920a414557db574f9eaf2e17fd70735979bc5ffedf6d561fbd6bea78a45,14,5.013501757434662,583.8158941268921,58,56,168
old,1,j-reversible-sp-unigram-32k,kanbun,sha256:976c593d798c11b05704cbc42adbad4e4c52a73c3def579dad8fb18d1ac52a6d,89,4.7631228625885536,396.18542194366455,39,40,120
old,1,j-reversible-sp-unigram-32k,kanbun,sha256:d7d8f505d3d800f8b06b5904e82f03d762ec23c0c9a1869136f46caf102f2c7b,25,5.433011259154703,225.95258617401123,21,20,60
old,1,j-reversible-sp-unigram-32k,kanbun,sha256:49f02e00aefd621557e789f30a22273b497c62377cdb20a7308eb042a223a0c9,17,5.142361617644181,598.821460723877,60,56,168
old,1,j-reversible-sp-unigram-32k,kanbun,sha256:69b01b2daede497431a5d130a695d18f1235d869145fe59b5d92bd960a722364,41,4.737024667302773,275.8102445602417,27,28,84
old,1,j-reversible-sp-unigram-32k,kanbun,sha256:042ab8718b1edb4db8fa7b7b4ef51267d51b3bbfa609b7c2fb0a488b010a293d,18,5.785316907033882,673.6927852630615,67,56,168
old,1,j-reversible-sp-unigram-32k,kanbun,sha256:4cfce05a50c6c27787ce5282083e079a6b4dacc0a17d46e4c5637c4f2999408b,27,4.553681874419873,189.38230514526367,20,20,60
old,1,j-reversible-sp-unigram-32k,kanbun,sha256:c6fedba6d584e75c829082a67d2ee059e215a162bc29488af48dadcb3b48695a,9,5.683681736662945,661.8574991226196,66,56,168
old,1,j-reversible-sp-unigram-32k,kanbun,sha256:8952801954f78ca62cdeb76b00e9976739ee20e4a31fb68734b7fef676634790,87,5.433873236200827,451.9768695831299,44,40,120
old,1,j-reversible-sp-unigram-32k,kanbun,sha256:dd88113ccc60b7699d2c9347a398c5a7acd779379d3a65044cdfec0f7a53ca47,85,5.50373058251704,457.7874402999878,45,40,120
old,1,j-reversible-sp-unigram-32k,kanbun,sha256:91a9fc3f3bf6f759c805d8991ec615e476b531e2d18733983b45d55fa3050bdc,82,4.657536177883142,387.40296840667725,40,40,120
old,1,j-reversible-sp-unigram-32k,kanbun,sha256:1bdc76492ee87575f06f81fed47e66616f04a17174f37cb9e9b56f2e51f6058a,29,5.506484747084487,229.00826263427734,22,20,60
old,1,j-reversible-sp-unigram-32k,kanbun,sha256:d4b6bdac65f25e1d06547ce88e4c9810c1c705b41cc1bc9e1d075549ba3cd696,42,4.575736945945819,266.4193696975708,26,28,84
old,1,j-reversible-sp-unigram-32k,kanbun,sha256:92962b2becc7cee570967487d785019a13b9cb591d3f50b25b2afcd1fe53f2c2,46,6.184843562739942,360.1085777282715,36,28,84
old,1,j-reversible-sp-unigram-32k,kanbun,sha256:be5128326818907c64a0de0aa20944748f8f995f9f475c0d205f6616c4437bb7,39,5.092639041901931,296.5156650543213,29,28,84
old,1,j-reversible-sp-unigram-32k,kanbun,sha256:384a2829117df294f918e0e3292aaeb2ceb26f82fe95b69531292e41d596fcdb,80,6.179040078617566,513.9581050872803,50,40,120
old,1,j-reversible-sp-unigram-32k,kanbun,sha256:e62e8d1b5a1be2dbb714cc0f0b0d8503d6a659c6737858eeb90e06ab78241761,71,4.692736514017586,273.2315950393677,27,28,84
old,1,j-reversible-sp-unigram-32k,kanbun,sha256:c3b29a274f6ee071fbe02e89e38bae7e2a961492db2382eb5f98bacb15565fab,20,5.550851165579256,646.3895483016968,65,56,168
old,1,j-reversible-sp-unigram-32k,kanbun,sha256:66be6d209047c20bf16ed7e709147176ce8d974b4814dc9bb1808e1b9003a4c3,86,5.001104428995467,415.9801721572876,40,40,120
old,1,j-reversible-sp-unigram-32k,kanbun,sha256:f7436097f1cf75a3137b5e899d5dc6e5b933a514de2be41598bc747649b46bd8,1,5.292207950738846,440.1934823989868,44,40,120
old,1,j-reversible-sp-unigram-32k,kanbun,sha256:9beed968afd17741e87149d0ebe3868b9aad034dcf2a2aa1dce8f8b630cc0bd1,26,4.960261817085917,206.29148960113525,20,20,60
old,1,j-reversible-sp-unigram-32k,kanbun,sha256:54246f8567838836aa8f2dfa6cd0fa1a0615aa5a61094e0e6d22bd4e010af3b5,65,5.163927242925072,300.6663751602173,30,28,84
old,1,j-reversible-sp-unigram-32k,kanbun,sha256:6de762fbae5cdea909bda4906ad245f5cc75f692374795ca0623fcce53a55e9d,19,5.0571784304995315,588.9019870758057,59,56,168
old,1,j-reversible-sp-unigram-32k,kanbun,sha256:cc8beb8808cee6f397a4c7e5703b64ad374667e09e452594277ad614a4113104,13,5.547302573837153,645.9763193130493,64,56,168
old,1,j-reversible-sp-unigram-32k,kanbun,sha256:ec1d71629897d032d200bc0c57750145d04d86acc0a6396c648a042829924aea,31,4.975151387067015,206.91072940826416,20,20,60
old,1,j-reversible-sp-unigram-32k,kanbun,sha256:964bfe91c38434748812e8b8b16787e3c98616914e921f9b879582ebbc22b7f4,67,6.441656721658031,375.0613603591919,37,28,84
old,1,j-reversible-sp-unigram-32k,kanbun,sha256:ca92af2a8bc61ae0ed038296541d8177d788bfd267f5857643ae688a5962e783,40,4.828616976293776,281.1431484222412,28,28,84
old,1,j-reversible-sp-unigram-32k,kanbun,sha256:22f44fef0442f74ec7e3a8019f0d5b5863c7412ab19972f024585da8f6ae00e5,58,5.4614449280633695,317.9891529083252,32,28,84
old,1,j-reversible-sp-unigram-32k,kanbun,sha256:0bf633a5dc9bf7ac673d3599d8596c43ba77d4ea94b9469cf17de002f895f6c3,56,4.3889132078301545,255.54167652130127,26,28,84
old,1,j-reversible-sp-unigram-32k,kanbun,sha256:0229116fc57ac9d156b7b050ed0b3d8d32973da148d5caedf78e34865dfcf6bc,32,4.625879388666375,192.38491535186768,20,20,60
old,1,j-reversible-sp-unigram-32k,kanbun,sha256:75b04a7e467914ade7b81a7dbd0567f092dc7b294240cdc0a911449fa2eed8e3,48,5.123171302081906,298.2933864593506,30,28,84
old,1,j-reversible-sp-unigram-32k,kanbun,sha256:1c8795c587d422f9e6badec1be2c0f203662c336e9dc16e7d9da62094f60dd54,61,5.771687560401106,336.0528326034546,33,28,84
old,1,j-reversible-sp-unigram-32k,kanbun,sha256:f1f6ff8fc59c4bdf2a0c7d89a59ce1297591ca2585ddd9a740f565903454591c,33,5.139564278879647,213.74846935272217,20,20,60
old,1,j-reversible-sp-unigram-32k,kanbun,sha256:e4769a914ff8c9e3d6cad934898bf6a90ebb6992033d1756a9abab376ae5d9fd,63,5.491849888323106,319.7594623565674,32,28,84
old,1,j-reversible-sp-unigram-32k,kanbun,sha256:4c02892fa00fda9a82e65f5f9943d005b963874eb0a1bb42580237d0229d800a,8,5.055552006949622,588.712592124939,60,56,168
old,1,j-reversible-sp-unigram-32k,kanbun,sha256:5b6327eb9c50ed53f3079584bad4f486ca82a0efb5c51fd0b607d68fa979d8fd,54,4.580356088741292,266.68831634521484,27,28,84
old,1,j-reversible-sp-unigram-32k,kanbun,sha256:db3fdb4a7c74e76b8850dd288bfabc473e0bbcecc4a5f6ae7a46e3aef4ef15bc,69,4.997990502929295,291.0048141479492,30,28,84
old,1,j-reversible-sp-unigram-32k,kanbun,sha256:0652e84601f21465239e3cdb72e18127be0ad1cae7ca187fe484a43b8404129e,51,4.867655711316327,283.4161539077759,29,28,84
old,1,j-reversible-sp-unigram-32k,kanbun,sha256:d1fcfa5db59009b0b864474ef4c1f16d10583bf1f85e0ba3a65738d29fffb1dd,64,4.5158663291481576,262.9334411621094,28,28,84
old,1,j-reversible-sp-unigram-32k,kanbun,sha256:d9bd1ab196ffa5be4cb918b3dffaae457e91718ad1514009a13c97be076315e9,75,5.039003631542351,293.39277744293213,30,28,84
old,1,j-reversible-sp-unigram-32k,kanbun,sha256:dc38293856bd4b3fbbfb17a2ea3a3ed005b1cc8e602170025665fb5769f1bad3,35,4.312123458702353,179.33617305755615,19,20,60
old,1,j-reversible-sp-unigram-32k,kanbun,sha256:f60ea7caa4cf25c42fa6d8ac30814d7c61d6959f972e21f71f7a4d57c45b2bb4,43,5.445791099940437,317.0777187347412,31,28,84
old,1,j-reversible-sp-unigram-32k,kanbun,sha256:7beffd8ab6e37ff02e514b4f5e7e27b31ab567e82347b63efb2870cfd85d2120,70,5.9756572644978885,347.9288387298584,34,28,84
old,1,j-reversible-sp-unigram-32k,kanbun,sha256:ebfa9bb78878b7b86200084062c20b9a4ece85921e41296ea467c09d9a15c1b1,72,4.443351875445065,258.7113332748413,26,28,84
old,1,j-reversible-sp-unigram-32k,kanbun,sha256:1db2d79ff29ec9c8f61636a1207403fe5c301755545cc3920d27ccf8c94c9442,47,4.537425468226216,264.1887083053589,27,28,84
old,1,j-reversible-sp-unigram-32k,kanbun,sha256:e1462673503c6f46a9b178f0c5bed3bd7182b2b5ed046517d8691e7372bc1ee1,77,4.716409270736849,274.6099262237549,28,28,84
old,1,j-reversible-sp-unigram-32k,kakikudashi,sha256:f7436097f1cf75a3137b5e899d5dc6e5b933a514de2be41598bc747649b46bd8,1,3.806651059862547,585.7624177932739,63,74,222
old,1,j-reversible-sp-unigram-32k,kakikudashi,sha256:cc8beb8808cee6f397a4c7e5703b64ad374667e09e452594277ad614a4113104,13,3.9551862196311727,838.9070100784302,93,102,306
old,1,j-reversible-sp-unigram-32k,kakikudashi,sha256:e66c9c522bbdb987b6e975cb5ac62c23f1a3340f2edb970afc57d26586920b73,57,3.2408943996778845,316.74477100372314,35,47,141
old,1,j-reversible-sp-unigram-32k,kakikudashi,sha256:ebfa9bb78878b7b86200084062c20b9a4ece85921e41296ea467c09d9a15c1b1,72,4.147783642318073,276.0023555755615,29,32,96
old,1,j-reversible-sp-unigram-32k,kakikudashi,sha256:d849179ec7b142b2d9eb33ad8eb59461b6c686a0ca5659c9b6ec0c8b0dc73cf1,3,4.127122654488106,746.6435956954956,79,87,261
old,1,j-reversible-sp-unigram-32k,kakikudashi,sha256:66be6d209047c20bf16ed7e709147176ce8d974b4814dc9bb1808e1b9003a4c3,86,3.9256830483413183,497.9569330215454,51,61,183
old,1,j-reversible-sp-unigram-32k,kakikudashi,sha256:fa6cc111cd2ef421711faa1460ebc8ce838fdf13293855c223b6e74434edff05,66,3.6446464893685713,3304.369581222534,361,436,1308
old,1,j-reversible-sp-unigram-32k,kakikudashi,sha256:aacc5122dd14a93c28b61f0916e1aff1d20f56bd5d6a0cd4fd2b767b82852a03,0,4.200149928296506,1537.1780586242676,168,176,528
old,1,j-reversible-sp-unigram-32k,kakikudashi,sha256:ebaf0a12c2adc7099504c6b86bc708e24aceb7691b4ff10637999dc94e4f54eb,10,4.989416226330101,954.5183420181274,103,92,276
old,1,j-reversible-sp-unigram-32k,kakikudashi,sha256:c6fedba6d584e75c829082a67d2ee059e215a162bc29488af48dadcb3b48695a,9,4.310821983640066,788.8410034179688,88,88,264
old,1,j-reversible-sp-unigram-32k,kakikudashi,sha256:37e41b45f0a4183f9f226c73d0b4017a78425c8da65bcfe34480e6f688ded206,7,4.117539097511905,6361.701113700867,682,743,2229
old,1,j-reversible-sp-unigram-32k,kakikudashi,sha256:c3b29a274f6ee071fbe02e89e38bae7e2a961492db2382eb5f98bacb15565fab,20,4.222511175728737,728.7786073684692,77,83,249
old,1,j-reversible-sp-unigram-32k,kakikudashi,sha256:91a9fc3f3bf6f759c805d8991ec615e476b531e2d18733983b45d55fa3050bdc,82,3.7286492590925415,457.45698165893555,51,59,177
old,1,j-reversible-sp-unigram-32k,kakikudashi,sha256:1db2d79ff29ec9c8f61636a1207403fe5c301755545cc3920d27ccf8c94c9442,47,3.2273864401251413,322.1357488632202,38,48,144
old,1,j-reversible-sp-unigram-32k,kakikudashi,sha256:993cf16ce411260e37f115ed6283350dd03253978bb9dafabd3b6ef85c86612d,6,3.8188619671556543,1421.4569387435913,156,179,537
old,1,j-reversible-sp-unigram-32k,kakikudashi,sha256:a2d102ad8170a1ea7416667b7226955d7fe7d42a70e2083e50f7fac9a559fd5a,59,3.7385457388690093,1103.9203987121582,117,142,426
old,1,j-reversible-sp-unigram-32k,kakikudashi,sha256:6de762fbae5cdea909bda4906ad245f5cc75f692374795ca0623fcce53a55e9d,19,3.589514658530901,709.0976600646973,78,95,285
old,1,j-reversible-sp-unigram-32k,kakikudashi,sha256:7beffd8ab6e37ff02e514b4f5e7e27b31ab567e82347b63efb2870cfd85d2120,70,4.110807834937215,435.9574136734009,45,51,153
old,1,j-reversible-sp-unigram-32k,kakikudashi,sha256:17672397b016991e757a866468203dc56a37ad82f5134adf2459846a3cedb669,4,4.342940142175303,1291.417290687561,137,143,429
old,1,j-reversible-sp-unigram-32k,kakikudashi,sha256:69b01b2daede497431a5d130a695d18f1235d869145fe59b5d92bd960a722364,41,3.2630068988719687,332.47637271881104,36,49,147
old,1,j-reversible-sp-unigram-32k,kakikudashi,sha256:f210cb062afab635a3aebbe9d65a845191038025db1ba590476a534d9e4b65af,36,3.7647289032309827,1338.6792583465576,143,171,513
old,1,j-reversible-sp-unigram-32k,kakikudashi,sha256:0652e84601f21465239e3cdb72e18127be0ad1cae7ca187fe484a43b8404129e,51,3.038303567741469,309.5807580947876,33,49,147
old,1,j-reversible-sp-unigram-32k,kakikudashi,sha256:9100a9d34da88fd774602b05c6ee90111876201854176c82b281df6d57a5a5bf,2,3.6063292409840195,854.9031953811646,91,114,342
old,1,j-reversible-sp-unigram-32k,kakikudashi,sha256:1f9f63a99ef6cbc57d5c80bdef37a7265023289a48ee5d0655f048f73ba0e5bb,62,3.291377896366701,335.3671684265137,35,49,147
old,1,j-reversible-sp-unigram-32k,kakikudashi,sha256:1b09cd49c628a7def77bd0e04ec449903aa253b56b2f66ab838006a24eaf02f1,23,3.9635515815098925,239.017240524292,27,29,87
old,1,j-reversible-sp-unigram-32k,kakikudashi,sha256:1d462ae5e9da2fcffab98988325fe94a152555eadb42c0f9483fa915caa8b4de,5,3.802054220568913,1249.1716194152832,134,158,474
old,1,j-reversible-sp-unigram-32k,kakikudashi,sha256:49f02e00aefd621557e789f30a22273b497c62377cdb20a7308eb042a223a0c9,17,3.8787155622587584,758.1628532409668,84,94,282
old,1,j-reversible-sp-unigram-32k,kakikudashi,sha256:7f1acba73dbb590f2059350b81b6452ea01874038280fd90c87628f586c00cfd,15,3.9166292626978225,741.1405448913574,79,91,273
old,1,j-reversible-sp-unigram-32k,kakikudashi,sha256:384a2829117df294f918e0e3292aaeb2ceb26f82fe95b69531292e41d596fcdb,80,4.414492295403663,624.2181491851807,64,68,204
old,1,j-reversible-sp-unigram-32k,kakikudashi,sha256:05554bc9b8e804ebbb02cfc07924513e935f5384702576a7b045942bcc776571,84,4.23319859974375,554.569408416748,61,63,189
old,1,j-reversible-sp-unigram-32k,kakikudashi,sha256:71345211ec3ba323c2f3fea96d80860d327b842b3d46c17c4ab28e9c8f26ef4b,90,3.7410137383242383,412.29862689971924,43,53,159
old,1,j-reversible-sp-unigram-32k,kakikudashi,sha256:c391898daeab8372fb8199bbd41e708d8b04b33d1984080480949e3511a584bd,16,4.0895986633238754,688.8305892944336,74,81,243
old,1,j-reversible-sp-unigram-32k,kakikudashi,sha256:dc38293856bd4b3fbbfb17a2ea3a3ed005b1cc8e602170025665fb5769f1bad3,35,3.3426070292109755,250.2272129058838,27,36,108
old,1,j-reversible-sp-unigram-32k,kakikudashi,sha256:5b1999b0cac33e1542758e3b59d9c473b5fd370a2b0e632b3b27ca873479c6c6,11,3.6694011889267713,877.4851055145264,99,115,345
old,1,j-reversible-sp-unigram-32k,kakikudashi,sha256:db3fdb4a7c74e76b8850dd288bfabc473e0bbcecc4a5f6ae7a46e3aef4ef15bc,69,3.1860008633028642,351.1304349899292,39,53,159
old,1,j-reversible-sp-unigram-32k,kakikudashi,sha256:4407f3d844541f2fb9d8b6d645132e11ab661a4288b1422293ccb9f28d2675a2,79,3.9099167053651978,617.9136848449707,69,76,228
old,1,j-reversible-sp-unigram-32k,kakikudashi,sha256:0bf633a5dc9bf7ac673d3599d8596c43ba77d4ea94b9469cf17de002f895f6c3,56,3.0959931906903697,347.6485900878906,39,54,162
old,1,j-reversible-sp-unigram-32k,kakikudashi,sha256:955384079b4cf87e3e9c30e0ba87152d4db31178c42f5276179131094cdc11c5,34,3.7609546993515823,289.3653612136841,30,37,111
old,1,j-reversible-sp-unigram-32k,kakikudashi,sha256:4cfce05a50c6c27787ce5282083e079a6b4dacc0a17d46e4c5637c4f2999408b,27,3.222281163798054,214.41744995117188,23,32,96
old,1,j-reversible-sp-unigram-32k,kakikudashi,sha256:d4b6bdac65f25e1d06547ce88e4c9810c1c705b41cc1bc9e1d075549ba3cd696,42,3.6274000783565357,316.8045892715454,32,42,126
old,1,j-reversible-sp-unigram-32k,kakikudashi,sha256:8952801954f78ca62cdeb76b00e9976739ee20e4a31fb68734b7fef676634790,87,3.9020304837546846,567.983099937439,63,70,210
old,1,j-reversible-sp-unigram-32k,kakikudashi,sha256:ad956be81d174cb25b3d89f0f335c67b00d3da32c475addd0b99e374b8175da2,45,3.5220890256048607,439.43869400024414,48,60,180
old,1,j-reversible-sp-unigram-32k,kakikudashi,sha256:e1462673503c6f46a9b178f0c5bed3bd7182b2b5ed046517d8691e7372bc1ee1,77,3.580450665531898,357.37621688842773,39,48,144
old,1,j-reversible-sp-unigram-32k,kakikudashi,sha256:fcce7557f2d919d4d0ab9666c2a16d44fa53dc0c35a78ed6945b85b1367d4146,83,4.148348606250795,534.8274021148682,57,62,186
old,1,j-reversible-sp-unigram-32k,kakikudashi,sha256:407eeb8ace2d180c36fff5d7853f672bab8adbf3a4b1c3a66554ddc3a8d14f6b,60,3.4896432464858935,362.8254566192627,40,50,150
old,1,j-reversible-sp-unigram-32k,kakikudashi,sha256:c2c3ee696b5b493e537c49dadd14b04b067ebe32fa96f36b078c1d6c5be6f756,28,3.61534788522333,1729.1180534362793,186,230,690
old,1,j-reversible-sp-unigram-32k,kakikudashi,sha256:2095bc33187d6f3979e02211a3b227ce1dd28cb684fbc1a054587a1572e4e3b4,78,4.146076870289646,594.8851890563965,63,69,207
old,1,j-reversible-sp-unigram-32k,kakikudashi,sha256:f1f6ff8fc59c4bdf2a0c7d89a59ce1297591ca2585ddd9a740f565903454591c,33,3.3665090464856027,301.01972675323486,32,43,129
old,1,j-reversible-sp-unigram-32k,kakikudashi,sha256:eab5a1ee862005a36aabd8128fab3ca66f14360f68d43eb46be2cfb47469b2cd,91,3.7119118075027844,517.1531419754028,57,67,201
old,1,j-reversible-sp-unigram-32k,kakikudashi,sha256:7edc75ccf8b006bfee320f69fd21cb73bbf58dfcd8e465869abdf29c33953c86,24,3.7389945268602496,264.35069847106934,28,34,102
old,1,j-reversible-sp-unigram-32k,kakikudashi,sha256:e4769a914ff8c9e3d6cad934898bf6a90ebb6992033d1756a9abab376ae5d9fd,63,4.2512001983401015,353.6048917770386,37,40,120
old,1,j-reversible-sp-unigram-32k,kakikudashi,sha256:75b04a7e467914ade7b81a7dbd0567f092dc7b294240cdc0a911449fa2eed8e3,48,3.651668192605068,425.23211002349854,47,56,168
old,1,j-reversible-sp-unigram-32k,kakikudashi,sha256:9bb8ba0d8cf2ad6f8497915f809b3e2670e27464e6d8aeee94804444c0d21c55,37,3.8512551972927134,376.3976221084595,42,47,141
old,1,j-reversible-sp-unigram-32k,kakikudashi,sha256:d424c3774ec17385aaab9fa7645d5796a51c6f7ff14faacd6656efa2788d52f8,81,3.8497695556762856,496.3329858779907,55,62,186
old,1,j-reversible-sp-unigram-32k,kakikudashi,sha256:d9bd1ab196ffa5be4cb918b3dffaae457e91718ad1514009a13c97be076315e9,75,3.803653932995624,348.0169439315796,37,44,132
old,1,j-reversible-sp-unigram-32k,kakikudashi,sha256:22f44fef0442f74ec7e3a8019f0d5b5863c7412ab19972f024585da8f6ae00e5,58,3.8504112997822517,408.341965675354,44,51,153
old,1,j-reversible-sp-unigram-32k,kakikudashi,sha256:042ab8718b1edb4db8fa7b7b4ef51267d51b3bbfa609b7c2fb0a488b010a293d,18,4.116523645740621,821.7667465209961,90,96,288
old,1,j-reversible-sp-unigram-32k,kakikudashi,sha256:58f733bc6cbd287eb76188c05268a0fe9ff300e1bef90bcaacdecc02dfadb6db,55,3.7526769470992347,366.7631998062134,40,47,141
old,1,j-reversible-sp-unigram-32k,kakikudashi,sha256:54246f8567838836aa8f2dfa6cd0fa1a0615aa5a61094e0e6d22bd4e010af3b5,65,3.513528655658123,365.3088722229004,38,50,150
old,1,j-reversible-sp-unigram-32k,kakikudashi,sha256:8215e571653d767b252e7ae8725974a13373db12bf182977ca33c96ba5ee6b80,92,4.479441947717436,558.8842601776123,57,60,180
old,1,j-reversible-sp-unigram-32k,kakikudashi,sha256:dd88113ccc60b7699d2c9347a398c5a7acd779379d3a65044cdfec0f7a53ca47,85,4.304061834157648,545.9527435302734,57,61,183
old,1,j-reversible-sp-unigram-32k,kakikudashi,sha256:1c8795c587d422f9e6badec1be2c0f203662c336e9dc16e7d9da62094f60dd54,61,4.007261220968519,391.6446762084961,40,47,141
old,1,j-reversible-sp-unigram-32k,kakikudashi,sha256:ec1d71629897d032d200bc0c57750145d04d86acc0a6396c648a042829924aea,31,4.2023140598532,253.41552639007568,26,29,87
old,1,j-reversible-sp-unigram-32k,kakikudashi,sha256:92962b2becc7cee570967487d785019a13b9cb591d3f50b25b2afcd1fe53f2c2,46,4.263692466534558,416.7066640853882,45,47,141
old,1,j-reversible-sp-unigram-32k,kakikudashi,sha256:e65a9c5fd6e9d20ea1287742a598a788ad345da529eb986561206ed8b6525930,52,3.88582672847832,347.45502948760986,37,43,129
old,1,j-reversible-sp-unigram-32k,kakikudashi,sha256:b004000bb7c65a514d4447f566f6d669a14b0e75e76ad73b89ec148382406328,88,3.774755197983365,549.4567937850952,60,70,210
old,1,j-reversible-sp-unigram-32k,kakikudashi,sha256:ca92af2a8bc61ae0ed038296541d8177d788bfd267f5857643ae688a5962e783,40,3.3761461624264975,351.02492904663086,38,50,150
old,1,j-reversible-sp-unigram-32k,kakikudashi,sha256:964bfe91c38434748812e8b8b16787e3c98616914e921f9b879582ebbc22b7f4,67,3.9759641299445376,512.602668762207,57,62,186
old,1,j-reversible-sp-unigram-32k,kakikudashi,sha256:88362c9b02b3036094ebff13f879919608f9de1d43cb3e7077cbc826a69b3f8e,44,3.166867926543604,671.7023057937622,74,102,306
old,1,j-reversible-sp-unigram-32k,kakikudashi,sha256:5b6327eb9c50ed53f3079584bad4f486ca82a0efb5c51fd0b607d68fa979d8fd,54,3.3699268767166277,378.40856075286865,44,54,162
old,1,j-reversible-sp-unigram-32k,kakikudashi,sha256:5838bb07b453e8326ecde9bed1a68e120ebd0c10351d5b4f0cca67cda9f64860,53,3.9152339837734025,358.22600841522217,38,44,132
old,1,j-reversible-sp-unigram-32k,kakikudashi,sha256:cb2a8a3119275310a787147d26d5a1124462b3c321e829061f03ab4ac6121b90,73,3.4390514888255965,343.262713432312,38,48,144
old,1,j-reversible-sp-unigram-32k,kakikudashi,sha256:87bc3920a414557db574f9eaf2e17fd70735979bc5ffedf6d561fbd6bea78a45,14,3.6924712764928507,790.8626508712769,85,103,309
old,1,j-reversible-sp-unigram-32k,kakikudashi,sha256:215977ec34040a8aadcca9036a7b8f0a836dce0d3aec6016d2715e724ae2d6a7,76,3.4470753298470096,351.2315902709961,37,49,147
old,1,j-reversible-sp-unigram-32k,kakikudashi,sha256:be5128326818907c64a0de0aa20944748f8f995f9f475c0d205f6616c4437bb7,39,4.009089982020044,366.81340312957764,40,44,132
old,1,j-reversible-sp-unigram-32k,kakikudashi,sha256:976c593d798c11b05704cbc42adbad4e4c52a73c3def579dad8fb18d1ac52a6d,89,3.1228956594671926,577.9552278518677,65,89,267
old,1,j-reversible-sp-unigram-32k,kakikudashi,sha256:b81eee34499968e2ce987a320a443a984cbb6eb55e24690490b083ecfa2d6c5e,30,3.084328568220931,237.30619525909424,26,37,111
old,1,j-reversible-sp-unigram-32k,kakikudashi,sha256:4c02892fa00fda9a82e65f5f9943d005b963874eb0a1bb42580237d0229d800a,8,3.473602455075637,794.546856880188,93,110,330
old,1,j-reversible-sp-unigram-32k,kakikudashi,sha256:535ff6b269a808c5e5d4784d77e49613744c3d107298fd16704eb1d0ae3dc8b7,74,3.5926246443703573,306.2967700958252,33,41,123
old,1,j-reversible-sp-unigram-32k,kakikudashi,sha256:0229116fc57ac9d156b7b050ed0b3d8d32973da148d5caedf78e34865dfcf6bc,32,3.7143989931640373,239.44014263153076,27,31,93
old,1,j-reversible-sp-unigram-32k,kakikudashi,sha256:f60ea7caa4cf25c42fa6d8ac30814d7c61d6959f972e21f71f7a4d57c45b2bb4,43,3.8532140701314486,384.6016035079956,40,48,144
old,1,j-reversible-sp-unigram-32k,kakikudashi,sha256:52d4e6ff51fc2e69153746cda5f4f5a39ff0d586927a0846b5def92686809376,22,4.249954649951237,777.7028379440308,82,88,264
old,1,j-reversible-sp-unigram-32k,kakikudashi,sha256:86c9c4dca0127039f1ae50c558904b59fbd4edc03012923694b9ff7998751210,12,3.054546413533858,349.3462886810303,40,55,165
old,1,j-reversible-sp-unigram-32k,kakikudashi,sha256:9beed968afd17741e87149d0ebe3868b9aad034dcf2a2aa1dce8f8b630cc0bd1,26,3.189350212448595,265.2826929092407,27,40,120
old,1,j-reversible-sp-unigram-32k,kakikudashi,sha256:e62e8d1b5a1be2dbb714cc0f0b0d8503d6a659c6737858eeb90e06ab78241761,71,3.482333332583253,362.0654296875,38,50,150
old,1,j-reversible-sp-unigram-32k,kakikudashi,sha256:17081afb209552d4294e87f5efd6594d01eeeb792541c4332b4a0cfff4becfda,50,4.043077881414156,403.55251693725586,43,48,144
old,1,j-reversible-sp-unigram-32k,kakikudashi,sha256:6639bedd74374987daa82adc5ac1b2a6ab82e22bb002607b321814be456b53c0,68,3.7722412057586734,400.051908493042,44,51,153
old,1,j-reversible-sp-unigram-32k,kakikudashi,sha256:31894b65cce53b847f0bbdf4266379e21c8e28ba6e740f0ebea69fdc4f808e6c,49,3.4312293174401036,313.9417943954468,35,44,132
old,1,j-reversible-sp-unigram-32k,kakikudashi,sha256:1bdc76492ee87575f06f81fed47e66616f04a17174f37cb9e9b56f2e51f6058a,29,3.841483448817623,287.5730495452881,32,36,108
old,1,j-reversible-sp-unigram-32k,kakikudashi,sha256:6e1cd63b15f93f8ceabc67586351fb8825b5605482df3f7b4c47790860960bd7,21,3.4469041458282264,415.72286891937256,46,58,174
old,1,j-reversible-sp-unigram-32k,kakikudashi,sha256:d1fcfa5db59009b0b864474ef4c1f16d10583bf1f85e0ba3a65738d29fffb1dd,64,3.8125644631794393,309.1921920776367,35,39,117
old,1,j-reversible-sp-unigram-32k,kakikudashi,sha256:d7d8f505d3d800f8b06b5904e82f03d762ec23c0c9a1869136f46caf102f2c7b,25,3.8259602121164398,294.36684226989746,32,37,111
old,1,j-reversible-sp-unigram-32k,kakikudashi,sha256:f9e6b50f8fab92d523315a94e9ac2b6a97d4de417458d64ce2b8d3b137f12b75,38,3.456999619064927,366.62005949020386,42,51,153
old,1,j-reversible-sp-unigram-48k,kanbun,sha256:aacc5122dd14a93c28b61f0916e1aff1d20f56bd5d6a0cd4fd2b767b82852a03,0,5.767072809223571,1199.2290773391724,115,100,300
old,1,j-reversible-sp-unigram-48k,kanbun,sha256:37e41b45f0a4183f9f226c73d0b4017a78425c8da65bcfe34480e6f688ded206,7,5.489496144361769,5433.581090927124,527,476,1428
old,1,j-reversible-sp-unigram-48k,kanbun,sha256:993cf16ce411260e37f115ed6283350dd03253978bb9dafabd3b6ef85c86612d,6,5.476102837741342,1138.723572731018,109,100,300
old,1,j-reversible-sp-unigram-48k,kanbun,sha256:d424c3774ec17385aaab9fa7645d5796a51c6f7ff14faacd6656efa2788d52f8,81,4.949083208486566,411.6531686782837,40,40,120
old,1,j-reversible-sp-unigram-48k,kanbun,sha256:9100a9d34da88fd774602b05c6ee90111876201854176c82b281df6d57a5a5bf,2,5.2780052985744765,658.5182085037231,63,60,180
old,1,j-reversible-sp-unigram-48k,kanbun,sha256:7edc75ccf8b006bfee320f69fd21cb73bbf58dfcd8e465869abdf29c33953c86,24,5.5068595316772475,229.0238494873047,23,20,60
old,1,j-reversible-sp-unigram-48k,kanbun,sha256:88362c9b02b3036094ebff13f879919608f9de1d43cb3e7077cbc826a69b3f8e,44,4.454013931695655,518.664249420166,51,56,168
old,1,j-reversible-sp-unigram-48k,kanbun,sha256:c2c3ee696b5b493e537c49dadd14b04b067ebe32fa96f36b078c1d6c5be6f756,28,5.113326756717563,1339.740873336792,131,126,378
old,1,j-reversible-sp-unigram-48k,kanbun,sha256:71345211ec3ba323c2f3fea96d80860d327b842b3d46c17c4ab28e9c8f26ef4b,90,5.001703757959031,312.02251720428467,29,30,90
old,1,j-reversible-sp-unigram-48k,kanbun,sha256:1b09cd49c628a7def77bd0e04ec449903aa253b56b2f66ab838006a24eaf02f1,23,4.69032543845931,195.0651512145996,19,20,60
old,1,j-reversible-sp-unigram-48k,kanbun,sha256:f9e6b50f8fab92d523315a94e9ac2b6a97d4de417458d64ce2b8d3b137f12b75,38,4.567590193291648,265.94503021240234,25,28,84
old,1,j-reversible-sp-unigram-48k,kanbun,sha256:955384079b4cf87e3e9c30e0ba87152d4db31178c42f5276179131094cdc11c5,34,5.894361393021041,245.13959884643555,24,20,60
old,1,j-reversible-sp-unigram-48k,kanbun,sha256:d849179ec7b142b2d9eb33ad8eb59461b6c686a0ca5659c9b6ec0c8b0dc73cf1,3,5.011711871745793,625.2937116622925,62,60,180
old,1,j-reversible-sp-unigram-48k,kanbun,sha256:8215e571653d767b252e7ae8725974a13373db12bf182977ca33c96ba5ee6b80,92,5.916809508783479,492.1463794708252,47,40,120
old,1,j-reversible-sp-unigram-48k,kanbun,sha256:f210cb062afab635a3aebbe9d65a845191038025db1ba590476a534d9e4b65af,36,5.431108572584751,1118.0736055374146,109,99,297
old,1,j-reversible-sp-unigram-48k,kanbun,sha256:5838bb07b453e8326ecde9bed1a68e120ebd0c10351d5b4f0cca67cda9f64860,53,4.905621978907398,285.6267156600952,28,28,84
old,1,j-reversible-sp-unigram-48k,kanbun,sha256:17672397b016991e757a866468203dc56a37ad82f5134adf2459846a3cedb669,4,6.510194501602759,1083.0055112838745,105,80,240
old,1,j-reversible-sp-unigram-48k,kanbun,sha256:e65a9c5fd6e9d20ea1287742a598a788ad345da529eb986561206ed8b6525930,52,5.139779306331127,299.2603769302368,29,28,84
old,1,j-reversible-sp-unigram-48k,kanbun,sha256:b81eee34499968e2ce987a320a443a984cbb6eb55e24690490b083ecfa2d6c5e,30,4.418466064485857,183.75883769989014,18,20,60
old,1,j-reversible-sp-unigram-48k,kanbun,sha256:1f9f63a99ef6cbc57d5c80bdef37a7265023289a48ee5d0655f048f73ba0e5bb,62,4.763048263066328,277.3254518508911,26,28,84
old,1,j-reversible-sp-unigram-48k,kanbun,sha256:b004000bb7c65a514d4447f566f6d669a14b0e75e76ad73b89ec148382406328,88,5.092172579090751,423.5550079345703,41,40,120
old,1,j-reversible-sp-unigram-48k,kanbun,sha256:31894b65cce53b847f0bbdf4266379e21c8e28ba6e740f0ebea69fdc4f808e6c,49,4.418941722636103,257.2900676727295,26,28,84
old,1,j-reversible-sp-unigram-48k,kanbun,sha256:fa6cc111cd2ef421711faa1460ebc8ce838fdf13293855c223b6e74434edff05,66,5.093399996884917,2669.039740562439,266,252,756
old,1,j-reversible-sp-unigram-48k,kanbun,sha256:535ff6b269a808c5e5d4784d77e49613744c3d107298fd16704eb1d0ae3dc8b7,74,4.493017664153929,261.6030921936035,27,28,84
old,1,j-reversible-sp-unigram-48k,kanbun,sha256:58f733bc6cbd287eb76188c05268a0fe9ff300e1bef90bcaacdecc02dfadb6db,55,5.405127620246235,314.7101135253906,30,28,84
old,1,j-reversible-sp-unigram-48k,kanbun,sha256:215977ec34040a8aadcca9036a7b8f0a836dce0d3aec6016d2715e724ae2d6a7,76,5.5642648213989006,323.97577571868896,31,28,84
old,1,j-reversible-sp-unigram-48k,kanbun,sha256:ebaf0a12c2adc7099504c6b86bc708e24aceb7691b4ff10637999dc94e4f54eb,10,7.01516754593834,816.9073257446289,81,56,168
old,1,j-reversible-sp-unigram-48k,kanbun,sha256:ad956be81d174cb25b3d89f0f335c67b00d3da32c475addd0b99e374b8175da2,45,5.585657088167721,325.22132682800293,31,28,84
old,1,j-reversible-sp-unigram-48k,kanbun,sha256:cb2a8a3119275310a787147d26d5a1124462b3c321e829061f03ab4ac6121b90,73,4.732745919121607,275.5611171722412,27,28,84
old,1,j-reversible-sp-unigram-48k,kanbun,sha256:c391898daeab8372fb8199bbd41e708d8b04b33d1984080480949e3511a584bd,16,5.100033558820528,593.892412185669,58,56,168
old,1,j-reversible-sp-unigram-48k,kanbun,sha256:86c9c4dca0127039f1ae50c558904b59fbd4edc03012923694b9ff7998751210,12,5.6585042054554835,329.4628038406372,33,28,84
old,1,j-reversible-sp-unigram-48k,kanbun,sha256:05554bc9b8e804ebbb02cfc07924513e935f5384702576a7b045942bcc776571,84,5.7005774990077285,474.16070652008057,46,40,120
old,1,j-reversible-sp-unigram-48k,kanbun,sha256:7f1acba73dbb590f2059350b81b6452ea01874038280fd90c87628f586c00cfd,15,5.14139066911461,598.7083950042725,57,56,168
old,1,j-reversible-sp-unigram-48k,kanbun,sha256:17081afb209552d4294e87f5efd6594d01eeeb792541c4332b4a0cfff4becfda,50,5.6270497743015815,327.6313896179199,33,28,84
old,1,j-reversible-sp-unigram-48k,kanbun,sha256:1d462ae5e9da2fcffab98988325fe94a152555eadb42c0f9483fa915caa8b4de,5,5.794901859692104,964.0127725601196,93,80,240
old,1,j-reversible-sp-unigram-48k,kanbun,sha256:4407f3d844541f2fb9d8b6d645132e11ab661a4288b1422293ccb9f28d2675a2,79,5.6721018270219306,471.7921667098999,45,40,120
old,1,j-reversible-sp-unigram-48k,kanbun,sha256:407eeb8ace2d180c36fff5d7853f672bab8adbf3a4b1c3a66554ddc3a8d14f6b,60,4.672562310278676,272.0569648742676,27,28,84
old,1,j-reversible-sp-unigram-48k,kanbun,sha256:9bb8ba0d8cf2ad6f8497915f809b3e2670e27464e6d8aeee94804444c0d21c55,37,5.391975173314651,313.94432067871094,32,28,84
old,1,j-reversible-sp-unigram-48k,kanbun,sha256:6e1cd63b15f93f8ceabc67586351fb8825b5605482df3f7b4c47790860960bd7,21,4.930414844794045,297.32277393341064,31,29,87
old,1,j-reversible-sp-unigram-48k,kanbun,sha256:eab5a1ee862005a36aabd8128fab3ca66f14360f68d43eb46be2cfb47469b2cd,91,5.065893400728713,421.36916732788086,41,40,120
old,1,j-reversible-sp-unigram-48k,kanbun,sha256:5b1999b0cac33e1542758e3b59d9c473b5fd370a2b0e632b3b27ca873479c6c6,11,5.598687673106694,651.9600486755371,64,56,168
old,1,j-reversible-sp-unigram-48k,kanbun,sha256:fcce7557f2d919d4d0ab9666c2a16d44fa53dc0c35a78ed6945b85b1367d4146,83,5.469759331043532,454.9617910385132,46,40,120
old,1,j-reversible-sp-unigram-48k,kanbun,sha256:52d4e6ff51fc2e69153746cda5f4f5a39ff0d586927a0846b5def92686809376,22,5.770834108780674,672.0062818527222,65,56,168
old,1,j-reversible-sp-unigram-48k,kanbun,sha256:2095bc33187d6f3979e02211a3b227ce1dd28cb684fbc1a054587a1572e4e3b4,78,5.534835490872698,460.3746738433838,44,40,120
old,1,j-reversible-sp-unigram-48k,kanbun,sha256:6639bedd74374987daa82adc5ac1b2a6ab82e22bb002607b321814be456b53c0,68,5.377754239121507,313.1163158416748,30,28,84
old,1,j-reversible-sp-unigram-48k,kanbun,sha256:a2d102ad8170a1ea7416667b7226955d7fe7d42a70e2083e50f7fac9a559fd5a,59,5.019558983668167,876.7818756103516,88,84,252
old,1,j-reversible-sp-unigram-48k,kanbun,sha256:e66c9c522bbdb987b6e975cb5ac62c23f1a3340f2edb970afc57d26586920b73,57,4.446912473214128,258.91864681243896,25,28,84
old,1,j-reversible-sp-unigram-48k,kanbun,sha256:87bc3920a414557db574f9eaf2e17fd70735979bc5ffedf6d561fbd6bea78a45,14,5.138862843543278,598.4140329360962,58,56,168
old,1,j-reversible-sp-unigram-48k,kanbun,sha256:976c593d798c11b05704cbc42adbad4e4c52a73c3def579dad8fb18d1ac52a6d,89,4.822776787797847,401.14729595184326,39,40,120
old,1,j-reversible-sp-unigram-48k,kanbun,sha256:d7d8f505d3d800f8b06b5904e82f03d762ec23c0c9a1869136f46caf102f2c7b,25,5.4948738543594375,228.5253791809082,21,20,60
old,1,j-reversible-sp-unigram-48k,kanbun,sha256:49f02e00aefd621557e789f30a22273b497c62377cdb20a7308eb042a223a0c9,17,5.260650613356318,612.5960636138916,60,56,168
old,1,j-reversible-sp-unigram-48k,kanbun,sha256:69b01b2daede497431a5d130a695d18f1235d869145fe59b5d92bd960a722364,41,4.834713351784361,281.4981060028076,27,28,84
old,1,j-reversible-sp-unigram-48k,kanbun,sha256:042ab8718b1edb4db8fa7b7b4ef51267d51b3bbfa609b7c2fb0a488b010a293d,18,5.857114012910576,682.053466796875,67,56,168
old,1,j-reversible-sp-unigram-48k,kanbun,sha256:4cfce05a50c6c27787ce5282083e079a6b4dacc0a17d46e4c5637c4f2999408b,27,4.644089370360132,193.1422472000122,20,20,60
old,1,j-reversible-sp-unigram-48k,kanbun,sha256:c6fedba6d584e75c829082a67d2ee059e215a162bc29488af48dadcb3b48695a,9,5.78034719807875,673.1140689849854,66,56,168
old,1,j-reversible-sp-unigram-48k,kanbun,sha256:8952801954f78ca62cdeb76b00e9976739ee20e4a31fb68734b7fef676634790,87,5.571153697858451,463.3955373764038,44,40,120
old,1,j-reversible-sp-unigram-48k,kanbun,sha256:dd88113ccc60b7699d2c9347a398c5a7acd779379d3a65044cdfec0f7a53ca47,85,5.695107361486836,473.7057132720947,45,40,120
old,1,j-reversible-sp-unigram-48k,kanbun,sha256:91a9fc3f3bf6f759c805d8991ec615e476b531e2d18733983b45d55fa3050bdc,82,4.742977640383208,394.5097894668579,40,40,120
old,1,j-reversible-sp-unigram-48k,kanbun,sha256:1bdc76492ee87575f06f81fed47e66616f04a17174f37cb9e9b56f2e51f6058a,29,5.549015116471035,230.77705097198486,22,20,60
old,1,j-reversible-sp-unigram-48k,kanbun,sha256:d4b6bdac65f25e1d06547ce88e4c9810c1c705b41cc1bc9e1d075549ba3cd696,42,4.660496711804044,271.354453086853,26,28,84
old,1,j-reversible-sp-unigram-48k,kanbun,sha256:92962b2becc7cee570967487d785019a13b9cb591d3f50b25b2afcd1fe53f2c2,46,6.258504026931884,364.39741134643555,36,28,84
old,1,j-reversible-sp-unigram-48k,kanbun,sha256:be5128326818907c64a0de0aa20944748f8f995f9f475c0d205f6616c4437bb7,39,5.285362079769591,307.7368412017822,29,28,84
old,1,j-reversible-sp-unigram-48k,kanbun,sha256:384a2829117df294f918e0e3292aaeb2ceb26f82fe95b69531292e41d596fcdb,80,6.313000999941297,525.100661277771,50,40,120
old,1,j-reversible-sp-unigram-48k,kanbun,sha256:e62e8d1b5a1be2dbb714cc0f0b0d8503d6a659c6737858eeb90e06ab78241761,71,4.841515478556886,281.89415550231934,27,28,84
old,1,j-reversible-sp-unigram-48k,kanbun,sha256:c3b29a274f6ee071fbe02e89e38bae7e2a961492db2382eb5f98bacb15565fab,20,5.627899286700344,655.3617038726807,65,56,168
old,1,j-reversible-sp-unigram-48k,kanbun,sha256:66be6d209047c20bf16ed7e709147176ce8d974b4814dc9bb1808e1b9003a4c3,86,5.09761793964441,424.0079402923584,40,40,120
old,1,j-reversible-sp-unigram-48k,kanbun,sha256:f7436097f1cf75a3137b5e899d5dc6e5b933a514de2be41598bc747649b46bd8,1,5.432087391285288,451.8283271789551,44,40,120
old,1,j-reversible-sp-unigram-48k,kanbun,sha256:9beed968afd17741e87149d0ebe3868b9aad034dcf2a2aa1dce8f8b630cc0bd1,26,5.063953711599222,210.60391426086426,20,20,60
old,1,j-reversible-sp-unigram-48k,kanbun,sha256:54246f8567838836aa8f2dfa6cd0fa1a0615aa5a61094e0e6d22bd4e010af3b5,65,5.299423643372935,308.5555667877197,30,28,84
old,1,j-reversible-sp-unigram-48k,kanbun,sha256:6de762fbae5cdea909bda4906ad245f5cc75f692374795ca0623fcce53a55e9d,19,5.054014572137059,588.5335597991943,57,56,168
old,1,j-reversible-sp-unigram-48k,kanbun,sha256:cc8beb8808cee6f397a4c7e5703b64ad374667e09e452594277ad614a4113104,13,5.615039095620126,653.8641510009766,63,56,168
old,1,j-reversible-sp-unigram-48k,kanbun,sha256:ec1d71629897d032d200bc0c57750145d04d86acc0a6396c648a042829924aea,31,5.113205185912508,212.65222549438477,20,20,60
old,1,j-reversible-sp-unigram-48k,kanbun,sha256:964bfe91c38434748812e8b8b16787e3c98616914e921f9b879582ebbc22b7f4,67,6.544837450974372,381.0689926147461,37,28,84
old,1,j-reversible-sp-unigram-48k,kanbun,sha256:ca92af2a8bc61ae0ed038296541d8177d788bfd267f5857643ae688a5962e783,40,4.843922105497259,282.0342798233032,27,28,84
old,1,j-reversible-sp-unigram-48k,kanbun,sha256:22f44fef0442f74ec7e3a8019f0d5b5863c7412ab19972f024585da8f6ae00e5,58,5.546662331565892,322.9508819580078,32,28,84
old,1,j-reversible-sp-unigram-48k,kanbun,sha256:0bf633a5dc9bf7ac673d3599d8596c43ba77d4ea94b9469cf17de002f895f6c3,56,4.48235755704005,260.98241424560547,26,28,84
old,1,j-reversible-sp-unigram-48k,kanbun,sha256:0229116fc57ac9d156b7b050ed0b3d8d32973da148d5caedf78e34865dfcf6bc,32,4.850919489906064,201.7440700531006,20,20,60
old,1,j-reversible-sp-unigram-48k,kanbun,sha256:75b04a7e467914ade7b81a7dbd0567f092dc7b294240cdc0a911449fa2eed8e3,48,5.288423092506847,307.9150667190552,30,28,84
old,1,j-reversible-sp-unigram-48k,kanbun,sha256:1c8795c587d422f9e6badec1be2c0f203662c336e9dc16e7d9da62094f60dd54,61,5.878232810885226,342.25636196136475,33,28,84
old,1,j-reversible-sp-unigram-48k,kanbun,sha256:f1f6ff8fc59c4bdf2a0c7d89a59ce1297591ca2585ddd9a740f565903454591c,33,5.24118263589905,217.97465801239014,20,20,60
old,1,j-reversible-sp-unigram-48k,kanbun,sha256:e4769a914ff8c9e3d6cad934898bf6a90ebb6992033d1756a9abab376ae5d9fd,63,5.501702479563635,320.3331232070923,31,28,84
old,1,j-reversible-sp-unigram-48k,kanbun,sha256:4c02892fa00fda9a82e65f5f9943d005b963874eb0a1bb42580237d0229d800a,8,5.0898296643518375,592.7041816711426,59,56,168
old,1,j-reversible-sp-unigram-48k,kanbun,sha256:5b6327eb9c50ed53f3079584bad4f486ca82a0efb5c51fd0b607d68fa979d8fd,54,4.604769763099771,268.1097869873047,26,28,84
old,1,j-reversible-sp-unigram-48k,kanbun,sha256:db3fdb4a7c74e76b8850dd288bfabc473e0bbcecc4a5f6ae7a46e3aef4ef15bc,69,5.016157587236137,292.0625810623169,29,28,84
old,1,j-reversible-sp-unigram-48k,kanbun,sha256:0652e84601f21465239e3cdb72e18127be0ad1cae7ca187fe484a43b8404129e,51,5.005984829816901,291.4702787399292,29,28,84
old,1,j-reversible-sp-unigram-48k,kanbun,sha256:d1fcfa5db59009b0b864474ef4c1f16d10583bf1f85e0ba3a65738d29fffb1dd,64,4.575287874675466,266.3932228088379,28,28,84
old,1,j-reversible-sp-unigram-48k,kanbun,sha256:d9bd1ab196ffa5be4cb918b3dffaae457e91718ad1514009a13c97be076315e9,75,5.085314743042787,296.08921241760254,30,28,84
old,1,j-reversible-sp-unigram-48k,kanbun,sha256:dc38293856bd4b3fbbfb17a2ea3a3ed005b1cc8e602170025665fb5769f1bad3,35,4.470817147719114,185.9360580444336,19,20,60
old,1,j-reversible-sp-unigram-48k,kanbun,sha256:f60ea7caa4cf25c42fa6d8ac30814d7c61d6959f972e21f71f7a4d57c45b2bb4,43,5.600647030499724,326.09410667419434,31,28,84
old,1,j-reversible-sp-unigram-48k,kanbun,sha256:7beffd8ab6e37ff02e514b4f5e7e27b31ab567e82347b63efb2870cfd85d2120,70,6.000983446043246,349.40343952178955,34,28,84
old,1,j-reversible-sp-unigram-48k,kanbun,sha256:ebfa9bb78878b7b86200084062c20b9a4ece85921e41296ea467c09d9a15c1b1,72,4.348393931493876,253.18246746063232,24,28,84
old,1,j-reversible-sp-unigram-48k,kanbun,sha256:1db2d79ff29ec9c8f61636a1207403fe5c301755545cc3920d27ccf8c94c9442,47,4.691400339854783,273.1537971496582,27,28,84
old,1,j-reversible-sp-unigram-48k,kanbun,sha256:e1462673503c6f46a9b178f0c5bed3bd7182b2b5ed046517d8691e7372bc1ee1,77,4.749057277867038,276.510835647583,27,28,84
old,1,j-reversible-sp-unigram-48k,kakikudashi,sha256:f7436097f1cf75a3137b5e899d5dc6e5b933a514de2be41598bc747649b46bd8,1,3.8674190564567508,595.1133165359497,62,74,222
old,1,j-reversible-sp-unigram-48k,kakikudashi,sha256:cc8beb8808cee6f397a4c7e5703b64ad374667e09e452594277ad614a4113104,13,3.984767752651598,845.1813430786133,90,102,306
old,1,j-reversible-sp-unigram-48k,kakikudashi,sha256:e66c9c522bbdb987b6e975cb5ac62c23f1a3340f2edb970afc57d26586920b73,57,3.264269491194805,319.02930641174316,33,47,141
old,1,j-reversible-sp-unigram-48k,kakikudashi,sha256:ebfa9bb78878b7b86200084062c20b9a4ece85921e41296ea467c09d9a15c1b1,72,4.058949945283971,270.09117221832275,26,32,96
old,1,j-reversible-sp-unigram-48k,kakikudashi,sha256:d849179ec7b142b2d9eb33ad8eb59461b6c686a0ca5659c9b6ec0c8b0dc73cf1,3,4.175296784668648,755.3588457107544,78,87,261
old,1,j-reversible-sp-unigram-48k,kakikudashi,sha256:66be6d209047c20bf16ed7e709147176ce8d974b4814dc9bb1808e1b9003a4c3,86,4.026973709805726,510.80524158477783,51,61,183
old,1,j-reversible-sp-unigram-48k,kakikudashi,sha256:fa6cc111cd2ef421711faa1460ebc8ce838fdf13293855c223b6e74434edff05,66,3.6472516425923382,3306.731508255005,348,436,1308
old,1,j-reversible-sp-unigram-48k,kakikudashi,sha256:aacc5122dd14a93c28b61f0916e1aff1d20f56bd5d6a0cd4fd2b767b82852a03,0,4.206347171984079,1539.4461364746094,161,176,528
old,1,j-reversible-sp-unigram-48k,kakikudashi,sha256:ebaf0a12c2adc7099504c6b86bc708e24aceb7691b4ff10637999dc94e4f54eb,10,5.041395096235854,964.462347984314,100,92,276
old,1,j-reversible-sp-unigram-48k,kakikudashi,sha256:c6fedba6d584e75c829082a67d2ee059e215a162bc29488af48dadcb3b48695a,9,4.3691503843585675,799.5145673751831,87,88,264
old,1,j-reversible-sp-unigram-48k,kakikudashi,sha256:37e41b45f0a4183f9f226c73d0b4017a78425c8da65bcfe34480e6f688ded206,7,4.150420879800767,6412.504291534424,664,743,2229
old,1,j-reversible-sp-unigram-48k,kakikudashi,sha256:c3b29a274f6ee071fbe02e89e38bae7e2a961492db2382eb5f98bacb15565fab,20,4.236890671413725,731.2604169845581,75,83,249
old,1,j-reversible-sp-unigram-48k,kakikudashi,sha256:91a9fc3f3bf6f759c805d8991ec615e476b531e2d18733983b45d55fa3050bdc,82,3.8384829222444945,470.93214988708496,51,59,177
old,1,j-reversible-sp-unigram-48k,kakikudashi,sha256:1db2d79ff29ec9c8f61636a1207403fe5c301755545cc3920d27ccf8c94c9442,47,3.300156733035751,329.39918422698975,37,48,144
old,1,j-reversible-sp-unigram-48k,kakikudashi,sha256:993cf16ce411260e37f115ed6283350dd03253978bb9dafabd3b6ef85c86612d,6,3.9082300505560705,1454.7215299606323,150,179,537
old,1,j-reversible-sp-unigram-48k,kakikudashi,sha256:a2d102ad8170a1ea7416667b7226955d7fe7d42a70e2083e50f7fac9a559fd5a,59,3.7469089047557236,1106.389880180359,114,142,426
old,1,j-reversible-sp-unigram-48k,kakikudashi,sha256:6de762fbae5cdea909bda4906ad245f5cc75f692374795ca0623fcce53a55e9d,19,3.556067313280857,702.4902391433716,74,95,285
old,1,j-reversible-sp-unigram-48k,kakikudashi,sha256:7beffd8ab6e37ff02e514b4f5e7e27b31ab567e82347b63efb2870cfd85d2120,70,4.156115079368866,440.76231575012207,45,51,153
old,1,j-reversible-sp-unigram-48k,kakikudashi,sha256:17672397b016991e757a866468203dc56a37ad82f5134adf2459846a3cedb669,4,4.3395842851991056,1290.4193925857544,133,143,429
old,1,j-reversible-sp-unigram-48k,kakikudashi,sha256:69b01b2daede497431a5d130a695d18f1235d869145fe59b5d92bd960a722364,41,3.288062370365268,335.02934074401855,34,49,147
old,1,j-reversible-sp-unigram-48k,kakikudashi,sha256:f210cb062afab635a3aebbe9d65a845191038025db1ba590476a534d9e4b65af,36,3.7788225603008088,1343.6907444000244,138,171,513
old,1,j-reversible-sp-unigram-48k,kakikudashi,sha256:0652e84601f21465239e3cdb72e18127be0ad1cae7ca187fe484a43b8404129e,51,3.0762953917204676,313.4518451690674,32,49,147
old,1,j-reversible-sp-unigram-48k,kakikudashi,sha256:9100a9d34da88fd774602b05c6ee90111876201854176c82b281df6d57a5a5bf,2,3.604232030229088,854.4060382843018,85,114,342
old,1,j-reversible-sp-unigram-48k,kakikudashi,sha256:1f9f63a99ef6cbc57d5c80bdef37a7265023289a48ee5d0655f048f73ba0e5bb,62,3.2346836540566755,329.5904426574707,32,49,147
old,1,j-reversible-sp-unigram-48k,kakikudashi,sha256:1b09cd49c628a7def77bd0e04ec449903aa253b56b2f66ab838006a24eaf02f1,23,4.0220593044230855,242.54547882080078,27,29,87
old,1,j-reversible-sp-unigram-48k,kakikudashi,sha256:1d462ae5e9da2fcffab98988325fe94a152555eadb42c0f9483fa915caa8b4de,5,3.859964613529303,1268.1981811523438,132,158,474
old,1,j-reversible-sp-unigram-48k,kakikudashi,sha256:49f02e00aefd621557e789f30a22273b497c62377cdb20a7308eb042a223a0c9,17,3.9268803940760786,767.5775127410889,81,94,282
old,1,j-reversible-sp-unigram-48k,kakikudashi,sha256:7f1acba73dbb590f2059350b81b6452ea01874038280fd90c87628f586c00cfd,15,3.9521472104701334,747.8615770339966,76,91,273
old,1,j-reversible-sp-unigram-48k,kakikudashi,sha256:384a2829117df294f918e0e3292aaeb2ceb26f82fe95b69531292e41d596fcdb,80,4.485439367634458,634.2502088546753,62,68,204
old,1,j-reversible-sp-unigram-48k,kakikudashi,sha256:05554bc9b8e804ebbb02cfc07924513e935f5384702576a7b045942bcc776571,84,4.304475417153333,563.9070148468018,59,63,189
old,1,j-reversible-sp-unigram-48k,kakikudashi,sha256:71345211ec3ba323c2f3fea96d80860d327b842b3d46c17c4ab28e9c8f26ef4b,90,3.779511053110226,416.54143142700195,41,53,159
old,1,j-reversible-sp-unigram-48k,kakikudashi,sha256:c391898daeab8372fb8199bbd41e708d8b04b33d1984080480949e3511a584bd,16,4.169558909647793,702.2986745834351,74,81,243
old,1,j-reversible-sp-unigram-48k,kakikudashi,sha256:dc38293856bd4b3fbbfb17a2ea3a3ed005b1cc8e602170025665fb5769f1bad3,35,3.3916017397962515,253.89495182037354,27,36,108
old,1,j-reversible-sp-unigram-48k,kakikudashi,sha256:5b1999b0cac33e1542758e3b59d9c473b5fd370a2b0e632b3b27ca873479c6c6,11,3.7296644082895365,891.8961973190308,97,115,345
old,1,j-reversible-sp-unigram-48k,kakikudashi,sha256:db3fdb4a7c74e76b8850dd288bfabc473e0bbcecc4a5f6ae7a46e3aef4ef15bc,69,3.202714150293535,352.9724130630493,38,53,159
old,1,j-reversible-sp-unigram-48k,kakikudashi,sha256:4407f3d844541f2fb9d8b6d645132e11ab661a4288b1422293ccb9f28d2675a2,79,3.920815245950374,619.6360635757446,66,76,228
old,1,j-reversible-sp-unigram-48k,kakikudashi,sha256:0bf633a5dc9bf7ac673d3599d8596c43ba77d4ea94b9469cf17de002f895f6c3,56,3.0069523793024815,337.6502113342285,35,54,162
old,1,j-reversible-sp-unigram-48k,kakikudashi,sha256:955384079b4cf87e3e9c30e0ba87152d4db31178c42f5276179131094cdc11c5,34,3.797475113002345,292.175217628479,29,37,111
old,1,j-reversible-sp-unigram-48k,kakikudashi,sha256:4cfce05a50c6c27787ce5282083e079a6b4dacc0a17d46e4c5637c4f2999408b,27,3.2938654452391307,219.1808204650879,23,32,96
old,1,j-reversible-sp-unigram-48k,kakikudashi,sha256:d4b6bdac65f25e1d06547ce88e4c9810c1c705b41cc1bc9e1d075549ba3cd696,42,3.672017968791443,320.70136165618896,32,42,126
old,1,j-reversible-sp-unigram-48k,kakikudashi,sha256:8952801954f78ca62cdeb76b00e9976739ee20e4a31fb68734b7fef676634790,87,3.9349895403451547,572.780650138855,61,70,210
old,1,j-reversible-sp-unigram-48k,kakikudashi,sha256:ad956be81d174cb25b3d89f0f335c67b00d3da32c475addd0b99e374b8175da2,45,3.5200350941331564,439.1824321746826,46,60,180
old,1,j-reversible-sp-unigram-48k,kakikudashi,sha256:e1462673503c6f46a9b178f0c5bed3bd7182b2b5ed046517d8691e7372bc1ee1,77,3.633538633274715,362.6750965118408,38,48,144
old,1,j-reversible-sp-unigram-48k,kakikudashi,sha256:fcce7557f2d919d4d0ab9666c2a16d44fa53dc0c35a78ed6945b85b1367d4146,83,4.21269624424221,543.1234455108643,55,62,186
old,1,j-reversible-sp-unigram-48k,kakikudashi,sha256:407eeb8ace2d180c36fff5d7853f672bab8adbf3a4b1c3a66554ddc3a8d14f6b,60,3.5209346505350454,366.07888889312744,39,50,150
old,1,j-reversible-sp-unigram-48k,kakikudashi,sha256:c2c3ee696b5b493e537c49dadd14b04b067ebe32fa96f36b078c1d6c5be6f756,28,3.620673110162606,1731.6649570465088,179,230,690
old,1,j-reversible-sp-unigram-48k,kakikudashi,sha256:2095bc33187d6f3979e02211a3b227ce1dd28cb684fbc1a054587a1572e4e3b4,78,4.219499942876206,605.4200391769409,61,69,207
old,1,j-reversible-sp-unigram-48k,kakikudashi,sha256:f1f6ff8fc59c4bdf2a0c7d89a59ce1297591ca2585ddd9a740f565903454591c,33,3.2900641926990404,294.18433475494385,28,43,129
old,1,j-reversible-sp-unigram-48k,kakikudashi,sha256:eab5a1ee862005a36aabd8128fab3ca66f14360f68d43eb46be2cfb47469b2cd,91,3.8035303368196134,529.9176721572876,55,67,201
old,1,j-reversible-sp-unigram-48k,kakikudashi,sha256:7edc75ccf8b006bfee320f69fd21cb73bbf58dfcd8e465869abdf29c33953c86,24,3.7741928873620574,266.8392581939697,27,34,102
old,1,j-reversible-sp-unigram-48k,kakikudashi,sha256:e4769a914ff8c9e3d6cad934898bf6a90ebb6992033d1756a9abab376ae5d9fd,63,4.225898901865359,351.5003890991211,35,40,120
old,1,j-reversible-sp-unigram-48k,kakikudashi,sha256:75b04a7e467914ade7b81a7dbd0567f092dc7b294240cdc0a911449fa2eed8e3,48,3.6720053621901463,427.6003475189209,44,56,168
old,1,j-reversible-sp-unigram-48k,kakikudashi,sha256:9bb8ba0d8cf2ad6f8497915f809b3e2670e27464e6d8aeee94804444c0d21c55,37,3.84723824852565,376.00503063201904,40,47,141
old,1,j-reversible-sp-unigram-48k,kakikudashi,sha256:d424c3774ec17385aaab9fa7645d5796a51c6f7ff14faacd6656efa2788d52f8,81,3.8016801810798095,490.1330451965332,50,62,186
old,1,j-reversible-sp-unigram-48k,kakikudashi,sha256:d9bd1ab196ffa5be4cb918b3dffaae457e91718ad1514009a13c97be076315e9,75,3.84806048926305,352.07994079589844,37,44,132
old,1,j-reversible-sp-unigram-48k,kakikudashi,sha256:22f44fef0442f74ec7e3a8019f0d5b5863c7412ab19972f024585da8f6ae00e5,58,3.9153744930882164,415.2314109802246,44,51,153
old,1,j-reversible-sp-unigram-48k,kakikudashi,sha256:042ab8718b1edb4db8fa7b7b4ef51267d51b3bbfa609b7c2fb0a488b010a293d,18,4.102614109340872,818.9900360107422,86,96,288
old,1,j-reversible-sp-unigram-48k,kakikudashi,sha256:58f733bc6cbd287eb76188c05268a0fe9ff300e1bef90bcaacdecc02dfadb6db,55,3.731192757258882,364.6634693145752,37,47,141
old,1,j-reversible-sp-unigram-48k,kakikudashi,sha256:54246f8567838836aa8f2dfa6cd0fa1a0615aa5a61094e0e6d22bd4e010af3b5,65,3.560874305372424,370.2314977645874,37,50,150
old,1,j-reversible-sp-unigram-48k,kakikudashi,sha256:8215e571653d767b252e7ae8725974a13373db12bf182977ca33c96ba5ee6b80,92,4.587652040491761,572.38525390625,57,60,180
old,1,j-reversible-sp-unigram-48k,kakikudashi,sha256:dd88113ccc60b7699d2c9347a398c5a7acd779379d3a65044cdfec0f7a53ca47,85,4.443183062591538,563.599705696106,57,61,183
old,1,j-reversible-sp-unigram-48k,kakikudashi,sha256:1c8795c587d422f9e6badec1be2c0f203662c336e9dc16e7d9da62094f60dd54,61,3.9639213685198302,387.40890979766846,38,47,141
old,1,j-reversible-sp-unigram-48k,kakikudashi,sha256:ec1d71629897d032d200bc0c57750145d04d86acc0a6396c648a042829924aea,31,4.327300106868621,260.9526605606079,26,29,87
old,1,j-reversible-sp-unigram-48k,kakikudashi,sha256:92962b2becc7cee570967487d785019a13b9cb591d3f50b25b2afcd1fe53f2c2,46,4.322699562798434,422.4736490249634,45,47,141
old,1,j-reversible-sp-unigram-48k,kakikudashi,sha256:e65a9c5fd6e9d20ea1287742a598a788ad345da529eb986561206ed8b6525930,52,3.9054315561305164,349.2080144882202,34,43,129
old,1,j-reversible-sp-unigram-48k,kakikudashi,sha256:b004000bb7c65a514d4447f566f6d669a14b0e75e76ad73b89ec148382406328,88,3.8020672353534253,553.4323587417603,59,70,210
old,1,j-reversible-sp-unigram-48k,kakikudashi,sha256:ca92af2a8bc61ae0ed038296541d8177d788bfd267f5857643ae688a5962e783,40,3.376631006743402,351.0753393173218,37,50,150
old,1,j-reversible-sp-unigram-48k,kakikudashi,sha256:964bfe91c38434748812e8b8b16787e3c98616914e921f9b879582ebbc22b7f4,67,3.915161819987593,504.763708114624,54,62,186
old,1,j-reversible-sp-unigram-48k,kakikudashi,sha256:88362c9b02b3036094ebff13f879919608f9de1d43cb3e7077cbc826a69b3f8e,44,3.2353844073121905,686.2348594665527,74,102,306
old,1,j-reversible-sp-unigram-48k,kakikudashi,sha256:5b6327eb9c50ed53f3079584bad4f486ca82a0efb5c51fd0b607d68fa979d8fd,54,3.3766211209258414,379.1602563858032,41,54,162
old,1,j-reversible-sp-unigram-48k,kakikudashi,sha256:5838bb07b453e8326ecde9bed1a68e120ebd0c10351d5b4f0cca67cda9f64860,53,4.009679747011021,366.86736392974854,38,44,132
old,1,j-reversible-sp-unigram-48k,kakikudashi,sha256:cb2a8a3119275310a787147d26d5a1124462b3c321e829061f03ab4ac6121b90,73,3.438670690572811,343.22470474243164,37,48,144
old,1,j-reversible-sp-unigram-48k,kakikudashi,sha256:87bc3920a414557db574f9eaf2e17fd70735979bc5ffedf6d561fbd6bea78a45,14,3.727273779226579,798.3167371749878,81,103,309
old,1,j-reversible-sp-unigram-48k,kakikudashi,sha256:215977ec34040a8aadcca9036a7b8f0a836dce0d3aec6016d2715e724ae2d6a7,76,3.473375796619355,353.91141414642334,35,49,147
old,1,j-reversible-sp-unigram-48k,kakikudashi,sha256:be5128326818907c64a0de0aa20944748f8f995f9f475c0d205f6616c4437bb7,39,4.089785669782036,374.1966896057129,39,44,132
old,1,j-reversible-sp-unigram-48k,kakikudashi,sha256:976c593d798c11b05704cbc42adbad4e4c52a73c3def579dad8fb18d1ac52a6d,89,3.16768752702414,586.2448720932007,63,89,267
old,1,j-reversible-sp-unigram-48k,kakikudashi,sha256:b81eee34499968e2ce987a320a443a984cbb6eb55e24690490b083ecfa2d6c5e,30,3.1286421448359474,240.7156524658203,25,37,111
old,1,j-reversible-sp-unigram-48k,kakikudashi,sha256:4c02892fa00fda9a82e65f5f9943d005b963874eb0a1bb42580237d0229d800a,8,3.50468060397314,801.6556282043457,90,110,330
old,1,j-reversible-sp-unigram-48k,kakikudashi,sha256:535ff6b269a808c5e5d4784d77e49613744c3d107298fd16704eb1d0ae3dc8b7,74,3.588588807201837,305.95268630981445,31,41,123
old,1,j-reversible-sp-unigram-48k,kakikudashi,sha256:0229116fc57ac9d156b7b050ed0b3d8d32973da148d5caedf78e34865dfcf6bc,32,3.8506404980115643,248.22263622283936,27,31,93
old,1,j-reversible-sp-unigram-48k,kakikudashi,sha256:f60ea7caa4cf25c42fa6d8ac30814d7c61d6959f972e21f71f7a4d57c45b2bb4,43,3.835290592424846,382.8126039505005,37,48,144
old,1,j-reversible-sp-unigram-48k,kakikudashi,sha256:52d4e6ff51fc2e69153746cda5f4f5a39ff0d586927a0846b5def92686809376,22,4.2704382839821635,781.4511556625366,79,88,264
old,1,j-reversible-sp-unigram-48k,kakikudashi,sha256:86c9c4dca0127039f1ae50c558904b59fbd4edc03012923694b9ff7998751210,12,3.118040181838818,356.6080255508423,38,55,165
old,1,j-reversible-sp-unigram-48k,kakikudashi,sha256:9beed968afd17741e87149d0ebe3868b9aad034dcf2a2aa1dce8f8b630cc0bd1,26,3.2574879271698505,270.9502286911011,27,40,120
old,1,j-reversible-sp-unigram-48k,kakikudashi,sha256:e62e8d1b5a1be2dbb714cc0f0b0d8503d6a659c6737858eeb90e06ab78241761,71,3.545600714183663,368.64347076416016,38,50,150
old,1,j-reversible-sp-unigram-48k,kakikudashi,sha256:17081afb209552d4294e87f5efd6594d01eeeb792541c4332b4a0cfff4becfda,50,4.13543605235346,412.77108097076416,43,48,144
old,1,j-reversible-sp-unigram-48k,kakikudashi,sha256:6639bedd74374987daa82adc5ac1b2a6ab82e22bb002607b321814be456b53c0,68,3.6272297959412536,384.673228263855,38,51,153
old,1,j-reversible-sp-unigram-48k,kakikudashi,sha256:31894b65cce53b847f0bbdf4266379e21c8e28ba6e740f0ebea69fdc4f808e6c,49,3.5094949633077404,321.1027431488037,35,44,132
old,1,j-reversible-sp-unigram-48k,kakikudashi,sha256:1bdc76492ee87575f06f81fed47e66616f04a17174f37cb9e9b56f2e51f6058a,29,3.9144249217933917,293.0334405899048,32,36,108
old,1,j-reversible-sp-unigram-48k,kakikudashi,sha256:6e1cd63b15f93f8ceabc67586351fb8825b5605482df3f7b4c47790860960bd7,21,3.4483020049999427,415.8914613723755,45,58,174
old,1,j-reversible-sp-unigram-48k,kakikudashi,sha256:d1fcfa5db59009b0b864474ef4c1f16d10583bf1f85e0ba3a65738d29fffb1dd,64,3.847386428452371,312.01619148254395,33,39,117
old,1,j-reversible-sp-unigram-48k,kakikudashi,sha256:d7d8f505d3d800f8b06b5904e82f03d762ec23c0c9a1869136f46caf102f2c7b,25,3.741892650530935,287.8987398147583,30,37,111
old,1,j-reversible-sp-unigram-48k,kakikudashi,sha256:f9e6b50f8fab92d523315a94e9ac2b6a97d4de417458d64ce2b8d3b137f12b75,38,3.4093339012293296,361.56503772735596,37,51,153
old,2,j-reversible-sp-unigram-32k,kanbun,sha256:aacc5122dd14a93c28b61f0916e1aff1d20f56bd5d6a0cd4fd2b767b82852a03,0,5.756332442228944,1196.995680809021,117,100,300
old,2,j-reversible-sp-unigram-32k,kanbun,sha256:37e41b45f0a4183f9f226c73d0b4017a78425c8da65bcfe34480e6f688ded206,7,5.434577856154877,5379.222190856934,532,476,1428
old,2,j-reversible-sp-unigram-32k,kanbun,sha256:993cf16ce411260e37f115ed6283350dd03253978bb9dafabd3b6ef85c86612d,6,5.30593005891695,1103.3371381759644,109,100,300
old,2,j-reversible-sp-unigram-32k,kanbun,sha256:d424c3774ec17385aaab9fa7645d5796a51c6f7ff14faacd6656efa2788d52f8,81,4.948983309497434,411.64485931396484,42,40,120
old,2,j-reversible-sp-unigram-32k,kanbun,sha256:9100a9d34da88fd774602b05c6ee90111876201854176c82b281df6d57a5a5bf,2,5.195627221626273,648.2401847839355,63,60,180
old,2,j-reversible-sp-unigram-32k,kanbun,sha256:7edc75ccf8b006bfee320f69fd21cb73bbf58dfcd8e465869abdf29c33953c86,24,5.413151069529388,225.12662410736084,23,20,60
old,2,j-reversible-sp-unigram-32k,kanbun,sha256:88362c9b02b3036094ebff13f879919608f9de1d43cb3e7077cbc826a69b3f8e,44,4.391539972563633,511.3892364501953,52,56,168
old,2,j-reversible-sp-unigram-32k,kanbun,sha256:c2c3ee696b5b493e537c49dadd14b04b067ebe32fa96f36b078c1d6c5be6f756,28,5.079478885779777,1330.872405052185,132,126,378
old,2,j-reversible-sp-unigram-32k,kanbun,sha256:71345211ec3ba323c2f3fea96d80860d327b842b3d46c17c4ab28e9c8f26ef4b,90,4.979551995056886,310.6406183242798,30,30,90
old,2,j-reversible-sp-unigram-32k,kanbun,sha256:1b09cd49c628a7def77bd0e04ec449903aa253b56b2f66ab838006a24eaf02f1,23,4.6716052415679945,194.28660011291504,19,20,60
old,2,j-reversible-sp-unigram-32k,kanbun,sha256:f9e6b50f8fab92d523315a94e9ac2b6a97d4de417458d64ce2b8d3b137f12b75,38,4.543700591018598,264.55407333374023,27,28,84
old,2,j-reversible-sp-unigram-32k,kanbun,sha256:955384079b4cf87e3e9c30e0ba87152d4db31178c42f5276179131094cdc11c5,34,5.769832814321841,239.9606008529663,24,20,60
old,2,j-reversible-sp-unigram-32k,kanbun,sha256:d849179ec7b142b2d9eb33ad8eb59461b6c686a0ca5659c9b6ec0c8b0dc73cf1,3,4.9447057111431345,616.9335880279541,62,60,180
old,2,j-reversible-sp-unigram-32k,kanbun,sha256:8215e571653d767b252e7ae8725974a13373db12bf182977ca33c96ba5ee6b80,92,5.754687013121977,478.66140937805176,47,40,120
old,2,j-reversible-sp-unigram-32k,kanbun,sha256:f210cb062afab635a3aebbe9d65a845191038025db1ba590476a534d9e4b65af,36,5.35944586415955,1103.320782661438,109,99,297
old,2,j-reversible-sp-unigram-32k,kanbun,sha256:5838bb07b453e8326ecde9bed1a68e120ebd0c10351d5b4f0cca67cda9f64860,53,4.94382987393328,287.8513460159302,29,28,84
old,2,j-reversible-sp-unigram-32k,kanbun,sha256:17672397b016991e757a866468203dc56a37ad82f5134adf2459846a3cedb669,4,6.461105419041172,1074.8392810821533,106,80,240
old,2,j-reversible-sp-unigram-32k,kanbun,sha256:e65a9c5fd6e9d20ea1287742a598a788ad345da529eb986561206ed8b6525930,52,5.0706468832676,295.23518562316895,30,28,84
old,2,j-reversible-sp-unigram-32k,kanbun,sha256:b81eee34499968e2ce987a320a443a984cbb6eb55e24690490b083ecfa2d6c5e,30,4.348365316856633,180.8434295654297,18,20,60
old,2,j-reversible-sp-unigram-32k,kanbun,sha256:1f9f63a99ef6cbc57d5c80bdef37a7265023289a48ee5d0655f048f73ba0e5bb,62,4.74808492071766,276.45422077178955,27,28,84
old,2,j-reversible-sp-unigram-32k,kanbun,sha256:b004000bb7c65a514d4447f566f6d669a14b0e75e76ad73b89ec148382406328,88,5.116772759625476,425.60119342803955,42,40,120
old,2,j-reversible-sp-unigram-32k,kanbun,sha256:31894b65cce53b847f0bbdf4266379e21c8e28ba6e740f0ebea69fdc4f808e6c,49,4.2794868384615805,249.17039585113525,26,28,84
old,2,j-reversible-sp-unigram-32k,kanbun,sha256:fa6cc111cd2ef421711faa1460ebc8ce838fdf13293855c223b6e74434edff05,66,5.041978551038532,2642.093912124634,271,252,756
old,2,j-reversible-sp-unigram-32k,kanbun,sha256:535ff6b269a808c5e5d4784d77e49613744c3d107298fd16704eb1d0ae3dc8b7,74,4.4243577511391745,257.60541248321533,27,28,84
old,2,j-reversible-sp-unigram-32k,kanbun,sha256:58f733bc6cbd287eb76188c05268a0fe9ff300e1bef90bcaacdecc02dfadb6db,55,5.353637701645819,311.7121458053589,30,28,84
old,2,j-reversible-sp-unigram-32k,kanbun,sha256:215977ec34040a8aadcca9036a7b8f0a836dce0d3aec6016d2715e724ae2d6a7,76,5.480716583229852,319.11123275756836,31,28,84
old,2,j-reversible-sp-unigram-32k,kanbun,sha256:ebaf0a12c2adc7099504c6b86bc708e24aceb7691b4ff10637999dc94e4f54eb,10,6.938453595297529,807.9740839004517,81,56,168
old,2,j-reversible-sp-unigram-32k,kanbun,sha256:ad956be81d174cb25b3d89f0f335c67b00d3da32c475addd0b99e374b8175da2,45,5.505818417501984,320.5727710723877,31,28,84
old,2,j-reversible-sp-unigram-32k,kanbun,sha256:cb2a8a3119275310a787147d26d5a1124462b3c321e829061f03ab4ac6121b90,73,4.799112156849355,279.42524909973145,29,28,84
old,2,j-reversible-sp-unigram-32k,kanbun,sha256:c391898daeab8372fb8199bbd41e708d8b04b33d1984080480949e3511a584bd,16,5.0542035319324565,588.5555639266968,58,56,168
old,2,j-reversible-sp-unigram-32k,kanbun,sha256:86c9c4dca0127039f1ae50c558904b59fbd4edc03012923694b9ff7998751210,12,5.519302463363731,321.357871055603,33,28,84
old,2,j-reversible-sp-unigram-32k,kanbun,sha256:05554bc9b8e804ebbb02cfc07924513e935f5384702576a7b045942bcc776571,84,5.601745238001284,465.9400701522827,46,40,120
old,2,j-reversible-sp-unigram-32k,kanbun,sha256:7f1acba73dbb590f2059350b81b6452ea01874038280fd90c87628f586c00cfd,15,5.0473570745842595,587.7583026885986,57,56,168
old,2,j-reversible-sp-unigram-32k,kanbun,sha256:17081afb209552d4294e87f5efd6594d01eeeb792541c4332b4a0cfff4becfda,50,5.5613189878998215,323.804256439209,33,28,84
old,2,j-reversible-sp-unigram-32k,kanbun,sha256:1d462ae5e9da2fcffab98988325fe94a152555eadb42c0f9483fa915caa8b4de,5,5.698371529139907,947.9544382095337,93,80,240
old,2,j-reversible-sp-unigram-32k,kanbun,sha256:4407f3d844541f2fb9d8b6d645132e11ab661a4288b1422293ccb9f28d2675a2,79,5.544433739427761,461.17303371429443,45,40,120
old,2,j-reversible-sp-unigram-32k,kanbun,sha256:407eeb8ace2d180c36fff5d7853f672bab8adbf3a4b1c3a66554ddc3a8d14f6b,60,4.608975394085371,268.35465717315674,27,28,84
old,2,j-reversible-sp-unigram-32k,kanbun,sha256:9bb8ba0d8cf2ad6f8497915f809b3e2670e27464e6d8aeee94804444c0d21c55,37,5.289004623176965,307.94892597198486,32,28,84
old,2,j-reversible-sp-unigram-32k,kanbun,sha256:6e1cd63b15f93f8ceabc67586351fb8825b5605482df3f7b4c47790860960bd7,21,4.925603189307064,297.03261280059814,31,29,87
old,2,j-reversible-sp-unigram-32k,kanbun,sha256:eab5a1ee862005a36aabd8128fab3ca66f14360f68d43eb46be2cfb47469b2cd,91,4.9427796889016316,411.12885665893555,41,40,120
old,2,j-reversible-sp-unigram-32k,kanbun,sha256:5b1999b0cac33e1542758e3b59d9c473b5fd370a2b0e632b3b27ca873479c6c6,11,5.493428304144475,639.7027292251587,64,56,168
old,2,j-reversible-sp-unigram-32k,kanbun,sha256:fcce7557f2d919d4d0ab9666c2a16d44fa53dc0c35a78ed6945b85b1367d4146,83,5.345600641164299,444.6345615386963,46,40,120
old,2,j-reversible-sp-unigram-32k,kanbun,sha256:52d4e6ff51fc2e69153746cda5f4f5a39ff0d586927a0846b5def92686809376,22,5.729895202965941,667.2389984130859,66,56,168
old,2,j-reversible-sp-unigram-32k,kanbun,sha256:2095bc33187d6f3979e02211a3b227ce1dd28cb684fbc1a054587a1572e4e3b4,78,5.411628896948641,450.12663745880127,45,40,120
old,2,j-reversible-sp-unigram-32k,kanbun,sha256:6639bedd74374987daa82adc5ac1b2a6ab82e22bb002607b321814be456b53c0,68,5.382274270772183,313.3794918060303,30,28,84
old,2,j-reversible-sp-unigram-32k,kanbun,sha256:a2d102ad8170a1ea7416667b7226955d7fe7d42a70e2083e50f7fac9a559fd5a,59,5.00675124456658,874.5447082519531,90,84,252
old,2,j-reversible-sp-unigram-32k,kanbun,sha256:e66c9c522bbdb987b6e975cb5ac62c23f1a3340f2edb970afc57d26586920b73,57,4.402486242429249,256.33195781707764,26,28,84
old,2,j-reversible-sp-unigram-32k,kanbun,sha256:87bc3920a414557db574f9eaf2e17fd70735979bc5ffedf6d561fbd6bea78a45,14,5.033653603428961,586.1625509262085,58,56,168
old,2,j-reversible-sp-unigram-32k,kanbun,sha256:976c593d798c11b05704cbc42adbad4e4c52a73c3def579dad8fb18d1ac52a6d,89,4.798049213980873,399.09051418304443,39,40,120
old,2,j-reversible-sp-unigram-32k,kanbun,sha256:d7d8f505d3d800f8b06b5904e82f03d762ec23c0c9a1869136f46caf102f2c7b,25,5.471472450228776,227.5521421432495,21,20,60
old,2,j-reversible-sp-unigram-32k,kanbun,sha256:49f02e00aefd621557e789f30a22273b497c62377cdb20a7308eb042a223a0c9,17,5.156394304541481,600.4555492401123,60,56,168
old,2,j-reversible-sp-unigram-32k,kanbun,sha256:69b01b2daede497431a5d130a695d18f1235d869145fe59b5d92bd960a722364,41,4.7545100942780945,276.8283224105835,27,28,84
old,2,j-reversible-sp-unigram-32k,kanbun,sha256:042ab8718b1edb4db8fa7b7b4ef51267d51b3bbfa609b7c2fb0a488b010a293d,18,5.801847887624465,675.6177968978882,67,56,168
old,2,j-reversible-sp-unigram-32k,kanbun,sha256:4cfce05a50c6c27787ce5282083e079a6b4dacc0a17d46e4c5637c4f2999408b,27,4.554629556153676,189.42171812057495,20,20,60
old,2,j-reversible-sp-unigram-32k,kanbun,sha256:c6fedba6d584e75c829082a67d2ee059e215a162bc29488af48dadcb3b48695a,9,5.705425257522029,664.3895044326782,66,56,168
old,2,j-reversible-sp-unigram-32k,kanbun,sha256:8952801954f78ca62cdeb76b00e9976739ee20e4a31fb68734b7fef676634790,87,5.456962526216702,453.89738273620605,44,40,120
old,2,j-reversible-sp-unigram-32k,kanbun,sha256:dd88113ccc60b7699d2c9347a398c5a7acd779379d3a65044cdfec0f7a53ca47,85,5.518587464328965,459.02320098876953,45,40,120
old,2,j-reversible-sp-unigram-32k,kanbun,sha256:91a9fc3f3bf6f759c805d8991ec615e476b531e2d18733983b45d55fa3050bdc,82,4.657408635549262,387.39235973358154,40,40,120
old,2,j-reversible-sp-unigram-32k,kanbun,sha256:1bdc76492ee87575f06f81fed47e66616f04a17174f37cb9e9b56f2e51f6058a,29,5.495399639719655,228.54724597930908,22,20,60
old,2,j-reversible-sp-unigram-32k,kanbun,sha256:d4b6bdac65f25e1d06547ce88e4c9810c1c705b41cc1bc9e1d075549ba3cd696,42,4.579216105834873,266.6219415664673,26,28,84
old,2,j-reversible-sp-unigram-32k,kanbun,sha256:92962b2becc7cee570967487d785019a13b9cb591d3f50b25b2afcd1fe53f2c2,46,6.194916259014975,360.69505405426025,36,28,84
old,2,j-reversible-sp-unigram-32k,kanbun,sha256:be5128326818907c64a0de0aa20944748f8f995f9f475c0d205f6616c4437bb7,39,5.095851104544546,296.70268535614014,29,28,84
old,2,j-reversible-sp-unigram-32k,kanbun,sha256:384a2829117df294f918e0e3292aaeb2ceb26f82fe95b69531292e41d596fcdb,80,6.205276823126882,516.1404161453247,50,40,120
old,2,j-reversible-sp-unigram-32k,kanbun,sha256:e62e8d1b5a1be2dbb714cc0f0b0d8503d6a659c6737858eeb90e06ab78241761,71,4.729930448471882,275.3971881866455,27,28,84
old,2,j-reversible-sp-unigram-32k,kanbun,sha256:c3b29a274f6ee071fbe02e89e38bae7e2a961492db2382eb5f98bacb15565fab,20,5.542785678822443,645.4503326416016,65,56,168
old,2,j-reversible-sp-unigram-32k,kanbun,sha256:66be6d209047c20bf16ed7e709147176ce8d974b4814dc9bb1808e1b9003a4c3,86,5.034040941117304,418.7197542190552,40,40,120
old,2,j-reversible-sp-unigram-32k,kanbun,sha256:f7436097f1cf75a3137b5e899d5dc6e5b933a514de2be41598bc747649b46bd8,1,5.272658384712009,438.5673952102661,44,40,120
old,2,j-reversible-sp-unigram-32k,kanbun,sha256:9beed968afd17741e87149d0ebe3868b9aad034dcf2a2aa1dce8f8b630cc0bd1,26,4.963450948708416,206.42412185668945,20,20,60
old,2,j-reversible-sp-unigram-32k,kanbun,sha256:54246f8567838836aa8f2dfa6cd0fa1a0615aa5a61094e0e6d22bd4e010af3b5,65,5.190812144183449,302.2317314147949,30,28,84
old,2,j-reversible-sp-unigram-32k,kanbun,sha256:6de762fbae5cdea909bda4906ad245f5cc75f692374795ca0623fcce53a55e9d,19,5.068429715691277,590.2121849060059,59,56,168
old,2,j-reversible-sp-unigram-32k,kanbun,sha256:cc8beb8808cee6f397a4c7e5703b64ad374667e09e452594277ad614a4113104,13,5.5892867983934815,650.8653287887573,64,56,168
old,2,j-reversible-sp-unigram-32k,kanbun,sha256:ec1d71629897d032d200bc0c57750145d04d86acc0a6396c648a042829924aea,31,4.982644831682249,207.22237300872803,20,20,60
old,2,j-reversible-sp-unigram-32k,kanbun,sha256:964bfe91c38434748812e8b8b16787e3c98616914e921f9b879582ebbc22b7f4,67,6.483117758611134,377.47540283203125,37,28,84
old,2,j-reversible-sp-unigram-32k,kanbun,sha256:ca92af2a8bc61ae0ed038296541d8177d788bfd267f5857643ae688a5962e783,40,4.865285397284236,283.27814388275146,28,28,84
old,2,j-reversible-sp-unigram-32k,kanbun,sha256:22f44fef0442f74ec7e3a8019f0d5b5863c7412ab19972f024585da8f6ae00e5,58,5.478001583206832,318.9531536102295,32,28,84
old,2,j-reversible-sp-unigram-32k,kanbun,sha256:0bf633a5dc9bf7ac673d3599d8596c43ba77d4ea94b9469cf17de002f895f6c3,56,4.378118380973099,254.91315460205078,26,28,84
old,2,j-reversible-sp-unigram-32k,kanbun,sha256:0229116fc57ac9d156b7b050ed0b3d8d32973da148d5caedf78e34865dfcf6bc,32,4.629189366764881,192.52257347106934,20,20,60
old,2,j-reversible-sp-unigram-32k,kanbun,sha256:75b04a7e467914ade7b81a7dbd0567f092dc7b294240cdc0a911449fa2eed8e3,48,5.1478482081720065,299.7301836013794,30,28,84
old,2,j-reversible-sp-unigram-32k,kanbun,sha256:1c8795c587d422f9e6badec1be2c0f203662c336e9dc16e7d9da62094f60dd54,61,5.821719573880508,338.9659147262573,33,28,84
old,2,j-reversible-sp-unigram-32k,kanbun,sha256:f1f6ff8fc59c4bdf2a0c7d89a59ce1297591ca2585ddd9a740f565903454591c,33,5.133989747889681,213.5166311264038,20,20,60
old,2,j-reversible-sp-unigram-32k,kanbun,sha256:e4769a914ff8c9e3d6cad934898bf6a90ebb6992033d1756a9abab376ae5d9fd,63,5.499617509318275,320.211727142334,32,28,84
old,2,j-reversible-sp-unigram-32k,kanbun,sha256:4c02892fa00fda9a82e65f5f9943d005b963874eb0a1bb42580237d0229d800a,8,5.058024290314375,589.0004863739014,60,56,168
old,2,j-reversible-sp-unigram-32k,kanbun,sha256:5b6327eb9c50ed53f3079584bad4f486ca82a0efb5c51fd0b607d68fa979d8fd,54,4.593902654391453,267.4770565032959,27,28,84
old,2,j-reversible-sp-unigram-32k,kanbun,sha256:db3fdb4a7c74e76b8850dd288bfabc473e0bbcecc4a5f6ae7a46e3aef4ef15bc,69,4.984901902509431,290.2427387237549,30,28,84
old,2,j-reversible-sp-unigram-32k,kanbun,sha256:0652e84601f21465239e3cdb72e18127be0ad1cae7ca187fe484a43b8404129e,51,4.891112031964304,284.7818832397461,29,28,84
old,2,j-reversible-sp-unigram-32k,kanbun,sha256:d1fcfa5db59009b0b864474ef4c1f16d10583bf1f85e0ba3a65738d29fffb1dd,64,4.5298316152256195,263.74656105041504,28,28,84
old,2,j-reversible-sp-unigram-32k,kanbun,sha256:d9bd1ab196ffa5be4cb918b3dffaae457e91718ad1514009a13c97be076315e9,75,5.054595529531674,294.3006057739258,30,28,84
old,2,j-reversible-sp-unigram-32k,kanbun,sha256:dc38293856bd4b3fbbfb17a2ea3a3ed005b1cc8e602170025665fb5769f1bad3,35,4.341893495049565,180.57427406311035,19,20,60
old,2,j-reversible-sp-unigram-32k,kanbun,sha256:f60ea7caa4cf25c42fa6d8ac30814d7c61d6959f972e21f71f7a4d57c45b2bb4,43,5.467828088719093,318.36080837249756,31,28,84
old,2,j-reversible-sp-unigram-32k,kanbun,sha256:7beffd8ab6e37ff02e514b4f5e7e27b31ab567e82347b63efb2870cfd85d2120,70,5.988326341904747,348.6664876937866,34,28,84
old,2,j-reversible-sp-unigram-32k,kanbun,sha256:ebfa9bb78878b7b86200084062c20b9a4ece85921e41296ea467c09d9a15c1b1,72,4.435344117531391,258.2450866699219,26,28,84
old,2,j-reversible-sp-unigram-32k,kanbun,sha256:1db2d79ff29ec9c8f61636a1207403fe5c301755545cc3920d27ccf8c94c9442,47,4.575952874258802,266.431941986084,27,28,84
old,2,j-reversible-sp-unigram-32k,kanbun,sha256:e1462673503c6f46a9b178f0c5bed3bd7182b2b5ed046517d8691e7372bc1ee1,77,4.756723167029397,276.9571771621704,28,28,84
old,2,j-reversible-sp-unigram-32k,kakikudashi,sha256:f7436097f1cf75a3137b5e899d5dc6e5b933a514de2be41598bc747649b46bd8,1,3.79064599491402,583.2995796203613,63,74,222
old,2,j-reversible-sp-unigram-32k,kakikudashi,sha256:cc8beb8808cee6f397a4c7e5703b64ad374667e09e452594277ad614a4113104,13,3.9830274680760045,844.8122234344482,93,102,306
old,2,j-reversible-sp-unigram-32k,kakikudashi,sha256:e66c9c522bbdb987b6e975cb5ac62c23f1a3340f2edb970afc57d26586920b73,57,3.2519167067849266,317.8220224380493,35,47,141
old,2,j-reversible-sp-unigram-32k,kakikudashi,sha256:ebfa9bb78878b7b86200084062c20b9a4ece85921e41296ea467c09d9a15c1b1,72,4.138972885123046,275.4160690307617,29,32,96
old,2,j-reversible-sp-unigram-32k,kakikudashi,sha256:d849179ec7b142b2d9eb33ad8eb59461b6c686a0ca5659c9b6ec0c8b0dc73cf1,3,4.125721922349502,746.3901872634888,79,87,261
old,2,j-reversible-sp-unigram-32k,kakikudashi,sha256:66be6d209047c20bf16ed7e709147176ce8d974b4814dc9bb1808e1b9003a4c3,86,3.9491137541805843,500.92902278900146,51,61,183
old,2,j-reversible-sp-unigram-32k,kakikudashi,sha256:fa6cc111cd2ef421711faa1460ebc8ce838fdf13293855c223b6e74434edff05,66,3.648762314004239,3308.101138114929,361,436,1308
old,2,j-reversible-sp-unigram-32k,kakikudashi,sha256:aacc5122dd14a93c28b61f0916e1aff1d20f56bd5d6a0cd4fd2b767b82852a03,0,4.2089391720253895,1540.3947610855103,168,176,528
old,2,j-reversible-sp-unigram-32k,kakikudashi,sha256:ebaf0a12c2adc7099504c6b86bc708e24aceb7691b4ff10637999dc94e4f54eb,10,4.995570712728803,955.6957483291626,103,92,276
old,2,j-reversible-sp-unigram-32k,kakikudashi,sha256:c6fedba6d584e75c829082a67d2ee059e215a162bc29488af48dadcb3b48695a,9,4.320587116863293,790.6279335021973,88,88,264
old,2,j-reversible-sp-unigram-32k,kakikudashi,sha256:37e41b45f0a4183f9f226c73d0b4017a78425c8da65bcfe34480e6f688ded206,7,4.121512676648422,6367.840393066406,682,743,2229
old,2,j-reversible-sp-unigram-32k,kakikudashi,sha256:c3b29a274f6ee071fbe02e89e38bae7e2a961492db2382eb5f98bacb15565fab,20,4.213416103238752,727.2088556289673,77,83,249
old,2,j-reversible-sp-unigram-32k,kakikudashi,sha256:91a9fc3f3bf6f759c805d8991ec615e476b531e2d18733983b45d55fa3050bdc,82,3.728509939542195,457.4398889541626,51,59,177
old,2,j-reversible-sp-unigram-32k,kakikudashi,sha256:1db2d79ff29ec9c8f61636a1207403fe5c301755545cc3920d27ccf8c94c9442,47,3.2364785418277964,323.0432605743408,38,48,144
old,2,j-reversible-sp-unigram-32k,kakikudashi,sha256:993cf16ce411260e37f115ed6283350dd03253978bb9dafabd3b6ef85c86612d,6,3.82569684978321,1424.001019001007,156,179,537
old,2,j-reversible-sp-unigram-32k,kakikudashi,sha256:a2d102ad8170a1ea7416667b7226955d7fe7d42a70e2083e50f7fac9a559fd5a,59,3.7323919154056773,1102.1032934188843,117,142,426
old,2,j-reversible-sp-unigram-32k,kakikudashi,sha256:6de762fbae5cdea909bda4906ad245f5cc75f692374795ca0623fcce53a55e9d,19,3.587357153675816,708.6714515686035,78,95,285
old,2,j-reversible-sp-unigram-32k,kakikudashi,sha256:7beffd8ab6e37ff02e514b4f5e7e27b31ab567e82347b63efb2870cfd85d2120,70,4.119449493281972,436.87387466430664,45,51,153
old,2,j-reversible-sp-unigram-32k,kakikudashi,sha256:17672397b016991e757a866468203dc56a37ad82f5134adf2459846a3cedb669,4,4.3537136164957015,1294.6208925247192,137,143,429
old,2,j-reversible-sp-unigram-32k,kakikudashi,sha256:69b01b2daede497431a5d130a695d18f1235d869145fe59b5d92bd960a722364,41,3.2721046921864105,333.40337085723877,36,49,147
old,2,j-reversible-sp-unigram-32k,kakikudashi,sha256:f210cb062afab635a3aebbe9d65a845191038025db1ba590476a534d9e4b65af,36,3.769508685293622,1340.3788747787476,143,171,513
old,2,j-reversible-sp-unigram-32k,kakikudashi,sha256:0652e84601f21465239e3cdb72e18127be0ad1cae7ca187fe484a43b8404129e,51,3.051546390971106,310.93010425567627,33,49,147
old,2,j-reversible-sp-unigram-32k,kakikudashi,sha256:9100a9d34da88fd774602b05c6ee90111876201854176c82b281df6d57a5a5bf,2,3.6156168753946214,857.1048879623413,91,114,342
old,2,j-reversible-sp-unigram-32k,kakikudashi,sha256:1f9f63a99ef6cbc57d5c80bdef37a7265023289a48ee5d0655f048f73ba0e5bb,62,3.306220640268765,336.8795347213745,35,49,147
old,2,j-reversible-sp-unigram-32k,kakikudashi,sha256:1b09cd49c628a7def77bd0e04ec449903aa253b56b2f66ab838006a24eaf02f1,23,3.967053891562801,239.22844314575195,27,29,87
old,2,j-reversible-sp-unigram-32k,kakikudashi,sha256:1d462ae5e9da2fcffab98988325fe94a152555eadb42c0f9483fa915caa8b4de,5,3.8136306354892886,1252.9750709533691,134,158,474
old,2,j-reversible-sp-unigram-32k,kakikudashi,sha256:49f02e00aefd621557e789f30a22273b497c62377cdb20a7308eb042a223a0c9,17,3.882402558041068,758.8835411071777,84,94,282
old,2,j-reversible-sp-unigram-32k,kakikudashi,sha256:7f1acba73dbb590f2059350b81b6452ea01874038280fd90c87628f586c00cfd,15,3.9217781989942386,742.1148738861084,79,91,273
old,2,j-reversible-sp-unigram-32k,kakikudashi,sha256:384a2829117df294f918e0e3292aaeb2ceb26f82fe95b69531292e41d596fcdb,80,4.4226017157789945,625.3648376464844,64,68,204
old,2,j-reversible-sp-unigram-32k,kakikudashi,sha256:05554bc9b8e804ebbb02cfc07924513e935f5384702576a7b045942bcc776571,84,4.239659993396432,555.4158821105957,61,63,189
old,2,j-reversible-sp-unigram-32k,kakikudashi,sha256:71345211ec3ba323c2f3fea96d80860d327b842b3d46c17c4ab28e9c8f26ef4b,90,3.7590972446255417,414.29161739349365,43,53,159
old,2,j-reversible-sp-unigram-32k,kakikudashi,sha256:c391898daeab8372fb8199bbd41e708d8b04b33d1984080480949e3511a584bd,16,4.112045170800816,692.6113615036011,74,81,243
old,2,j-reversible-sp-unigram-32k,kakikudashi,sha256:dc38293856bd4b3fbbfb17a2ea3a3ed005b1cc8e602170025665fb5769f1bad3,35,3.3675111871701824,252.0915355682373,27,36,108
old,2,j-reversible-sp-unigram-32k,kakikudashi,sha256:5b1999b0cac33e1542758e3b59d9c473b5fd370a2b0e632b3b27ca873479c6c6,11,3.679985250511087,880.0161333084106,99,115,345
old,2,j-reversible-sp-unigram-32k,kakikudashi,sha256:db3fdb4a7c74e76b8850dd288bfabc473e0bbcecc4a5f6ae7a46e3aef4ef15bc,69,3.1791316988364935,350.37338161468506,39,53,159
old,2,j-reversible-sp-unigram-32k,kakikudashi,sha256:4407f3d844541f2fb9d8b6d645132e11ab661a4288b1422293ccb9f28d2675a2,79,3.9049303791790977,617.1256580352783,69,76,228
old,2,j-reversible-sp-unigram-32k,kakikudashi,sha256:0bf633a5dc9bf7ac673d3599d8596c43ba77d4ea94b9469cf17de002f895f6c3,56,3.0832308295296986,346.2155065536499,39,54,162
old,2,j-reversible-sp-unigram-32k,kakikudashi,sha256:955384079b4cf87e3e9c30e0ba87152d4db31178c42f5276179131094cdc11c5,34,3.7442974575982646,288.0837640762329,30,37,111
old,2,j-reversible-sp-unigram-32k,kakikudashi,sha256:4cfce05a50c6c27787ce5282083e079a6b4dacc0a17d46e4c5637c4f2999408b,27,3.2415744928733705,215.70126914978027,23,32,96
old,2,j-reversible-sp-unigram-32k,kakikudashi,sha256:d4b6bdac65f25e1d06547ce88e4c9810c1c705b41cc1bc9e1d075549ba3cd696,42,3.637310963526057,317.6701717376709,32,42,126
old,2,j-reversible-sp-unigram-32k,kakikudashi,sha256:8952801954f78ca62cdeb76b00e9976739ee20e4a31fb68734b7fef676634790,87,3.910747442430896,569.2519483566284,63,70,210
old,2,j-reversible-sp-unigram-32k,kakikudashi,sha256:ad956be81d174cb25b3d89f0f335c67b00d3da32c475addd0b99e374b8175da2,45,3.5376296683964124,441.3776454925537,48,60,180
old,2,j-reversible-sp-unigram-32k,kakikudashi,sha256:e1462673503c6f46a9b178f0c5bed3bd7182b2b5ed046517d8691e7372bc1ee1,77,3.6088291692308765,360.20876598358154,39,48,144
old,2,j-reversible-sp-unigram-32k,kakikudashi,sha256:fcce7557f2d919d4d0ab9666c2a16d44fa53dc0c35a78ed6945b85b1367d4146,83,4.155658638211203,535.769850730896,57,62,186
old,2,j-reversible-sp-unigram-32k,kakikudashi,sha256:407eeb8ace2d180c36fff5d7853f672bab8adbf3a4b1c3a66554ddc3a8d14f6b,60,3.4849839383707586,362.3410186767578,40,50,150
old,2,j-reversible-sp-unigram-32k,kakikudashi,sha256:c2c3ee696b5b493e537c49dadd14b04b067ebe32fa96f36b078c1d6c5be6f756,28,3.6221244503177186,1732.359091758728,186,230,690
old,2,j-reversible-sp-unigram-32k,kakikudashi,sha256:2095bc33187d6f3979e02211a3b227ce1dd28cb684fbc1a054587a1572e4e3b4,78,4.13990270309368,593.9993104934692,63,69,207
old,2,j-reversible-sp-unigram-32k,kakikudashi,sha256:f1f6ff8fc59c4bdf2a0c7d89a59ce1297591ca2585ddd9a740f565903454591c,33,3.3732993055029334,301.6268844604492,32,43,129
old,2,j-reversible-sp-unigram-32k,kakikudashi,sha256:eab5a1ee862005a36aabd8128fab3ca66f14360f68d43eb46be2cfb47469b2cd,91,3.714984160338443,517.5811901092529,57,67,201
old,2,j-reversible-sp-unigram-32k,kakikudashi,sha256:7edc75ccf8b006bfee320f69fd21cb73bbf58dfcd8e465869abdf29c33953c86,24,3.748218273413653,265.0028266906738,28,34,102
old,2,j-reversible-sp-unigram-32k,kakikudashi,sha256:e4769a914ff8c9e3d6cad934898bf6a90ebb6992033d1756a9abab376ae5d9fd,63,4.262119823998273,354.5131607055664,37,40,120
old,2,j-reversible-sp-unigram-32k,kakikudashi,sha256:75b04a7e467914ade7b81a7dbd0567f092dc7b294240cdc0a911449fa2eed8e3,48,3.659607313061747,426.1566104888916,47,56,168
old,2,j-reversible-sp-unigram-32k,kakikudashi,sha256:9bb8ba0d8cf2ad6f8497915f809b3e2670e27464e6d8aeee94804444c0d21c55,37,3.8529335918390397,376.5616579055786,42,47,141
old,2,j-reversible-sp-unigram-32k,kakikudashi,sha256:d424c3774ec17385aaab9fa7645d5796a51c6f7ff14faacd6656efa2788d52f8,81,3.8550426103256683,497.0128164291382,55,62,186
old,2,j-reversible-sp-unigram-32k,kakikudashi,sha256:d9bd1ab196ffa5be4cb918b3dffaae457e91718ad1514009a13c97be076315e9,75,3.8208544911839164,349.5907163619995,37,44,132
old,2,j-reversible-sp-unigram-32k,kakikudashi,sha256:22f44fef0442f74ec7e3a8019f0d5b5863c7412ab19972f024585da8f6ae00e5,58,3.854716720208369,408.7985620498657,44,51,153
old,2,j-reversible-sp-unigram-32k,kakikudashi,sha256:042ab8718b1edb4db8fa7b7b4ef51267d51b3bbfa609b7c2fb0a488b010a293d,18,4.126315258211886,823.7214107513428,90,96,288
old,2,j-reversible-sp-unigram-32k,kakikudashi,sha256:58f733bc6cbd287eb76188c05268a0fe9ff300e1bef90bcaacdecc02dfadb6db,55,3.7609223662176303,367.569055557251,40,47,141
old,2,j-reversible-sp-unigram-32k,kakikudashi,sha256:54246f8567838836aa8f2dfa6cd0fa1a0615aa5a61094e0e6d22bd4e010af3b5,65,3.5338718734635495,367.42399883270264,38,50,150
old,2,j-reversible-sp-unigram-32k,kakikudashi,sha256:8215e571653d767b252e7ae8725974a13373db12bf182977ca33c96ba5ee6b80,92,4.472210681098852,557.9820404052734,57,60,180
old,2,j-reversible-sp-unigram-32k,kakikudashi,sha256:dd88113ccc60b7699d2c9347a398c5a7acd779379d3a65044cdfec0f7a53ca47,85,4.319419136802155,547.9007549285889,57,61,183
old,2,j-reversible-sp-unigram-32k,kakikudashi,sha256:1c8795c587d422f9e6badec1be2c0f203662c336e9dc16e7d9da62094f60dd54,61,4.031426866722316,394.0064754486084,40,47,141
old,2,j-reversible-sp-unigram-32k,kakikudashi,sha256:ec1d71629897d032d200bc0c57750145d04d86acc0a6396c648a042829924aea,31,4.205988305113482,253.6370973587036,26,29,87
old,2,j-reversible-sp-unigram-32k,kakikudashi,sha256:92962b2becc7cee570967487d785019a13b9cb591d3f50b25b2afcd1fe53f2c2,46,4.273908304300975,417.705096244812,45,47,141
old,2,j-reversible-sp-unigram-32k,kakikudashi,sha256:e65a9c5fd6e9d20ea1287742a598a788ad345da529eb986561206ed8b6525930,52,3.9003981758840833,348.75794982910156,37,43,129
old,2,j-reversible-sp-unigram-32k,kakikudashi,sha256:b004000bb7c65a514d4447f566f6d669a14b0e75e76ad73b89ec148382406328,88,3.780337951381973,550.2694244384766,60,70,210
old,2,j-reversible-sp-unigram-32k,kakikudashi,sha256:ca92af2a8bc61ae0ed038296541d8177d788bfd267f5857643ae688a5962e783,40,3.397396916628813,353.234414100647,38,50,150
old,2,j-reversible-sp-unigram-32k,kakikudashi,sha256:964bfe91c38434748812e8b8b16787e3c98616914e921f9b879582ebbc22b7f4,67,3.992782169128898,514.7709407806396,57,62,186
old,2,j-reversible-sp-unigram-32k,kakikudashi,sha256:88362c9b02b3036094ebff13f879919608f9de1d43cb3e7077cbc826a69b3f8e,44,3.1721852704060054,672.8301305770874,74,102,306
old,2,j-reversible-sp-unigram-32k,kakikudashi,sha256:5b6327eb9c50ed53f3079584bad4f486ca82a0efb5c51fd0b607d68fa979d8fd,54,3.3790922568296273,379.4377398490906,44,54,162
old,2,j-reversible-sp-unigram-32k,kakikudashi,sha256:5838bb07b453e8326ecde9bed1a68e120ebd0c10351d5b4f0cca67cda9f64860,53,3.9309148094499524,359.6607322692871,38,44,132
old,2,j-reversible-sp-unigram-32k,kakikudashi,sha256:cb2a8a3119275310a787147d26d5a1124462b3c321e829061f03ab4ac6121b90,73,3.445959353534744,343.95220947265625,38,48,144
old,2,j-reversible-sp-unigram-32k,kakikudashi,sha256:87bc3920a414557db574f9eaf2e17fd70735979bc5ffedf6d561fbd6bea78a45,14,3.705028027045081,793.5520868301392,85,103,309
old,2,j-reversible-sp-unigram-32k,kakikudashi,sha256:215977ec34040a8aadcca9036a7b8f0a836dce0d3aec6016d2715e724ae2d6a7,76,3.4695352906512875,353.520094871521,37,49,147
old,2,j-reversible-sp-unigram-32k,kakikudashi,sha256:be5128326818907c64a0de0aa20944748f8f995f9f475c0d205f6616c4437bb7,39,4.00836960402313,366.74749183654785,40,44,132
old,2,j-reversible-sp-unigram-32k,kakikudashi,sha256:976c593d798c11b05704cbc42adbad4e4c52a73c3def579dad8fb18d1ac52a6d,89,3.138328838910088,580.811450958252,65,89,267
old,2,j-reversible-sp-unigram-32k,kakikudashi,sha256:b81eee34499968e2ce987a320a443a984cbb6eb55e24690490b083ecfa2d6c5e,30,3.091033809220051,237.8220920562744,26,37,111
old,2,j-reversible-sp-unigram-32k,kakikudashi,sha256:4c02892fa00fda9a82e65f5f9943d005b963874eb0a1bb42580237d0229d800a,8,3.472003566767096,794.1811294555664,93,110,330
old,2,j-reversible-sp-unigram-32k,kakikudashi,sha256:535ff6b269a808c5e5d4784d77e49613744c3d107298fd16704eb1d0ae3dc8b7,74,3.5752123881229494,304.8122515678406,33,41,123
old,2,j-reversible-sp-unigram-32k,kakikudashi,sha256:0229116fc57ac9d156b7b050ed0b3d8d32973da148d5caedf78e34865dfcf6bc,32,3.714169120783039,239.42532444000244,27,31,93
old,2,j-reversible-sp-unigram-32k,kakikudashi,sha256:f60ea7caa4cf25c42fa6d8ac30814d7c61d6959f972e21f71f7a4d57c45b2bb4,43,3.869738201444714,386.2509298324585,40,48,144
old,2,j-reversible-sp-unigram-32k,kakikudashi,sha256:52d4e6ff51fc2e69153746cda5f4f5a39ff0d586927a0846b5def92686809376,22,4.259873723281772,779.5179376602173,82,88,264
old,2,j-reversible-sp-unigram-32k,kakikudashi,sha256:86c9c4dca0127039f1ae50c558904b59fbd4edc03012923694b9ff7998751210,12,3.039531056484238,347.6289930343628,40,55,165
old,2,j-reversible-sp-unigram-32k,kakikudashi,sha256:9beed968afd17741e87149d0ebe3868b9aad034dcf2a2aa1dce8f8b630cc0bd1,26,3.1999589737325773,266.16510486602783,27,40,120
old,2,j-reversible-sp-unigram-32k,kakikudashi,sha256:e62e8d1b5a1be2dbb714cc0f0b0d8503d6a659c6737858eeb90e06ab78241761,71,3.494194228462005,363.2986316680908,38,50,150
old,2,j-reversible-sp-unigram-32k,kakikudashi,sha256:17081afb209552d4294e87f5efd6594d01eeeb792541c4332b4a0cfff4becfda,50,4.070094005435141,406.2490825653076,43,48,144
old,2,j-reversible-sp-unigram-32k,kakikudashi,sha256:6639bedd74374987daa82adc5ac1b2a6ab82e22bb002607b321814be456b53c0,68,3.7998241744802765,402.97712421417236,44,51,153
old,2,j-reversible-sp-unigram-32k,kakikudashi,sha256:31894b65cce53b847f0bbdf4266379e21c8e28ba6e740f0ebea69fdc4f808e6c,49,3.421857690945242,313.0843334197998,35,44,132
old,2,j-reversible-sp-unigram-32k,kakikudashi,sha256:1bdc76492ee87575f06f81fed47e66616f04a17174f37cb9e9b56f2e51f6058a,29,3.8333226427239815,286.96213245391846,32,36,108
old,2,j-reversible-sp-unigram-32k,kakikudashi,sha256:6e1cd63b15f93f8ceabc67586351fb8825b5605482df3f7b4c47790860960bd7,21,3.46366147111944,417.7439298629761,46,58,174
old,2,j-reversible-sp-unigram-32k,kakikudashi,sha256:d1fcfa5db59009b0b864474ef4c1f16d10583bf1f85e0ba3a65738d29fffb1dd,64,3.8265839479408905,310.3291473388672,35,39,117
old,2,j-reversible-sp-unigram-32k,kakikudashi,sha256:d7d8f505d3d800f8b06b5904e82f03d762ec23c0c9a1869136f46caf102f2c7b,25,3.8499170049345297,296.21006202697754,32,37,111
old,2,j-reversible-sp-unigram-32k,kakikudashi,sha256:f9e6b50f8fab92d523315a94e9ac2b6a97d4de417458d64ce2b8d3b137f12b75,38,3.471590541734837,368.16744899749756,42,51,153
old,2,j-reversible-sp-unigram-48k,kanbun,sha256:aacc5122dd14a93c28b61f0916e1aff1d20f56bd5d6a0cd4fd2b767b82852a03,0,5.81458987748564,1209.1099739074707,115,100,300
old,2,j-reversible-sp-unigram-48k,kanbun,sha256:37e41b45f0a4183f9f226c73d0b4017a78425c8da65bcfe34480e6f688ded206,7,5.540313241781316,5483.880574226379,527,476,1428
old,2,j-reversible-sp-unigram-48k,kanbun,sha256:993cf16ce411260e37f115ed6283350dd03253978bb9dafabd3b6ef85c86612d,6,5.474969196899915,1138.4878387451172,109,100,300
old,2,j-reversible-sp-unigram-48k,kanbun,sha256:d424c3774ec17385aaab9fa7645d5796a51c6f7ff14faacd6656efa2788d52f8,81,4.973401360404896,413.67589569091797,40,40,120
old,2,j-reversible-sp-unigram-48k,kanbun,sha256:9100a9d34da88fd774602b05c6ee90111876201854176c82b281df6d57a5a5bf,2,5.268442337037534,657.3250713348389,63,60,180
old,2,j-reversible-sp-unigram-48k,kanbun,sha256:7edc75ccf8b006bfee320f69fd21cb73bbf58dfcd8e465869abdf29c33953c86,24,5.544780697227612,230.6009464263916,23,20,60
old,2,j-reversible-sp-unigram-48k,kanbun,sha256:88362c9b02b3036094ebff13f879919608f9de1d43cb3e7077cbc826a69b3f8e,44,4.465605701587858,520.0140962600708,51,56,168
old,2,j-reversible-sp-unigram-48k,kanbun,sha256:c2c3ee696b5b493e537c49dadd14b04b067ebe32fa96f36b078c1d6c5be6f756,28,5.160930739151229,1352.2135753631592,131,126,378
old,2,j-reversible-sp-unigram-48k,kanbun,sha256:71345211ec3ba323c2f3fea96d80860d327b842b3d46c17c4ab28e9c8f26ef4b,90,4.984013928238217,310.9189682006836,29,30,90
old,2,j-reversible-sp-unigram-48k,kanbun,sha256:1b09cd49c628a7def77bd0e04ec449903aa253b56b2f66ab838006a24eaf02f1,23,4.737627798993839,197.0324010848999,19,20,60
old,2,j-reversible-sp-unigram-48k,kanbun,sha256:f9e6b50f8fab92d523315a94e9ac2b6a97d4de417458d64ce2b8d3b137f12b75,38,4.5774443569449845,266.5187826156616,25,28,84
old,2,j-reversible-sp-unigram-48k,kanbun,sha256:955384079b4cf87e3e9c30e0ba87152d4db31178c42f5276179131094cdc11c5,34,5.927431294886887,246.51493740081787,24,20,60
old,2,j-reversible-sp-unigram-48k,kanbun,sha256:d849179ec7b142b2d9eb33ad8eb59461b6c686a0ca5659c9b6ec0c8b0dc73cf1,3,5.062522487266088,631.6331739425659,62,60,180
old,2,j-reversible-sp-unigram-48k,kanbun,sha256:8215e571653d767b252e7ae8725974a13373db12bf182977ca33c96ba5ee6b80,92,5.915260185874916,492.01751041412354,47,40,120
old,2,j-reversible-sp-unigram-48k,kanbun,sha256:f210cb062afab635a3aebbe9d65a845191038025db1ba590476a534d9e4b65af,36,5.482224683956825,1128.5966091156006,109,99,297
old,2,j-reversible-sp-unigram-48k,kanbun,sha256:5838bb07b453e8326ecde9bed1a68e120ebd0c10351d5b4f0cca67cda9f64860,53,4.953456529108475,288.41185188293457,28,28,84
old,2,j-reversible-sp-unigram-48k,kanbun,sha256:17672397b016991e757a866468203dc56a37ad82f5134adf2459846a3cedb669,4,6.538146572408005,1087.6554870605469,105,80,240
old,2,j-reversible-sp-unigram-48k,kanbun,sha256:e65a9c5fd6e9d20ea1287742a598a788ad345da529eb986561206ed8b6525930,52,5.1900554368989535,302.18767261505127,29,28,84
old,2,j-reversible-sp-unigram-48k,kanbun,sha256:b81eee34499968e2ce987a320a443a984cbb6eb55e24690490b083ecfa2d6c5e,30,4.42376686788871,183.97929191589355,18,20,60
old,2,j-reversible-sp-unigram-48k,kanbun,sha256:1f9f63a99ef6cbc57d5c80bdef37a7265023289a48ee5d0655f048f73ba0e5bb,62,4.821027971566004,280.701283454895,26,28,84
old,2,j-reversible-sp-unigram-48k,kanbun,sha256:b004000bb7c65a514d4447f566f6d669a14b0e75e76ad73b89ec148382406328,88,5.133428774879097,426.9866018295288,41,40,120
old,2,j-reversible-sp-unigram-48k,kanbun,sha256:31894b65cce53b847f0bbdf4266379e21c8e28ba6e740f0ebea69fdc4f808e6c,49,4.400986635610225,256.24464416503906,26,28,84
old,2,j-reversible-sp-unigram-48k,kanbun,sha256:fa6cc111cd2ef421711faa1460ebc8ce838fdf13293855c223b6e74434edff05,66,5.125605155058862,2685.9158639907837,266,252,756
old,2,j-reversible-sp-unigram-48k,kanbun,sha256:535ff6b269a808c5e5d4784d77e49613744c3d107298fd16704eb1d0ae3dc8b7,74,4.57577099851069,266.4213523864746,27,28,84
old,2,j-reversible-sp-unigram-48k,kanbun,sha256:58f733bc6cbd287eb76188c05268a0fe9ff300e1bef90bcaacdecc02dfadb6db,55,5.44123701572489,316.81256008148193,30,28,84
old,2,j-reversible-sp-unigram-48k,kanbun,sha256:215977ec34040a8aadcca9036a7b8f0a836dce0d3aec6016d2715e724ae2d6a7,76,5.582894735588163,325.06049060821533,31,28,84
old,2,j-reversible-sp-unigram-48k,kanbun,sha256:ebaf0a12c2adc7099504c6b86bc708e24aceb7691b4ff10637999dc94e4f54eb,10,7.100747898351383,826.8730487823486,81,56,168
old,2,j-reversible-sp-unigram-48k,kanbun,sha256:ad956be81d174cb25b3d89f0f335c67b00d3da32c475addd0b99e374b8175da2,45,5.640591622713319,328.41985511779785,31,28,84
old,2,j-reversible-sp-unigram-48k,kanbun,sha256:cb2a8a3119275310a787147d26d5a1124462b3c321e829061f03ab4ac6121b90,73,4.79332652943993,279.0883846282959,27,28,84
old,2,j-reversible-sp-unigram-48k,kanbun,sha256:c391898daeab8372fb8199bbd41e708d8b04b33d1984080480949e3511a584bd,16,5.153905592738745,600.1657419204712,58,56,168
old,2,j-reversible-sp-unigram-48k,kanbun,sha256:86c9c4dca0127039f1ae50c558904b59fbd4edc03012923694b9ff7998751210,12,5.690911584288166,331.349702835083,33,28,84
old,2,j-reversible-sp-unigram-48k,kanbun,sha256:05554bc9b8e804ebbb02cfc07924513e935f5384702576a7b045942bcc776571,84,5.725421241372605,476.2271509170532,46,40,120
old,2,j-reversible-sp-unigram-48k,kanbun,sha256:7f1acba73dbb590f2059350b81b6452ea01874038280fd90c87628f586c00cfd,15,5.190207379476165,604.3930387496948,57,56,168
old,2,j-reversible-sp-unigram-48k,kanbun,sha256:17081afb209552d4294e87f5efd6594d01eeeb792541c4332b4a0cfff4becfda,50,5.660097894974179,329.5555953979492,33,28,84
old,2,j-reversible-sp-unigram-48k,kanbun,sha256:1d462ae5e9da2fcffab98988325fe94a152555eadb42c0f9483fa915caa8b4de,5,5.849557665231307,973.1050567626953,93,80,240
old,2,j-reversible-sp-unigram-48k,kanbun,sha256:4407f3d844541f2fb9d8b6d645132e11ab661a4288b1422293ccb9f28d2675a2,79,5.718923197944036,475.68665885925293,45,40,120
old,2,j-reversible-sp-unigram-48k,kanbun,sha256:407eeb8ace2d180c36fff5d7853f672bab8adbf3a4b1c3a66554ddc3a8d14f6b,60,4.687461167322921,272.92444133758545,27,28,84
old,2,j-reversible-sp-unigram-48k,kanbun,sha256:9bb8ba0d8cf2ad6f8497915f809b3e2670e27464e6d8aeee94804444c0d21c55,37,5.449653732003015,317.3026180267334,32,28,84
old,2,j-reversible-sp-unigram-48k,kanbun,sha256:6e1cd63b15f93f8ceabc67586351fb8825b5605482df3f7b4c47790860960bd7,21,5.001289836177158,301.59680557250977,31,29,87
old,2,j-reversible-sp-unigram-48k,kanbun,sha256:eab5a1ee862005a36aabd8128fab3ca66f14360f68d43eb46be2cfb47469b2cd,91,5.08485485488266,422.9463367462158,41,40,120
old,2,j-reversible-sp-unigram-48k,kanbun,sha256:5b1999b0cac33e1542758e3b59d9c473b5fd370a2b0e632b3b27ca873479c6c6,11,5.642591535253352,657.0725975036621,64,56,168
old,2,j-reversible-sp-unigram-48k,kanbun,sha256:fcce7557f2d919d4d0ab9666c2a16d44fa53dc0c35a78ed6945b85b1367d4146,83,5.531075262194234,460.0619068145752,46,40,120
old,2,j-reversible-sp-unigram-48k,kanbun,sha256:52d4e6ff51fc2e69153746cda5f4f5a39ff0d586927a0846b5def92686809376,22,5.804530784219325,675.9302167892456,65,56,168
old,2,j-reversible-sp-unigram-48k,kanbun,sha256:2095bc33187d6f3979e02211a3b227ce1dd28cb684fbc1a054587a1572e4e3b4,78,5.5242566201734356,459.49474811553955,44,40,120
old,2,j-reversible-sp-unigram-48k,kanbun,sha256:6639bedd74374987daa82adc5ac1b2a6ab82e22bb002607b321814be456b53c0,68,5.4726069624489675,318.6390552520752,30,28,84
old,2,j-reversible-sp-unigram-48k,kanbun,sha256:a2d102ad8170a1ea7416667b7226955d7fe7d42a70e2083e50f7fac9a559fd5a,59,5.060865105201094,883.9969434738159,88,84,252
old,2,j-reversible-sp-unigram-48k,kanbun,sha256:e66c9c522bbdb987b6e975cb5ac62c23f1a3340f2edb970afc57d26586920b73,57,4.427492962105803,257.7879581451416,25,28,84
old,2,j-reversible-sp-unigram-48k,kanbun,sha256:87bc3920a414557db574f9eaf2e17fd70735979bc5ffedf6d561fbd6bea78a45,14,5.195029298006657,604.9545450210571,58,56,168
old,2,j-reversible-sp-unigram-48k,kanbun,sha256:976c593d798c11b05704cbc42adbad4e4c52a73c3def579dad8fb18d1ac52a6d,89,4.89038174612877,406.7705183029175,39,40,120
old,2,j-reversible-sp-unigram-48k,kanbun,sha256:d7d8f505d3d800f8b06b5904e82f03d762ec23c0c9a1869136f46caf102f2c7b,25,5.56898088051296,231.607403755188,21,20,60
old,2,j-reversible-sp-unigram-48k,kanbun,sha256:49f02e00aefd621557e789f30a22273b497c62377cdb20a7308eb042a223a0c9,17,5.298188472164089,616.9672994613647,60,56,168
old,2,j-reversible-sp-unigram-48k,kanbun,sha256:69b01b2daede497431a5d130a695d18f1235d869145fe59b5d92bd960a722364,41,4.854436289426707,282.6464614868164,27,28,84
old,2,j-reversible-sp-unigram-48k,kanbun,sha256:042ab8718b1edb4db8fa7b7b4ef51267d51b3bbfa609b7c2fb0a488b010a293d,18,5.935005422296395,691.1238222122192,67,56,168
old,2,j-reversible-sp-unigram-48k,kanbun,sha256:4cfce05a50c6c27787ce5282083e079a6b4dacc0a17d46e4c5637c4f2999408b,27,4.683190199309294,194.76840496063232,20,20,60
old,2,j-reversible-sp-unigram-48k,kanbun,sha256:c6fedba6d584e75c829082a67d2ee059e215a162bc29488af48dadcb3b48695a,9,5.810979945264729,676.6812133789062,66,56,168
old,2,j-reversible-sp-unigram-48k,kanbun,sha256:8952801954f78ca62cdeb76b00e9976739ee20e4a31fb68734b7fef676634790,87,5.599666632751935,465.7671766281128,44,40,120
old,2,j-reversible-sp-unigram-48k,kanbun,sha256:dd88113ccc60b7699d2c9347a398c5a7acd779379d3a65044cdfec0f7a53ca47,85,5.692743551674807,473.5090970993042,45,40,120
old,2,j-reversible-sp-unigram-48k,kanbun,sha256:91a9fc3f3bf6f759c805d8991ec615e476b531e2d18733983b45d55fa3050bdc,82,4.785527466740323,398.0489845275879,40,40,120
old,2,j-reversible-sp-unigram-48k,kanbun,sha256:1bdc76492ee87575f06f81fed47e66616f04a17174f37cb9e9b56f2e51f6058a,29,5.59181387051701,232.5570011138916,22,20,60
old,2,j-reversible-sp-unigram-48k,kanbun,sha256:d4b6bdac65f25e1d06547ce88e4c9810c1c705b41cc1bc9e1d075549ba3cd696,42,4.716787255844845,274.6319341659546,26,28,84
old,2,j-reversible-sp-unigram-48k,kanbun,sha256:92962b2becc7cee570967487d785019a13b9cb591d3f50b25b2afcd1fe53f2c2,46,6.312547068932609,367.5440330505371,36,28,84
old,2,j-reversible-sp-unigram-48k,kanbun,sha256:be5128326818907c64a0de0aa20944748f8f995f9f475c0d205f6616c4437bb7,39,5.2852637384518975,307.7311153411865,29,28,84
old,2,j-reversible-sp-unigram-48k,kanbun,sha256:384a2829117df294f918e0e3292aaeb2ceb26f82fe95b69531292e41d596fcdb,80,6.36221593367403,529.1942443847656,50,40,120
old,2,j-reversible-sp-unigram-48k,kanbun,sha256:e62e8d1b5a1be2dbb714cc0f0b0d8503d6a659c6737858eeb90e06ab78241761,71,4.80668563400065,279.8662099838257,27,28,84
old,2,j-reversible-sp-unigram-48k,kanbun,sha256:c3b29a274f6ee071fbe02e89e38bae7e2a961492db2382eb5f98bacb15565fab,20,5.699705507657534,663.7234468460083,65,56,168
old,2,j-reversible-sp-unigram-48k,kanbun,sha256:66be6d209047c20bf16ed7e709147176ce8d974b4814dc9bb1808e1b9003a4c3,86,5.140157389714923,427.54627227783203,40,40,120
old,2,j-reversible-sp-unigram-48k,kanbun,sha256:f7436097f1cf75a3137b5e899d5dc6e5b933a514de2be41598bc747649b46bd8,1,5.498134106540824,457.3219385147095,44,40,120
old,2,j-reversible-sp-unigram-48k,kanbun,sha256:9beed968afd17741e87149d0ebe3868b9aad034dcf2a2aa1dce8f8b630cc0bd1,26,5.103707730656361,212.2572374343872,20,20,60
old,2,j-reversible-sp-unigram-48k,kanbun,sha256:54246f8567838836aa8f2dfa6cd0fa1a0615aa5a61094e0e6d22bd4e010af3b5,65,5.373188001465299,312.85044956207275,30,28,84
old,2,j-reversible-sp-unigram-48k,kanbun,sha256:6de762fbae5cdea909bda4906ad245f5cc75f692374795ca0623fcce53a55e9d,19,5.100379825413915,593.9327344894409,57,56,168
old,2,j-reversible-sp-unigram-48k,kanbun,sha256:cc8beb8808cee6f397a4c7e5703b64ad374667e09e452594277ad614a4113104,13,5.677117257155312,661.0930738449097,63,56,168
old,2,j-reversible-sp-unigram-48k,kanbun,sha256:ec1d71629897d032d200bc0c57750145d04d86acc0a6396c648a042829924aea,31,5.113900752545658,212.68115329742432,20,20,60
old,2,j-reversible-sp-unigram-48k,kanbun,sha256:964bfe91c38434748812e8b8b16787e3c98616914e921f9b879582ebbc22b7f4,67,6.597310930165422,384.1242275238037,37,28,84
old,2,j-reversible-sp-unigram-48k,kanbun,sha256:ca92af2a8bc61ae0ed038296541d8177d788bfd267f5857643ae688a5962e783,40,4.885587048357086,284.4601945877075,27,28,84
old,2,j-reversible-sp-unigram-48k,kanbun,sha256:22f44fef0442f74ec7e3a8019f0d5b5863c7412ab19972f024585da8f6ae00e5,58,5.603735625978318,326.2739381790161,32,28,84
old,2,j-reversible-sp-unigram-48k,kanbun,sha256:0bf633a5dc9bf7ac673d3599d8596c43ba77d4ea94b9469cf17de002f895f6c3,56,4.555657922319686,265.25028133392334,26,28,84
old,2,j-reversible-sp-unigram-48k,kanbun,sha256:0229116fc57ac9d156b7b050ed0b3d8d32973da148d5caedf78e34865dfcf6bc,32,4.817496266882285,200.35403728485107,20,20,60
old,2,j-reversible-sp-unigram-48k,kanbun,sha256:75b04a7e467914ade7b81a7dbd0567f092dc7b294240cdc0a911449fa2eed8e3,48,5.244940620613403,305.38332748413086,30,28,84
old,2,j-reversible-sp-unigram-48k,kanbun,sha256:1c8795c587d422f9e6badec1be2c0f203662c336e9dc16e7d9da62094f60dd54,61,5.929193301369086,345.2235040664673,33,28,84
old,2,j-reversible-sp-unigram-48k,kanbun,sha256:f1f6ff8fc59c4bdf2a0c7d89a59ce1297591ca2585ddd9a740f565903454591c,33,5.273168427926918,219.30490970611572,20,20,60
old,2,j-reversible-sp-unigram-48k,kanbun,sha256:e4769a914ff8c9e3d6cad934898bf6a90ebb6992033d1756a9abab376ae5d9fd,63,5.581252301272423,324.9648609161377,31,28,84
old,2,j-reversible-sp-unigram-48k,kanbun,sha256:4c02892fa00fda9a82e65f5f9943d005b963874eb0a1bb42580237d0229d800a,8,5.151410763267429,599.8752222061157,59,56,168
old,2,j-reversible-sp-unigram-48k,kanbun,sha256:5b6327eb9c50ed53f3079584bad4f486ca82a0efb5c51fd0b607d68fa979d8fd,54,4.632024164988702,269.69665718078613,26,28,84
old,2,j-reversible-sp-unigram-48k,kanbun,sha256:db3fdb4a7c74e76b8850dd288bfabc473e0bbcecc4a5f6ae7a46e3aef4ef15bc,69,5.0297897511085266,292.8563051223755,29,28,84
old,2,j-reversible-sp-unigram-48k,kanbun,sha256:0652e84601f21465239e3cdb72e18127be0ad1cae7ca187fe484a43b8404129e,51,5.007227723865737,291.54264545440674,29,28,84
old,2,j-reversible-sp-unigram-48k,kanbun,sha256:d1fcfa5db59009b0b864474ef4c1f16d10583bf1f85e0ba3a65738d29fffb1dd,64,4.639886867820848,270.1544580459595,28,28,84
old,2,j-reversible-sp-unigram-48k,kanbun,sha256:d9bd1ab196ffa5be4cb918b3dffaae457e91718ad1514009a13c97be076315e9,75,5.167785223266427,300.8910036087036,30,28,84
old,2,j-reversible-sp-unigram-48k,kanbun,sha256:dc38293856bd4b3fbbfb17a2ea3a3ed005b1cc8e602170025665fb5769f1bad3,35,4.507558443491498,187.46408557891846,19,20,60
old,2,j-reversible-sp-unigram-48k,kanbun,sha256:f60ea7caa4cf25c42fa6d8ac30814d7c61d6959f972e21f71f7a4d57c45b2bb4,43,5.657414752689818,329.39937114715576,31,28,84
old,2,j-reversible-sp-unigram-48k,kanbun,sha256:7beffd8ab6e37ff02e514b4f5e7e27b31ab567e82347b63efb2870cfd85d2120,70,6.080430225575217,354.02917766571045,34,28,84
old,2,j-reversible-sp-unigram-48k,kanbun,sha256:ebfa9bb78878b7b86200084062c20b9a4ece85921e41296ea467c09d9a15c1b1,72,4.413515801035782,256.97414684295654,24,28,84
old,2,j-reversible-sp-unigram-48k,kanbun,sha256:1db2d79ff29ec9c8f61636a1207403fe5c301755545cc3920d27ccf8c94c9442,47,4.6860243914990125,272.8407859802246,27,28,84
old,2,j-reversible-sp-unigram-48k,kanbun,sha256:e1462673503c6f46a9b178f0c5bed3bd7182b2b5ed046517d8691e7372bc1ee1,77,4.847925468506143,282.267373085022,27,28,84
old,2,j-reversible-sp-unigram-48k,kakikudashi,sha256:f7436097f1cf75a3137b5e899d5dc6e5b933a514de2be41598bc747649b46bd8,1,3.8876085925485895,598.2200555801392,62,74,222
old,2,j-reversible-sp-unigram-48k,kakikudashi,sha256:cc8beb8808cee6f397a4c7e5703b64ad374667e09e452594277ad614a4113104,13,3.9782338911944226,843.7954912185669,90,102,306
old,2,j-reversible-sp-unigram-48k,kakikudashi,sha256:e66c9c522bbdb987b6e975cb5ac62c23f1a3340f2edb970afc57d26586920b73,57,3.244503371444518,317.09748935699463,33,47,141
old,2,j-reversible-sp-unigram-48k,kakikudashi,sha256:ebfa9bb78878b7b86200084062c20b9a4ece85921e41296ea467c09d9a15c1b1,72,4.105627054292155,273.1971664428711,26,32,96
old,2,j-reversible-sp-unigram-48k,kakikudashi,sha256:d849179ec7b142b2d9eb33ad8eb59461b6c686a0ca5659c9b6ec0c8b0dc73cf1,3,4.191718779373296,758.3297719955444,78,87,261
old,2,j-reversible-sp-unigram-48k,kakikudashi,sha256:66be6d209047c20bf16ed7e709147176ce8d974b4814dc9bb1808e1b9003a4c3,86,4.032877319730262,511.55409049987793,51,61,183
old,2,j-reversible-sp-unigram-48k,kakikudashi,sha256:fa6cc111cd2ef421711faa1460ebc8ce838fdf13293855c223b6e74434edff05,66,3.656590624513739,3315.198570251465,348,436,1308
old,2,j-reversible-sp-unigram-48k,kakikudashi,sha256:aacc5122dd14a93c28b61f0916e1aff1d20f56bd5d6a0cd4fd2b767b82852a03,0,4.201504044121266,1537.6736402511597,161,176,528
old,2,j-reversible-sp-unigram-48k,kakikudashi,sha256:ebaf0a12c2adc7099504c6b86bc708e24aceb7691b4ff10637999dc94e4f54eb,10,5.089028921675141,973.5751094818115,100,92,276
old,2,j-reversible-sp-unigram-48k,kakikudashi,sha256:c6fedba6d584e75c829082a67d2ee059e215a162bc29488af48dadcb3b48695a,9,4.361095905235923,798.0406713485718,87,88,264
old,2,j-reversible-sp-unigram-48k,kakikudashi,sha256:37e41b45f0a4183f9f226c73d0b4017a78425c8da65bcfe34480e6f688ded206,7,4.168716018599936,6440.770739555359,664,743,2229
old,2,j-reversible-sp-unigram-48k,kakikudashi,sha256:c3b29a274f6ee071fbe02e89e38bae7e2a961492db2382eb5f98bacb15565fab,20,4.279351439076122,738.5888757705688,75,83,249
old,2,j-reversible-sp-unigram-48k,kakikudashi,sha256:91a9fc3f3bf6f759c805d8991ec615e476b531e2d18733983b45d55fa3050bdc,82,3.817005588886658,468.2971591949463,51,59,177
old,2,j-reversible-sp-unigram-48k,kakikudashi,sha256:1db2d79ff29ec9c8f61636a1207403fe5c301755545cc3920d27ccf8c94c9442,47,3.241889268897408,323.5833225250244,37,48,144
old,2,j-reversible-sp-unigram-48k,kakikudashi,sha256:993cf16ce411260e37f115ed6283350dd03253978bb9dafabd3b6ef85c86612d,6,3.9023340343504667,1452.5269145965576,150,179,537
old,2,j-reversible-sp-unigram-48k,kakikudashi,sha256:a2d102ad8170a1ea7416667b7226955d7fe7d42a70e2083e50f7fac9a559fd5a,59,3.7674508807629876,1112.4555292129517,114,142,426
old,2,j-reversible-sp-unigram-48k,kakikudashi,sha256:6de762fbae5cdea909bda4906ad245f5cc75f692374795ca0623fcce53a55e9d,19,3.555866601682477,702.4505891799927,74,95,285
old,2,j-reversible-sp-unigram-48k,kakikudashi,sha256:7beffd8ab6e37ff02e514b4f5e7e27b31ab567e82347b63efb2870cfd85d2120,70,4.175330060230088,442.80009365081787,45,51,153
old,2,j-reversible-sp-unigram-48k,kakikudashi,sha256:17672397b016991e757a866468203dc56a37ad82f5134adf2459846a3cedb669,4,4.346874899970361,1292.5873308181763,133,143,429
old,2,j-reversible-sp-unigram-48k,kakikudashi,sha256:69b01b2daede497431a5d130a695d18f1235d869145fe59b5d92bd960a722364,41,3.267953718925186,332.9804172515869,34,49,147
old,2,j-reversible-sp-unigram-48k,kakikudashi,sha256:f210cb062afab635a3aebbe9d65a845191038025db1ba590476a534d9e4b65af,36,3.802007092900687,1351.9348049163818,138,171,513
old,2,j-reversible-sp-unigram-48k,kakikudashi,sha256:0652e84601f21465239e3cdb72e18127be0ad1cae7ca187fe484a43b8404129e,51,3.066591657898986,312.4631061553955,32,49,147
old,2,j-reversible-sp-unigram-48k,kakikudashi,sha256:9100a9d34da88fd774602b05c6ee90111876201854176c82b281df6d57a5a5bf,2,3.595523657524508,852.3416633605957,85,114,342
old,2,j-reversible-sp-unigram-48k,kakikudashi,sha256:1f9f63a99ef6cbc57d5c80bdef37a7265023289a48ee5d0655f048f73ba0e5bb,62,3.2904293102615423,335.2705144882202,32,49,147
old,2,j-reversible-sp-unigram-48k,kakikudashi,sha256:1b09cd49c628a7def77bd0e04ec449903aa253b56b2f66ab838006a24eaf02f1,23,4.015690379638347,242.16140842437744,27,29,87
old,2,j-reversible-sp-unigram-48k,kakikudashi,sha256:1d462ae5e9da2fcffab98988325fe94a152555eadb42c0f9483fa915caa8b4de,5,3.870957573315468,1271.8099374771118,132,158,474
old,2,j-reversible-sp-unigram-48k,kakikudashi,sha256:49f02e00aefd621557e789f30a22273b497c62377cdb20a7308eb042a223a0c9,17,3.941996927487971,770.5323038101196,81,94,282
old,2,j-reversible-sp-unigram-48k,kakikudashi,sha256:7f1acba73dbb590f2059350b81b6452ea01874038280fd90c87628f586c00cfd,15,3.9975675942130153,756.4564390182495,76,91,273
old,2,j-reversible-sp-unigram-48k,kakikudashi,sha256:384a2829117df294f918e0e3292aaeb2ceb26f82fe95b69531292e41d596fcdb,80,4.503350868379329,636.7829313278198,62,68,204
old,2,j-reversible-sp-unigram-48k,kakikudashi,sha256:05554bc9b8e804ebbb02cfc07924513e935f5384702576a7b045942bcc776571,84,4.310185372196379,564.6550464630127,59,63,189
old,2,j-reversible-sp-unigram-48k,kakikudashi,sha256:71345211ec3ba323c2f3fea96d80860d327b842b3d46c17c4ab28e9c8f26ef4b,90,3.7548772100543024,413.8265256881714,41,53,159
old,2,j-reversible-sp-unigram-48k,kakikudashi,sha256:c391898daeab8372fb8199bbd41e708d8b04b33d1984080480949e3511a584bd,16,4.188340773997278,705.4621934890747,74,81,243
old,2,j-reversible-sp-unigram-48k,kakikudashi,sha256:dc38293856bd4b3fbbfb17a2ea3a3ed005b1cc8e602170025665fb5769f1bad3,35,3.3966632529084224,254.2738561630249,27,36,108
old,2,j-reversible-sp-unigram-48k,kakikudashi,sha256:5b1999b0cac33e1542758e3b59d9c473b5fd370a2b0e632b3b27ca873479c6c6,11,3.74263239866503,894.9973077774048,97,115,345
old,2,j-reversible-sp-unigram-48k,kakikudashi,sha256:db3fdb4a7c74e76b8850dd288bfabc473e0bbcecc4a5f6ae7a46e3aef4ef15bc,69,3.2082084486727442,353.57794189453125,38,53,159
old,2,j-reversible-sp-unigram-48k,kakikudashi,sha256:4407f3d844541f2fb9d8b6d645132e11ab661a4288b1422293ccb9f28d2675a2,79,3.9347174303432344,621.8331308364868,66,76,228
old,2,j-reversible-sp-unigram-48k,kakikudashi,sha256:0bf633a5dc9bf7ac673d3599d8596c43ba77d4ea94b9469cf17de002f895f6c3,56,3.011117170626568,338.11787509918213,35,54,162
old,2,j-reversible-sp-unigram-48k,kakikudashi,sha256:955384079b4cf87e3e9c30e0ba87152d4db31178c42f5276179131094cdc11c5,34,3.824340699524455,294.24223804473877,29,37,111
old,2,j-reversible-sp-unigram-48k,kakikudashi,sha256:4cfce05a50c6c27787ce5282083e079a6b4dacc0a17d46e4c5637c4f2999408b,27,3.2872503475520065,218.74063777923584,23,32,96
old,2,j-reversible-sp-unigram-48k,kakikudashi,sha256:d4b6bdac65f25e1d06547ce88e4c9810c1c705b41cc1bc9e1d075549ba3cd696,42,3.701839105279051,323.30583667755127,32,42,126
old,2,j-reversible-sp-unigram-48k,kakikudashi,sha256:8952801954f78ca62cdeb76b00e9976739ee20e4a31fb68734b7fef676634790,87,3.910582188396507,569.2278938293457,61,70,210
old,2,j-reversible-sp-unigram-48k,kakikudashi,sha256:ad956be81d174cb25b3d89f0f335c67b00d3da32c475addd0b99e374b8175da2,45,3.5047934412692117,437.2807846069336,46,60,180
old,2,j-reversible-sp-unigram-48k,kakikudashi,sha256:e1462673503c6f46a9b178f0c5bed3bd7182b2b5ed046517d8691e7372bc1ee1,77,3.6683773403972366,366.1524591445923,38,48,144
old,2,j-reversible-sp-unigram-48k,kakikudashi,sha256:fcce7557f2d919d4d0ab9666c2a16d44fa53dc0c35a78ed6945b85b1367d4146,83,4.232508120427274,545.6776990890503,55,62,186
old,2,j-reversible-sp-unigram-48k,kakikudashi,sha256:407eeb8ace2d180c36fff5d7853f672bab8adbf3a4b1c3a66554ddc3a8d14f6b,60,3.54971867594833,369.07162380218506,39,50,150
old,2,j-reversible-sp-unigram-48k,kakikudashi,sha256:c2c3ee696b5b493e537c49dadd14b04b067ebe32fa96f36b078c1d6c5be6f756,28,3.633849413900831,1737.9668083190918,179,230,690
old,2,j-reversible-sp-unigram-48k,kakikudashi,sha256:2095bc33187d6f3979e02211a3b227ce1dd28cb684fbc1a054587a1572e4e3b4,78,4.200845086098873,602.7434129714966,61,69,207
old,2,j-reversible-sp-unigram-48k,kakikudashi,sha256:f1f6ff8fc59c4bdf2a0c7d89a59ce1297591ca2585ddd9a740f565903454591c,33,3.3175070670039633,296.6381664276123,28,43,129
old,2,j-reversible-sp-unigram-48k,kakikudashi,sha256:eab5a1ee862005a36aabd8128fab3ca66f14360f68d43eb46be2cfb47469b2cd,91,3.792473197427479,528.3771629333496,55,67,201
old,2,j-reversible-sp-unigram-48k,kakikudashi,sha256:7edc75ccf8b006bfee320f69fd21cb73bbf58dfcd8e465869abdf29c33953c86,24,3.7984761497332826,268.55610942840576,27,34,102
old,2,j-reversible-sp-unigram-48k,kakikudashi,sha256:e4769a914ff8c9e3d6cad934898bf6a90ebb6992033d1756a9abab376ae5d9fd,63,4.269623358262358,355.1372871398926,35,40,120
old,2,j-reversible-sp-unigram-48k,kakikudashi,sha256:75b04a7e467914ade7b81a7dbd0567f092dc7b294240cdc0a911449fa2eed8e3,48,3.649629649485791,424.99472427368164,44,56,168
old,2,j-reversible-sp-unigram-48k,kakikudashi,sha256:9bb8ba0d8cf2ad6f8497915f809b3e2670e27464e6d8aeee94804444c0d21c55,37,3.867847205238676,378.01922130584717,40,47,141
old,2,j-reversible-sp-unigram-48k,kakikudashi,sha256:d424c3774ec17385aaab9fa7645d5796a51c6f7ff14faacd6656efa2788d52f8,81,3.801426393863962,490.1003255844116,50,62,186
old,2,j-reversible-sp-unigram-48k,kakikudashi,sha256:d9bd1ab196ffa5be4cb918b3dffaae457e91718ad1514009a13c97be076315e9,75,3.8924409875530723,356.14055347442627,37,44,132
old,2,j-reversible-sp-unigram-48k,kakikudashi,sha256:22f44fef0442f74ec7e3a8019f0d5b5863c7412ab19972f024585da8f6ae00e5,58,3.9313084676211507,416.92123317718506,44,51,153
old,2,j-reversible-sp-unigram-48k,kakikudashi,sha256:042ab8718b1edb4db8fa7b7b4ef51267d51b3bbfa609b7c2fb0a488b010a293d,18,4.105340707955764,819.5343370437622,86,96,288
old,2,j-reversible-sp-unigram-48k,kakikudashi,sha256:58f733bc6cbd287eb76188c05268a0fe9ff300e1bef90bcaacdecc02dfadb6db,55,3.7427217325737763,365.79023933410645,37,47,141
old,2,j-reversible-sp-unigram-48k,kakikudashi,sha256:54246f8567838836aa8f2dfa6cd0fa1a0615aa5a61094e0e6d22bd4e010af3b5,65,3.6142075746454525,375.776668548584,37,50,150
old,2,j-reversible-sp-unigram-48k,kakikudashi,sha256:8215e571653d767b252e7ae8725974a13373db12bf182977ca33c96ba5ee6b80,92,4.571732753052397,570.3990602493286,57,60,180
old,2,j-reversible-sp-unigram-48k,kakikudashi,sha256:dd88113ccc60b7699d2c9347a398c5a7acd779379d3a65044cdfec0f7a53ca47,85,4.44178251858495,563.4220523834229,57,61,183
old,2,j-reversible-sp-unigram-48k,kakikudashi,sha256:1c8795c587d422f9e6badec1be2c0f203662c336e9dc16e7d9da62094f60dd54,61,3.9872623855166474,389.6901149749756,38,47,141
old,2,j-reversible-sp-unigram-48k,kakikudashi,sha256:ec1d71629897d032d200bc0c57750145d04d86acc0a6396c648a042829924aea,31,4.324691521463824,260.795352935791,26,29,87
old,2,j-reversible-sp-unigram-48k,kakikudashi,sha256:92962b2becc7cee570967487d785019a13b9cb591d3f50b25b2afcd1fe53f2c2,46,4.33111585216927,423.29620456695557,45,47,141
old,2,j-reversible-sp-unigram-48k,kakikudashi,sha256:e65a9c5fd6e9d20ea1287742a598a788ad345da529eb986561206ed8b6525930,52,3.937338609434663,352.06101512908936,34,43,129
old,2,j-reversible-sp-unigram-48k,kakikudashi,sha256:b004000bb7c65a514d4447f566f6d669a14b0e75e76ad73b89ec148382406328,88,3.8021053467088564,553.4379062652588,59,70,210
old,2,j-reversible-sp-unigram-48k,kakikudashi,sha256:ca92af2a8bc61ae0ed038296541d8177d788bfd267f5857643ae688a5962e783,40,3.3955640768806497,353.04384994506836,37,50,150
old,2,j-reversible-sp-unigram-48k,kakikudashi,sha256:964bfe91c38434748812e8b8b16787e3c98616914e921f9b879582ebbc22b7f4,67,3.9093833508606677,504.0187168121338,54,62,186
old,2,j-reversible-sp-unigram-48k,kakikudashi,sha256:88362c9b02b3036094ebff13f879919608f9de1d43cb3e7077cbc826a69b3f8e,44,3.2417533003128916,687.5857210159302,74,102,306
old,2,j-reversible-sp-unigram-48k,kakikudashi,sha256:5b6327eb9c50ed53f3079584bad4f486ca82a0efb5c51fd0b607d68fa979d8fd,54,3.351839830769599,376.3775691986084,41,54,162
old,2,j-reversible-sp-unigram-48k,kakikudashi,sha256:5838bb07b453e8326ecde9bed1a68e120ebd0c10351d5b4f0cca67cda9f64860,53,4.0166313170284695,367.5034008026123,38,44,132
old,2,j-reversible-sp-unigram-48k,kakikudashi,sha256:cb2a8a3119275310a787147d26d5a1124462b3c321e829061f03ab4ac6121b90,73,3.460525605686812,345.40611362457275,37,48,144
old,2,j-reversible-sp-unigram-48k,kakikudashi,sha256:87bc3920a414557db574f9eaf2e17fd70735979bc5ffedf6d561fbd6bea78a45,14,3.763864732329521,806.1538782119751,81,103,309
old,2,j-reversible-sp-unigram-48k,kakikudashi,sha256:215977ec34040a8aadcca9036a7b8f0a836dce0d3aec6016d2715e724ae2d6a7,76,3.478442999848376,354.42772483825684,35,49,147
old,2,j-reversible-sp-unigram-48k,kakikudashi,sha256:be5128326818907c64a0de0aa20944748f8f995f9f475c0d205f6616c4437bb7,39,4.052599664398008,370.794340133667,39,44,132
old,2,j-reversible-sp-unigram-48k,kakikudashi,sha256:976c593d798c11b05704cbc42adbad4e4c52a73c3def579dad8fb18d1ac52a6d,89,3.148399771925862,582.6752815246582,63,89,267
old,2,j-reversible-sp-unigram-48k,kakikudashi,sha256:b81eee34499968e2ce987a320a443a984cbb6eb55e24690490b083ecfa2d6c5e,30,3.105049236319218,238.90042972564697,25,37,111
old,2,j-reversible-sp-unigram-48k,kakikudashi,sha256:4c02892fa00fda9a82e65f5f9943d005b963874eb0a1bb42580237d0229d800a,8,3.516775195297944,804.4221277236938,90,110,330
old,2,j-reversible-sp-unigram-48k,kakikudashi,sha256:535ff6b269a808c5e5d4784d77e49613744c3d107298fd16704eb1d0ae3dc8b7,74,3.645477580808936,310.80285835266113,31,41,123
old,2,j-reversible-sp-unigram-48k,kakikudashi,sha256:0229116fc57ac9d156b7b050ed0b3d8d32973da148d5caedf78e34865dfcf6bc,32,3.8220370832303883,246.37878322601318,27,31,93
old,2,j-reversible-sp-unigram-48k,kakikudashi,sha256:f60ea7caa4cf25c42fa6d8ac30814d7c61d6959f972e21f71f7a4d57c45b2bb4,43,3.871247100786651,386.40153789520264,37,48,144
old,2,j-reversible-sp-unigram-48k,kakikudashi,sha256:52d4e6ff51fc2e69153746cda5f4f5a39ff0d586927a0846b5def92686809376,22,4.280964237183234,783.37730884552,79,88,264
old,2,j-reversible-sp-unigram-48k,kakikudashi,sha256:86c9c4dca0127039f1ae50c558904b59fbd4edc03012923694b9ff7998751210,12,3.0861618445712096,352.9621229171753,38,55,165
old,2,j-reversible-sp-unigram-48k,kakikudashi,sha256:9beed968afd17741e87149d0ebe3868b9aad034dcf2a2aa1dce8f8b630cc0bd1,26,3.274551495443976,272.3695363998413,27,40,120
old,2,j-reversible-sp-unigram-48k,kakikudashi,sha256:e62e8d1b5a1be2dbb714cc0f0b0d8503d6a659c6737858eeb90e06ab78241761,71,3.547125608676497,368.80201721191406,38,50,150
old,2,j-reversible-sp-unigram-48k,kakikudashi,sha256:17081afb209552d4294e87f5efd6594d01eeeb792541c4332b4a0cfff4becfda,50,4.149410225566157,414.1658878326416,43,48,144
old,2,j-reversible-sp-unigram-48k,kakikudashi,sha256:6639bedd74374987daa82adc5ac1b2a6ab82e22bb002607b321814be456b53c0,68,3.6362009325785585,385.62463092803955,38,51,153
old,2,j-reversible-sp-unigram-48k,kakikudashi,sha256:31894b65cce53b847f0bbdf4266379e21c8e28ba6e740f0ebea69fdc4f808e6c,49,3.4812623643044383,318.5195894241333,35,44,132
old,2,j-reversible-sp-unigram-48k,kakikudashi,sha256:1bdc76492ee87575f06f81fed47e66616f04a17174f37cb9e9b56f2e51f6058a,29,3.883530697280823,290.7207021713257,32,36,108
old,2,j-reversible-sp-unigram-48k,kakikudashi,sha256:6e1cd63b15f93f8ceabc67586351fb8825b5605482df3f7b4c47790860960bd7,21,3.4994510844857354,422.0604295730591,45,58,174
old,2,j-reversible-sp-unigram-48k,kakikudashi,sha256:d1fcfa5db59009b0b864474ef4c1f16d10583bf1f85e0ba3a65738d29fffb1dd,64,3.9023336565355504,316.4723138809204,33,39,117
old,2,j-reversible-sp-unigram-48k,kakikudashi,sha256:d7d8f505d3d800f8b06b5904e82f03d762ec23c0c9a1869136f46caf102f2c7b,25,3.7417561551830936,287.88823795318604,30,37,111
old,2,j-reversible-sp-unigram-48k,kakikudashi,sha256:f9e6b50f8fab92d523315a94e9ac2b6a97d4de417458d64ce2b8d3b137f12b75,38,3.4050406117624807,361.10972785949707,37,51,153
hardened,1,j-reversible-sp-unigram-32k,kanbun,sha256:8d1569a11318284af47fff60342c252edcefd144cdd148c9e68e36a421087bc1,1,5.716847688382404,594.3925285339355,59,50,150
hardened,1,j-reversible-sp-unigram-32k,kakikudashi,sha256:8d1569a11318284af47fff60342c252edcefd144cdd148c9e68e36a421087bc1,1,3.9899699778616204,771.612566947937,81,93,279
hardened,1,j-reversible-sp-unigram-32k,kanbun,sha256:3ea142732fad6ace04e414b474638e26b2a71cbbd1abba9679f4da1e2a9c4ca0,111,5.792629970785124,361.3630619049072,35,30,90
hardened,1,j-reversible-sp-unigram-32k,kakikudashi,sha256:3ea142732fad6ace04e414b474638e26b2a71cbbd1abba9679f4da1e2a9c4ca0,111,3.626662193617717,422.32019329071045,45,56,168
hardened,1,j-reversible-sp-unigram-32k,kanbun,sha256:302b45f003b5597c93b3fe9a7d8ae3a5c1130611fa05d6c1a18344e093a51079,216,4.587540121826254,286.1856451034546,28,30,90
hardened,1,j-reversible-sp-unigram-32k,kakikudashi,sha256:302b45f003b5597c93b3fe9a7d8ae3a5c1130611fa05d6c1a18344e093a51079,216,3.4765915794221995,361.4684476852417,38,50,150
hardened,1,j-reversible-sp-unigram-32k,kanbun,sha256:717465d4b85514af22effdea6dbace424ea78c1348817fb62512fcf56cd18b9b,326,5.49794198554051,800.2854270935059,78,70,210
hardened,1,j-reversible-sp-unigram-32k,kakikudashi,sha256:717465d4b85514af22effdea6dbace424ea78c1348817fb62512fcf56cd18b9b,326,3.8810405356860396,1049.151598930359,111,130,390
hardened,1,j-reversible-sp-unigram-32k,kanbun,sha256:fbe5ba23af164c70eb9c29d9db41474c90308d226f06ef9b625c2d993999c9c5,402,5.332628968199908,665.3334121704102,67,60,180
hardened,1,j-reversible-sp-unigram-32k,kakikudashi,sha256:fbe5ba23af164c70eb9c29d9db41474c90308d226f06ef9b625c2d993999c9c5,402,3.935088250614611,834.6441698074341,89,102,306
hardened,1,j-reversible-sp-unigram-32k,kanbun,sha256:59f6055d544b30698a8fbe7996b93846e0ac767a7cccc61eee9e2046f0126edb,413,5.979301434369761,994.6886234283447,99,80,240
hardened,1,j-reversible-sp-unigram-32k,kakikudashi,sha256:59f6055d544b30698a8fbe7996b93846e0ac767a7cccc61eee9e2046f0126edb,413,4.428174066208127,1233.8893003463745,130,134,402
hardened,1,j-reversible-sp-unigram-32k,kanbun,sha256:a4365ae1a10e6e66a78a392d59934c213231a5a10ba17389b4855d79fe33a9a0,424,4.799993424343163,299.43917179107666,31,30,90
hardened,1,j-reversible-sp-unigram-32k,kakikudashi,sha256:a4365ae1a10e6e66a78a392d59934c213231a5a10ba17389b4855d79fe33a9a0,424,3.2142390428462093,447.816086769104,49,67,201
hardened,1,j-reversible-sp-unigram-32k,kanbun,sha256:55f1caeb87e2a0ba46d0287184c06df421ad3c3453ec64d07abb59c72d738bd9,435,5.609198954624167,1166.4001321792603,116,100,300
hardened,1,j-reversible-sp-unigram-32k,kakikudashi,sha256:55f1caeb87e2a0ba46d0287184c06df421ad3c3453ec64d07abb59c72d738bd9,435,4.246835132549447,1377.643081665039,147,156,468
hardened,1,j-reversible-sp-unigram-32k,kanbun,sha256:93dda650b27b3be7ee4b662c619cff8d66fc4e362b26278ed7d7e33f77f106cd,2,5.678944467397598,1298.993634223938,129,110,330
hardened,1,j-reversible-sp-unigram-32k,kakikudashi,sha256:93dda650b27b3be7ee4b662c619cff8d66fc4e362b26278ed7d7e33f77f106cd,2,4.077904202738675,1568.7562294006348,167,185,555
hardened,1,j-reversible-sp-unigram-32k,kanbun,sha256:8d45ab88cbae6bebf457d5c91095a0b40fc62587fa53ad7208d478c243ba0ef7,24,5.52986464191828,919.922420501709,89,80,240
hardened,1,j-reversible-sp-unigram-32k,kakikudashi,sha256:8d45ab88cbae6bebf457d5c91095a0b40fc62587fa53ad7208d478c243ba0ef7,24,3.6815968563202706,1133.0384855270386,121,148,444
hardened,1,j-reversible-sp-unigram-32k,kanbun,sha256:567bd56557d7fff24b8feeb440b9f49aa9e3045d837a4002f4795e6dde9751a1,35,5.153208173606757,750.1056604385376,75,70,210
hardened,1,j-reversible-sp-unigram-32k,kakikudashi,sha256:567bd56557d7fff24b8feeb440b9f49aa9e3045d837a4002f4795e6dde9751a1,35,3.870868674084104,917.6139440536499,98,114,342
hardened,1,j-reversible-sp-unigram-32k,kanbun,sha256:b4936462bfae473a417cb2a44cc32e1040d9b0b8ccc5b017f2af8eccb0f5903f,46,5.3726713983407075,625.6407413482666,64,56,168
hardened,1,j-reversible-sp-unigram-32k,kakikudashi,sha256:b4936462bfae473a417cb2a44cc32e1040d9b0b8ccc5b017f2af8eccb0f5903f,46,4.272804376569972,764.1140351295471,84,86,258
hardened,1,j-reversible-sp-unigram-32k,kanbun,sha256:f6b2642e761897b8ebb8c391213d9f543eddf599fa9323948af4a771e217d8ea,68,5.051712220500809,2058.9290885925293,209,196,588
hardened,1,j-reversible-sp-unigram-32k,kakikudashi,sha256:f6b2642e761897b8ebb8c391213d9f543eddf599fa9323948af4a771e217d8ea,68,3.9454357186741253,2551.538212299347,274,311,933
hardened,1,j-reversible-sp-unigram-32k,kanbun,sha256:17055b5d153d91f39fdfbf0de39853d752877022aa33840b6cf7d4b4adbfc913,78,4.618771610294909,1748.012731552124,180,182,546
hardened,1,j-reversible-sp-unigram-32k,kakikudashi,sha256:17055b5d153d91f39fdfbf0de39853d752877022aa33840b6cf7d4b4adbfc913,78,3.582378745994398,2197.557418823242,242,295,885
hardened,1,j-reversible-sp-unigram-32k,kanbun,sha256:b43081f81735e7b2e52e036432244507a16968d5a5fb1f1feb48c809bea423b6,112,5.864551339859822,512.1896505355835,50,42,126
hardened,1,j-reversible-sp-unigram-32k,kakikudashi,sha256:b43081f81735e7b2e52e036432244507a16968d5a5fb1f1feb48c809bea423b6,112,3.7490265415961397,600.2828779220581,61,77,231
hardened,1,j-reversible-sp-unigram-32k,kanbun,sha256:b6b4b4a72cbdecc3290a1dde132945435b73a98d25b72c10b5124e197d908efd,123,5.613092606897195,980.4562273025513,97,84,252
hardened,1,j-reversible-sp-unigram-32k,kakikudashi,sha256:b6b4b4a72cbdecc3290a1dde132945435b73a98d25b72c10b5124e197d908efd,123,4.07085343151164,1210.5095481872559,132,143,429
hardened,1,j-reversible-sp-unigram-32k,kanbun,sha256:ac200517388f2878b3db69087a15c8ef657d854cb2fddf975c2363d404fa70bb,144,5.697665223292664,924.141016960144,91,78,234
hardened,1,j-reversible-sp-unigram-32k,kakikudashi,sha256:ac200517388f2878b3db69087a15c8ef657d854cb2fddf975c2363d404fa70bb,144,3.7410509499933946,1112.4394359588623,120,143,429
hardened,1,j-reversible-sp-unigram-32k,kanbun,sha256:78ff91c48ff169f4948687ca5f5a48f61543b56d44e5b2628c10da96b6457a07,154,5.298361806107208,1233.974967956543,125,112,336
hardened,1,j-reversible-sp-unigram-32k,kakikudashi,sha256:78ff91c48ff169f4948687ca5f5a48f61543b56d44e5b2628c10da96b6457a07,154,3.545304780629331,1562.9178562164307,169,212,636
hardened,1,j-reversible-sp-unigram-32k,kanbun,sha256:629e3ddc99d473db651a2e5809d4f5130824351a8cd54f3292ebc8232efe255e,173,5.103871516212046,1634.433177947998,165,154,462
hardened,1,j-reversible-sp-unigram-32k,kakikudashi,sha256:629e3ddc99d473db651a2e5809d4f5130824351a8cd54f3292ebc8232efe255e,173,3.6321646730493797,2077.040379524231,232,275,825
hardened,1,j-reversible-sp-unigram-32k,kanbun,sha256:e9f3ef8a884ff644002ca6c634ef92ac62ca07c8c2f9f76d4e2c65d82c97fc88,184,5.1237745287729135,1491.642544746399,149,140,420
hardened,1,j-reversible-sp-unigram-32k,kakikudashi,sha256:e9f3ef8a884ff644002ca6c634ef92ac62ca07c8c2f9f76d4e2c65d82c97fc88,184,3.926014178145504,1828.717402458191,199,224,672
hardened,1,j-reversible-sp-unigram-32k,kanbun,sha256:214e9d97c49dbe65b4ad3da40efccc8a0047e21c028ac6b56c15271f5b46d5d4,195,5.418330220048694,2704.10422706604,269,240,720
hardened,1,j-reversible-sp-unigram-32k,kakikudashi,sha256:214e9d97c49dbe65b4ad3da40efccc8a0047e21c028ac6b56c15271f5b46d5d4,195,3.9569622725479734,3151.428071975708,333,383,1149
hardened,1,j-reversible-sp-unigram-32k,kanbun,sha256:c72c7c44f5586c163926708194cbea9f7f607768593655b4d266d44474657ca1,206,5.318008232763011,3096.3764266967773,308,280,840
hardened,1,j-reversible-sp-unigram-32k,kakikudashi,sha256:c72c7c44f5586c163926708194cbea9f7f607768593655b4d266d44474657ca1,206,3.8208851316164605,3821.692796230316,410,481,1443
hardened,1,j-reversible-sp-unigram-32k,kanbun,sha256:941a1e0f9d0c78f267b64587eabae60f7d564302633155844a58b3a4e82ff987,227,4.478702614502514,782.3088226318359,81,84,252
hardened,1,j-reversible-sp-unigram-32k,kakikudashi,sha256:941a1e0f9d0c78f267b64587eabae60f7d564302633155844a58b3a4e82ff987,227,3.4775468703691477,1041.3151812553406,115,144,432
hardened,1,j-reversible-sp-unigram-32k,kanbun,sha256:a4d584b1780e97112d864e7f007586e0a7d0a8dc05b63830a40d53a8e1ba9052,238,4.7946473016008895,478.5690612792969,52,48,144
hardened,1,j-reversible-sp-unigram-32k,kakikudashi,sha256:a4d584b1780e97112d864e7f007586e0a7d0a8dc05b63830a40d53a8e1ba9052,238,3.3412399208988828,597.520525932312,67,86,258
hardened,1,j-reversible-sp-unigram-32k,kanbun,sha256:34f453f58b7ee056a3d7fa035687f7f2f18b48dc9dac0a79902688a07f4191f2,260,5.764461189137805,1018.8831052780151,102,85,255
hardened,1,j-reversible-sp-unigram-32k,kakikudashi,sha256:34f453f58b7ee056a3d7fa035687f7f2f18b48dc9dac0a79902688a07f4191f2,260,3.949086624818882,1157.877163887024,123,141,423
hardened,1,j-reversible-sp-unigram-32k,kanbun,sha256:813f4461c8fdda05836461a31bfc1f99137381d7a7ecc0680210b3deb5d26764,271,5.4896227184542,958.8893604278564,95,84,252
hardened,1,j-reversible-sp-unigram-32k,kakikudashi,sha256:813f4461c8fdda05836461a31bfc1f99137381d7a7ecc0680210b3deb5d26764,271,3.968578366035603,1204.8543004989624,129,146,438
hardened,1,j-reversible-sp-unigram-32k,kanbun,sha256:a22789f72ecaec3c5ffe296f87367e40afd1e3403dbee80d44cfef007a2e4a73,282,4.551832246268435,359.68022441864014,38,38,114
hardened,1,j-reversible-sp-unigram-32k,kakikudashi,sha256:a22789f72ecaec3c5ffe296f87367e40afd1e3403dbee80d44cfef007a2e4a73,282,3.330421663474221,498.6300354003906,56,72,216
hardened,1,j-reversible-sp-unigram-32k,kanbun,sha256:4d54b3eeaf8dc7c6ae94ad1185757ab593a5588df80d1d412f074c37c263ada5,293,5.382874864035721,1007.4036245346069,103,90,270
hardened,1,j-reversible-sp-unigram-32k,kakikudashi,sha256:4d54b3eeaf8dc7c6ae94ad1185757ab593a5588df80d1d412f074c37c263ada5,293,3.7828453348904367,1313.6563577651978,142,167,501
hardened,1,j-reversible-sp-unigram-32k,kanbun,sha256:b5bc1b6d7d320042186415e766872622d44eb4ce2960e670ee4942f0cb73262c,304,4.671402931005099,679.9736518859863,68,70,210
hardened,1,j-reversible-sp-unigram-32k,kakikudashi,sha256:b5bc1b6d7d320042186415e766872622d44eb4ce2960e670ee4942f0cb73262c,304,3.419035476957675,952.6977100372314,103,134,402
hardened,1,j-reversible-sp-unigram-32k,kanbun,sha256:90814fafb8f02896bf8bfb177b5769128485abc9e28155ea539341c2089056ef,327,6.347104249004514,501.54042530059814,50,38,114
hardened,1,j-reversible-sp-unigram-32k,kakikudashi,sha256:90814fafb8f02896bf8bfb177b5769128485abc9e28155ea539341c2089056ef,327,4.3998525030919895,603.8495807647705,65,66,198
hardened,1,j-reversible-sp-unigram-32k,kanbun,sha256:71f5a7fab68ad78b13c4ee04b52569df8c2a72071080675b09493aa09c691081,338,4.043362711982819,353.1333284378052,36,42,126
hardened,1,j-reversible-sp-unigram-32k,kakikudashi,sha256:71f5a7fab68ad78b13c4ee04b52569df8c2a72071080675b09493aa09c691081,338,3.293521471529364,513.6514024734497,58,75,225
hardened,1,j-reversible-sp-unigram-32k,kanbun,sha256:1a052b148550b6261be2755157046f5d9adb762bfde7971c19b33b2dfc7add42,360,4.995027865101179,612.8252382278442,61,59,177
hardened,1,j-reversible-sp-unigram-32k,kakikudashi,sha256:1a052b148550b6261be2755157046f5d9adb762bfde7971c19b33b2dfc7add42,360,3.861368347891058,722.6540775299072,74,90,270
hardened,1,j-reversible-sp-unigram-32k,kanbun,sha256:4d80d7cd7fc12a0999f584cb9184f18350659c541fdf768b536b85ea7e0afaac,371,5.601335751044273,7151.657253265381,705,614,1842
hardened,1,j-reversible-sp-unigram-32k,kakikudashi,sha256:4d80d7cd7fc12a0999f584cb9184f18350659c541fdf768b536b85ea7e0afaac,371,4.2342272389329105,8514.268692970276,905,967,2901
hardened,1,j-reversible-sp-unigram-32k,kanbun,sha256:c83cd01c4e785556079a174bb83992914cce53149d4c26b84a3315aebde30f98,382,5.075738306801643,802.1572828292847,82,76,228
hardened,1,j-reversible-sp-unigram-32k,kakikudashi,sha256:c83cd01c4e785556079a174bb83992914cce53149d4c26b84a3315aebde30f98,382,3.7874749221515938,984.4790863990784,106,125,375
hardened,1,j-reversible-sp-unigram-32k,kanbun,sha256:dddb6e0f5e50fda4a4b8b752c640a6f8c7b6c367f432dd3121db6814f33c9514,393,5.69039798348928,473.3139982223511,46,40,120
hardened,1,j-reversible-sp-unigram-32k,kakikudashi,sha256:dddb6e0f5e50fda4a4b8b752c640a6f8c7b6c367f432dd3121db6814f33c9514,393,4.201994700904138,550.4815473556519,57,63,189
hardened,1,j-reversible-sp-unigram-32k,kanbun,sha256:b2564ca600221221aeee66ea8a8b8b396f40506c248336d43c530f14627a5c2c,399,5.482235537278133,455.99953269958496,44,40,120
hardened,1,j-reversible-sp-unigram-32k,kakikudashi,sha256:b2564ca600221221aeee66ea8a8b8b396f40506c248336d43c530f14627a5c2c,399,3.907914388912412,601.3446846008301,65,74,222
hardened,1,j-reversible-sp-unigram-32k,kanbun,sha256:b08df4d1430db132c159d866df366865e4c52cb4ee20a9ca6b998bf584e877f1,400,5.531109177172984,460.0647277832031,46,40,120
hardened,1,j-reversible-sp-unigram-32k,kakikudashi,sha256:b08df4d1430db132c159d866df366865e4c52cb4ee20a9ca6b998bf584e877f1,400,3.9669761864435107,552.6893701553345,59,67,201
hardened,1,j-reversible-sp-unigram-32k,kanbun,sha256:fe4de7a336978380e094ddf198e2a35fe8014bdb0c1f241634f9f96d53a4cabc,401,5.262749031007045,437.7431583404541,44,40,120
hardened,1,j-reversible-sp-unigram-32k,kakikudashi,sha256:fe4de7a336978380e094ddf198e2a35fe8014bdb0c1f241634f9f96d53a4cabc,401,3.864259952075456,514.2721710205078,53,64,192
hardened,1,j-reversible-sp-unigram-32k,kanbun,sha256:485aa18bbb1c2fb8e59b7d046786e96c0819b33705b1693f94e6d3914af44459,403,5.1329417200118534,426.94608974456787,41,40,120
hardened,1,j-reversible-sp-unigram-32k,kakikudashi,sha256:485aa18bbb1c2fb8e59b7d046786e96c0819b33705b1693f94e6d3914af44459,403,3.8685081863765363,522.8818807601929,57,65,195
hardened,1,j-reversible-sp-unigram-32k,kanbun,sha256:975367df5a7e4f36f09dd1296e154e1ac762e1b263d5ef02d278c57e5e38fb3b,404,5.1929722413644965,431.93928813934326,43,40,120
hardened,1,j-reversible-sp-unigram-32k,kakikudashi,sha256:975367df5a7e4f36f09dd1296e154e1ac762e1b263d5ef02d278c57e5e38fb3b,404,3.5995565501700626,523.954719543457,56,70,210
hardened,1,j-reversible-sp-unigram-32k,kanbun,sha256:ed2f3dc7b5d8907b2fd0586a6851812d3e3c6f445a0b393c0d9cac0cbb7323e3,405,6.097941132189747,507.2124843597412,50,40,120
hardened,1,j-reversible-sp-unigram-32k,kakikudashi,sha256:ed2f3dc7b5d8907b2fd0586a6851812d3e3c6f445a0b393c0d9cac0cbb7323e3,405,4.8876318085126975,609.8126773834229,66,60,180
hardened,1,j-reversible-sp-unigram-32k,kanbun,sha256:b3d2fc22a3b6cc3de7c00d0a27cc67dc28fb932a0a04eab5ddba1bc71d9a0950,406,5.6732839440398815,471.89049243927,46,40,120
hardened,1,j-reversible-sp-unigram-32k,kakikudashi,sha256:b3d2fc22a3b6cc3de7c00d0a27cc67dc28fb932a0a04eab5ddba1bc71d9a0950,406,3.9144859730521264,602.3559112548828,67,74,222
hardened,1,j-reversible-sp-unigram-32k,kanbun,sha256:bd865fb84f8310938425bf9ca4acbbbafbf0bd1a04007b82683e04c1ebe87959,407,5.386850290146401,448.0656108856201,44,40,120
hardened,1,j-reversible-sp-unigram-32k,kakikudashi,sha256:bd865fb84f8310938425bf9ca4acbbbafbf0bd1a04007b82683e04c1ebe87959,407,3.634302158852353,604.5855107307434,71,80,240
hardened,1,j-reversible-sp-unigram-32k,kanbun,sha256:897a7572b5e371449d906543570158641cf0675d06c6363fbab8167ed82dffc6,410,5.679691662180218,472.42347145080566,47,40,120
hardened,1,j-reversible-sp-unigram-32k,kakikudashi,sha256:897a7572b5e371449d906543570158641cf0675d06c6363fbab8167ed82dffc6,410,4.050542966727234,606.4464464187622,66,72,216
hardened,1,j-reversible-sp-unigram-32k,kanbun,sha256:89cf29f57b532d11edeabd844a981e5780979413f59157d0a8f268e78fd69596,411,6.461825659451965,537.4795484542847,52,40,120
hardened,1,j-reversible-sp-unigram-32k,kakikudashi,sha256:89cf29f57b532d11edeabd844a981e5780979413f59157d0a8f268e78fd69596,411,4.503175830892651,655.4863624572754,69,70,210
hardened,1,j-reversible-sp-unigram-32k,kanbun,sha256:b14ed35a25e9d8eb112846f07902c8d3324236784a4d4dd4de004b8e20618901,412,5.5016893548304795,457.61765575408936,46,40,120
hardened,1,j-reversible-sp-unigram-32k,kakikudashi,sha256:b14ed35a25e9d8eb112846f07902c8d3324236784a4d4dd4de004b8e20618901,412,3.7881458783907918,614.4237766265869,73,78,234
hardened,1,j-reversible-sp-unigram-32k,kanbun,sha256:7678aebd1f89db54abc614da0a4a8985a83143119479d4d69c05aed595286fd9,414,4.701559230558568,391.0647029876709,40,40,120
hardened,1,j-reversible-sp-unigram-32k,kakikudashi,sha256:7678aebd1f89db54abc614da0a4a8985a83143119479d4d69c05aed595286fd9,414,3.1880680933970558,523.7226972579956,59,79,237
hardened,1,j-reversible-sp-unigram-32k,kanbun,sha256:8a089ea854da14c462df73a16fe997e42bab8a4a2630ac2132828f145a271942,415,5.198235369101301,432.3770627975464,44,40,120
hardened,1,j-reversible-sp-unigram-32k,kakikudashi,sha256:8a089ea854da14c462df73a16fe997e42bab8a4a2630ac2132828f145a271942,415,3.510872191924614,540.2483577728271,59,74,222
hardened,1,j-reversible-sp-unigram-32k,kanbun,sha256:8d7a1fe05ebc4ce228eec6b68cc118a9dfa4b781be277ce9ab626b7eb7745651,416,5.521308940727238,459.24956703186035,46,40,120
hardened,1,j-reversible-sp-unigram-32k,kakikudashi,sha256:8d7a1fe05ebc4ce228eec6b68cc118a9dfa4b781be277ce9ab626b7eb7745651,416,4.2331544134640415,536.9584255218506,59,61,183
hardened,1,j-reversible-sp-unigram-32k,kanbun,sha256:17d9207f93dc30ca0162001a5264d55151b8c2f7765e1a4b2ac9fd6daafc712c,418,4.617188337129104,384.04692935943604,38,40,120
hardened,1,j-reversible-sp-unigram-32k,kakikudashi,sha256:17d9207f93dc30ca0162001a5264d55151b8c2f7765e1a4b2ac9fd6daafc712c,418,3.6202587205824797,481.79944801330566,50,64,192
hardened,1,j-reversible-sp-unigram-32k,kanbun,sha256:bdabffca05d086b70c2b1c68ce1c51f46b6f320e87c57a76e98c6edc5e90b45f,419,5.372081142417437,446.8371477127075,45,40,120
hardened,1,j-reversible-sp-unigram-32k,kakikudashi,sha256:bdabffca05d086b70c2b1c68ce1c51f46b6f320e87c57a76e98c6edc5e90b45f,419,4.172675888783537,537.9638061523438,58,62,186
hardened,1,j-reversible-sp-unigram-32k,kanbun,sha256:f2e21d80f041a23fa269c5e29179c5e4517cbe8ab7fe1ec8c9f5e6d95ce2d804,420,4.899658776954062,407.5421600341797,40,40,120
hardened,1,j-reversible-sp-unigram-32k,kakikudashi,sha256:f2e21d80f041a23fa269c5e29179c5e4517cbe8ab7fe1ec8c9f5e6d95ce2d804,420,3.604377381809907,494.67607593536377,52,66,198
hardened,1,j-reversible-sp-unigram-32k,kanbun,sha256:b38283b944c94408e9879b95b6e456194232339ccd8abc618400398322e24578,421,5.333909203231094,443.66209506988525,44,40,120
hardened,1,j-reversible-sp-unigram-32k,kakikudashi,sha256:b38283b944c94408e9879b95b6e456194232339ccd8abc618400398322e24578,421,3.6232132117036966,557.5352449417114,60,74,222
hardened,1,j-reversible-sp-unigram-32k,kanbun,sha256:8c031950c89befbeaed3c287367127319fddb2b836c4aec6074f1cd02aa5cb38,422,5.264778724390488,437.91198348999023,44,40,120
hardened,1,j-reversible-sp-unigram-32k,kakikudashi,sha256:8c031950c89befbeaed3c287367127319fddb2b836c4aec6074f1cd02aa5cb38,422,4.070428045673563,524.7814645767212,53,62,186
hardened,1,j-reversible-sp-unigram-32k,kanbun,sha256:53b872d73a6192e043450ba20360d3e4d9b75c0052bcc29f0521616c651fd724,423,5.4337189562974935,451.9640369415283,45,40,120
hardened,1,j-reversible-sp-unigram-32k,kakikudashi,sha256:53b872d73a6192e043450ba20360d3e4d9b75c0052bcc29f0521616c651fd724,423,3.8589863297686233,633.9383821487427,71,79,237
hardened,1,j-reversible-sp-unigram-32k,kanbun,sha256:7a34a37b12054d7fa4ce61c1cf5920cafb4d63fddd120fb8e58151f4b3feb9e7,426,5.170664153876391,430.08375358581543,44,40,120
hardened,1,j-reversible-sp-unigram-32k,kakikudashi,sha256:7a34a37b12054d7fa4ce61c1cf5920cafb4d63fddd120fb8e58151f4b3feb9e7,426,3.675671111789877,535.0340242385864,57,70,210
hardened,1,j-reversible-sp-unigram-32k,kanbun,sha256:23883f684e4e07d2ffcf7a499f89df0e6d4a5e592975ff6ed214a767b5c45e22,429,4.803075819710701,399.5086154937744,41,40,120
hardened,1,j-reversible-sp-unigram-32k,kakikudashi,sha256:23883f684e4e07d2ffcf7a499f89df0e6d4a5e592975ff6ed214a767b5c45e22,429,3.3220712560625953,497.3798141479492,54,72,216
hardened,1,j-reversible-sp-unigram-32k,kanbun,sha256:ccc9c81db1f2ea352c540648950e1a5c65f06ce3b85909053d54381535a692e2,436,5.272236901096784,438.5323371887207,42,40,120
hardened,1,j-reversible-sp-unigram-32k,kakikudashi,sha256:ccc9c81db1f2ea352c540648950e1a5c65f06ce3b85909053d54381535a692e2,436,3.6193791622029154,609.6292781829834,68,81,243
hardened,1,j-reversible-sp-unigram-32k,kanbun,sha256:047f1b9da4dc52b1f0640ab779855f6399ba998550e786f75c07895c9af07126,437,5.044877155189808,419.62108516693115,41,40,120
hardened,1,j-reversible-sp-unigram-32k,kakikudashi,sha256:047f1b9da4dc52b1f0640ab779855f6399ba998550e786f75c07895c9af07126,437,3.6067165580976632,524.9969367980957,56,70,210
hardened,1,j-reversible-sp-unigram-32k,kanbun,sha256:deeae97473f0b6a0d94f32b8565a2da16c3e250a893989841cb9db262bcb7734,439,5.648701936338598,469.8458185195923,48,40,120
hardened,1,j-reversible-sp-unigram-32k,kakikudashi,sha256:deeae97473f0b6a0d94f32b8565a2da16c3e250a893989841cb9db262bcb7734,439,4.069190321273239,550.0068206787109,59,65,195
hardened,1,j-reversible-sp-unigram-32k,kanbun,sha256:a589e84cb0da2b4c9873494744fc8736c80ad02cb4b4baf06b01fe914b717b6d,440,5.103467000807194,424.49445152282715,42,40,120
hardened,1,j-reversible-sp-unigram-32k,kakikudashi,sha256:a589e84cb0da2b4c9873494744fc8736c80ad02cb4b4baf06b01fe914b717b6d,440,3.5537598288521077,613.356372833252,66,83,249
hardened,1,j-reversible-sp-unigram-32k,kanbun,sha256:7641a1d99f4648efd15474b93e0b1c3f253b4d31e7162144906d86dc2ce90e9c,441,4.757416535560475,395.71078300476074,41,40,120
hardened,1,j-reversible-sp-unigram-32k,kakikudashi,sha256:7641a1d99f4648efd15474b93e0b1c3f253b4d31e7162144906d86dc2ce90e9c,441,3.4355431337243254,492.9367666244507,53,69,207
hardened,1,j-reversible-sp-unigram-32k,kanbun,sha256:a494064f65e52dd692b11209728d4b7028c190d3d48ed56a840974f58b575f91,442,5.053436548275089,420.3330354690552,43,40,120
hardened,1,j-reversible-sp-unigram-32k,kakikudashi,sha256:a494064f65e52dd692b11209728d4b7028c190d3d48ed56a840974f58b575f91,442,3.694391588893219,499.3476371765137,56,65,195
hardened,1,j-reversible-sp-unigram-32k,kanbun,sha256:18f07002c7a37f01ea651fbaf534cff60d57121308d7d68f6421a764e2c09690,443,5.090144525275247,423.3863191604614,41,40,120
hardened,1,j-reversible-sp-unigram-32k,kakikudashi,sha256:18f07002c7a37f01ea651fbaf534cff60d57121308d7d68f6421a764e2c09690,443,4.002008107629111,490.99457263946533,51,59,177
hardened,1,j-reversible-sp-unigram-32k,kanbun,sha256:576f1acfc7eaffa338e4267aef0129bc665e4aaae5cd8f232f18aefac39ee30d,444,5.197433333741757,432.31035137176514,42,40,120
hardened,1,j-reversible-sp-unigram-32k,kakikudashi,sha256:576f1acfc7eaffa338e4267aef0129bc665e4aaae5cd8f232f18aefac39ee30d,444,3.755451591070967,515.4099750518799,53,66,198
hardened,1,j-reversible-sp-unigram-32k,kanbun,sha256:2c4e47329c09ed5b2b522e6d700c1c1d4818da1c29be790db92b3222930ff699,445,6.033519813502005,501.85406970977783,51,40,120
hardened,1,j-reversible-sp-unigram-32k,kakikudashi,sha256:2c4e47329c09ed5b2b522e6d700c1c1d4818da1c29be790db92b3222930ff699,445,4.107179189308151,640.547926902771,70,75,225
hardened,1,j-reversible-sp-unigram-32k,kanbun,sha256:d2b31d3ae5b88e3b425bde5fbbb1bf89b6d035c0498e983e3301a9c85b5ca961,448,4.437955723222643,369.13877964019775,36,40,120
hardened,1,j-reversible-sp-unigram-32k,kakikudashi,sha256:d2b31d3ae5b88e3b425bde5fbbb1bf89b6d035c0498e983e3301a9c85b5ca961,448,3.7177173510774635,440.6542263031006,46,57,171
hardened,1,j-reversible-sp-unigram-32k,kanbun,sha256:43b4dc0dc7976fa1b2c164b2340b1a088902ac66e0d6c96a0c4afff103c83188,449,5.021864592367238,417.70695400238037,41,40,120
hardened,1,j-reversible-sp-unigram-32k,kakikudashi,sha256:43b4dc0dc7976fa1b2c164b2340b1a088902ac66e0d6c96a0c4afff103c83188,449,3.468868592504012,497.71835231781006,54,69,207
hardened,1,j-reversible-sp-unigram-32k,kanbun,sha256:664d8903ee8f792be469f73fddebc23c9d2aacb3f5915af4817d1af3ada3ae28,451,5.42930908035366,451.59723377227783,46,40,120
hardened,1,j-reversible-sp-unigram-32k,kakikudashi,sha256:664d8903ee8f792be469f73fddebc23c9d2aacb3f5915af4817d1af3ada3ae28,451,3.8671242530585697,578.985034942627,62,72,216
hardened,1,j-reversible-sp-unigram-32k,kanbun,sha256:99c99adc100864ccb18d6c712779e221ef8572ad8b77f882871db5f0b874276f,452,5.293860222462215,440.3309144973755,44,40,120
hardened,1,j-reversible-sp-unigram-32k,kakikudashi,sha256:99c99adc100864ccb18d6c712779e221ef8572ad8b77f882871db5f0b874276f,452,3.896193748955008,494.21633529663086,52,61,183
hardened,1,j-reversible-sp-unigram-32k,kanbun,sha256:e65acc3e8061934a0c62c305c17268fbc60b310408b70342c2143c1e8c5c560f,453,4.816863508313231,400.6554431915283,39,40,120
hardened,1,j-reversible-sp-unigram-32k,kakikudashi,sha256:e65acc3e8061934a0c62c305c17268fbc60b310408b70342c2143c1e8c5c560f,453,3.6485278467278635,531.083025932312,56,70,210
hardened,1,j-reversible-sp-unigram-32k,kanbun,sha256:242d5791d033e4b7e594f665ba60730c72ae304ce3b6323775cb24d9a83496f4,454,6.191812186735732,515.0204591751099,52,40,120
hardened,1,j-reversible-sp-unigram-32k,kakikudashi,sha256:242d5791d033e4b7e594f665ba60730c72ae304ce3b6323775cb24d9a83496f4,454,4.557600679922055,616.0221719741821,64,65,195
hardened,1,j-reversible-sp-unigram-32k,kanbun,sha256:44cc0ad740218e58f85db210af55c17bb69d0a0291854e659300fa09c5f32d3c,455,6.00980655896329,499.8816566467285,50,40,120
hardened,1,j-reversible-sp-unigram-32k,kakikudashi,sha256:44cc0ad740218e58f85db210af55c17bb69d0a0291854e659300fa09c5f32d3c,455,5.055522698046385,557.1711874008179,57,53,159
hardened,1,j-reversible-sp-unigram-32k,kanbun,sha256:90c1cea75f187a7e60b0aae7fbef4eb659d55b3cd2023bfb6ecdec66f666ed71,456,4.379888177450418,364.3088569641113,38,40,120
hardened,1,j-reversible-sp-unigram-32k,kakikudashi,sha256:90c1cea75f187a7e60b0aae7fbef4eb659d55b3cd2023bfb6ecdec66f666ed71,456,3.5737961384334156,475.61600971221924,53,64,192
hardened,1,j-reversible-sp-unigram-32k,kanbun,sha256:576b5a3e807326353c941ec3d06115e0aeb408e76137f9176f359c969c882d9f,3,4.993253615897252,415.3271598815918,41,40,120
hardened,1,j-reversible-sp-unigram-32k,kakikudashi,sha256:576b5a3e807326353c941ec3d06115e0aeb408e76137f9176f359c969c882d9f,3,3.5613558203599966,533.2054491043091,57,72,216
hardened,1,j-reversible-sp-unigram-32k,kanbun,sha256:e8c4f39600a3effaedbaaec139b9ecb10ca130bad351f3fa36b39ceff6da4bce,5,5.955139121664132,495.3345470428467,50,40,120
hardened,1,j-reversible-sp-unigram-32k,kakikudashi,sha256:e8c4f39600a3effaedbaaec139b9ecb10ca130bad351f3fa36b39ceff6da4bce,5,4.152806493259523,595.8507652282715,64,69,207
hardened,1,j-reversible-sp-unigram-32k,kanbun,sha256:09d039812ec2a4e20cb1a76fe5d431e21ba67b10da0e9d3a3cf5dbdb986731cc,6,5.210615735137331,433.4068326950073,44,40,120
hardened,1,j-reversible-sp-unigram-32k,kakikudashi,sha256:09d039812ec2a4e20cb1a76fe5d431e21ba67b10da0e9d3a3cf5dbdb986731cc,6,3.7127399761608992,494.1072473526001,55,64,192
hardened,1,j-reversible-sp-unigram-32k,kanbun,sha256:fdc0dee80fbcfa7803520c3778a9f84e04873ebf07beba85d4f120e7a59acd6e,7,4.953760024435558,412.04217529296875,41,40,120
hardened,1,j-reversible-sp-unigram-32k,kakikudashi,sha256:fdc0dee80fbcfa7803520c3778a9f84e04873ebf07beba85d4f120e7a59acd6e,7,3.5274511211454525,542.7995014190674,61,74,222
hardened,1,j-reversible-sp-unigram-32k,kanbun,sha256:a8a38304dee792315f059cf77319a599c0d5e78876b90f96ad189a05f585bda8,8,5.25543864472539,437.1350975036621,44,40,120
hardened,1,j-reversible-sp-unigram-32k,kakikudashi,sha256:a8a38304dee792315f059cf77319a599c0d5e78876b90f96ad189a05f585bda8,8,3.9386759966560487,573.3172540664673,66,70,210
hardened,1,j-reversible-sp-unigram-32k,kanbun,sha256:c934a565300ae1211deca5d427aa9aeeb66262182c4b223b1dca794ef47e07c7,9,5.583351498577835,464.4101219177246,47,40,120
hardened,1,j-reversible-sp-unigram-32k,kakikudashi,sha256:c934a565300ae1211deca5d427aa9aeeb66262182c4b223b1dca794ef47e07c7,9,4.1088817788998035,572.4600238800049,59,67,201
hardened,1,j-reversible-sp-unigram-32k,kanbun,sha256:842b479765cf1914d872b780eb0bc3b2329f0e959678a68fde4c8b43d6269dcd,10,5.3694070759032515,446.61472511291504,46,40,120
hardened,1,j-reversible-sp-unigram-32k,kakikudashi,sha256:842b479765cf1914d872b780eb0bc3b2329f0e959678a68fde4c8b43d6269dcd,10,3.767023666795743,524.8314685821533,57,67,201
hardened,1,j-reversible-sp-unigram-32k,kanbun,sha256:bfe392a90f0f5060e4f9144835d49827ecbf01061f920f1c4311a947b673896e,11,5.156710352964147,428.92310905456543,43,40,120
hardened,1,j-reversible-sp-unigram-32k,kakikudashi,sha256:bfe392a90f0f5060e4f9144835d49827ecbf01061f920f1c4311a947b673896e,11,3.513450488396755,547.951117515564,57,75,225
hardened,1,j-reversible-sp-unigram-32k,kanbun,sha256:020128f8b3c10b1a88298732fd7044939179a2ad1a5720a7192c9d4c3a199c7c,12,4.677932735534458,389.0995063781738,39,40,120
hardened,1,j-reversible-sp-unigram-32k,kakikudashi,sha256:020128f8b3c10b1a88298732fd7044939179a2ad1a5720a7192c9d4c3a199c7c,12,3.4516085734811726,480.88702297210693,52,67,201
hardened,1,j-reversible-sp-unigram-32k,kanbun,sha256:b005d498034beea2fadc3c11572ab640c1781afa24ba01c9cc0033b0d7da295d,14,5.7638310898926415,479.4219923019409,47,40,120
hardened,1,j-reversible-sp-unigram-32k,kakikudashi,sha256:b005d498034beea2fadc3c11572ab640c1781afa24ba01c9cc0033b0d7da295d,14,4.80142929548373,559.1203260421753,58,56,168
hardened,1,j-reversible-sp-unigram-32k,kanbun,sha256:52e6ff2ebca7434e960930b3c3ff47831b4850878d330dc984505295db4f26cb,15,4.5816160303656535,381.08810806274414,40,40,120
hardened,1,j-reversible-sp-unigram-32k,kakikudashi,sha256:52e6ff2ebca7434e960930b3c3ff47831b4850878d330dc984505295db4f26cb,15,3.249148210432436,466.19254970550537,50,69,207
hardened,1,j-reversible-sp-unigram-32k,kanbun,sha256:af88e18af6d83b22c097877ae06d8937db881c08bc1b2b2ad7fb40a1c5b65e97,16,5.688691514299869,473.17205810546875,48,40,120
hardened,1,j-reversible-sp-unigram-32k,kakikudashi,sha256:af88e18af6d83b22c097877ae06d8937db881c08bc1b2b2ad7fb40a1c5b65e97,16,4.221734465547436,553.067551612854,59,63,189
hardened,1,j-reversible-sp-unigram-32k,kanbun,sha256:14324a49d3f719dd89ab20f537970d1c674b0f618ee968570befa307e3eda7e7,18,6.376992067174479,928.2407550811768,92,70,210
hardened,1,j-reversible-sp-unigram-32k,kakikudashi,sha256:14324a49d3f719dd89ab20f537970d1c674b0f618ee968570befa307e3eda7e7,18,4.103604334007791,1134.916307926178,123,133,399
hardened,1,j-reversible-sp-unigram-32k,kanbun,sha256:68aebf919c78c13784ae7b632d9e92b1ff1bea5b8b0989f053ccd56250403ecb,19,5.674288443108776,943.9480886459351,92,80,240
hardened,1,j-reversible-sp-unigram-32k,kakikudashi,sha256:68aebf919c78c13784ae7b632d9e92b1ff1bea5b8b0989f053ccd56250403ecb,19,3.8579070515878358,1227.410704612732,135,153,459
hardened,1,j-reversible-sp-unigram-32k,kanbun,sha256:cc27ddef95677ec9eb463798102c2354f2130cbc56071a2177a91ae7b9aefc4a,20,5.209760022081535,650.0034847259521,62,60,180
hardened,1,j-reversible-sp-unigram-32k,kakikudashi,sha256:cc27ddef95677ec9eb463798102c2354f2130cbc56071a2177a91ae7b9aefc4a,20,3.89645880700228,826.4507474899292,89,102,306
hardened,1,j-reversible-sp-unigram-32k,kanbun,sha256:73edb947af3beac143cfdebb31d7523b1b18401541b334e7015702efaf7ebd34,21,6.584626892561041,1369.2346696853638,132,100,300
hardened,1,j-reversible-sp-unigram-32k,kakikudashi,sha256:73edb947af3beac143cfdebb31d7523b1b18401541b334e7015702efaf7ebd34,21,4.717466932334694,1677.458137512207,178,171,513
hardened,1,j-reversible-sp-unigram-32k,kanbun,sha256:3fffd90875d90dc35dbd966d90f54ce00bbfbb7829f3f95502729d16650f5f1f,22,5.361480433743351,668.933108329773,67,60,180
hardened,1,j-reversible-sp-unigram-32k,kakikudashi,sha256:3fffd90875d90dc35dbd966d90f54ce00bbfbb7829f3f95502729d16650f5f1f,22,4.240881616714205,864.2292098999023,91,98,294
hardened,1,j-reversible-sp-unigram-32k,kanbun,sha256:b9a53ac9e217bd800e645c8bca49dbe915fce5fba61572ef4c50a712ef3a1066,23,5.81467160364133,725.4761810302734,71,60,180
hardened,1,j-reversible-sp-unigram-32k,kakikudashi,sha256:b9a53ac9e217bd800e645c8bca49dbe915fce5fba61572ef4c50a712ef3a1066,23,4.18391573326873,930.9222755432129,103,107,321
hardened,1,j-reversible-sp-unigram-32k,kanbun,sha256:716e6145ba21fa5c3b0d5db778735b0d8988bf2a749f2e0de60cc468f1378b65,25,5.164226745797761,859.0966100692749,85,80,240
hardened,1,j-reversible-sp-unigram-32k,kakikudashi,sha256:716e6145ba21fa5c3b0d5db778735b0d8988bf2a749f2e0de60cc468f1378b65,25,3.845112039245234,1119.395998954773,120,140,420
hardened,1,j-reversible-sp-unigram-32k,kanbun,sha256:6f89247232a2b11cea5ccdf85bd932df82ab69435f3eec04f25ac1bba656f859,26,5.014190707376556,625.6029872894287,63,60,180
hardened,1,j-reversible-sp-unigram-32k,kakikudashi,sha256:6f89247232a2b11cea5ccdf85bd932df82ab69435f3eec04f25ac1bba656f859,26,3.6328068562677016,755.4209489822388,80,100,300
hardened,1,j-reversible-sp-unigram-32k,kanbun,sha256:f7732e38e3d5df7c26964f7f953e6d7b75ed26189a22198e7c583a46218dc67e,27,6.0455354119792295,754.2802486419678,74,60,180
hardened,1,j-reversible-sp-unigram-32k,kakikudashi,sha256:f7732e38e3d5df7c26964f7f953e6d7b75ed26189a22198e7c583a46218dc67e,27,4.389507795905884,867.133861541748,91,95,285
hardened,1,j-reversible-sp-unigram-32k,kanbun,sha256:d4bd1b238fe19ce2b1c10ada1b991a2659823e00688c60440fba173421070394,28,5.314884180467552,663.119457244873,67,60,180
hardened,1,j-reversible-sp-unigram-32k,kakikudashi,sha256:d4bd1b238fe19ce2b1c10ada1b991a2659823e00688c60440fba173421070394,28,4.061628695283523,827.7001047134399,92,98,294
hardened,1,j-reversible-sp-unigram-32k,kanbun,sha256:ba578fca09a318ec898554b9a4d71dec3f6c5a6d409a07fe0420a52fd5717a46,29,5.928459330737011,739.6730766296387,72,60,180
hardened,1,j-reversible-sp-unigram-32k,kakikudashi,sha256:ba578fca09a318ec898554b9a4d71dec3f6c5a6d409a07fe0420a52fd5717a46,29,4.176130732003703,894.4540319442749,97,103,309
hardened,1,j-reversible-sp-unigram-32k,kanbun,sha256:f51c22f523276eec61cf985b16730a208de83fa205dac77c23d3b897cba3c30c,30,5.2324460089593,870.4452476501465,85,80,240
hardened,1,j-reversible-sp-unigram-32k,kakikudashi,sha256:f51c22f523276eec61cf985b16730a208de83fa205dac77c23d3b897cba3c30c,30,3.7703281764287406,1121.1453161239624,123,143,429
hardened,1,j-reversible-sp-unigram-32k,kanbun,sha256:9041b17768938557a357cbd5969d7c97e472be37c02dfacb62b84613ad7fc3b0,32,5.103408901245896,636.7344284057617,64,60,180
hardened,1,j-reversible-sp-unigram-32k,kakikudashi,sha256:9041b17768938557a357cbd5969d7c97e472be37c02dfacb62b84613ad7fc3b0,32,3.5641916127881768,844.9142036437988,93,114,342
hardened,1,j-reversible-sp-unigram-32k,kanbun,sha256:e3c6c86636a5116453905972b2ec9122d53da663799d40647a67cfb178febb51,33,5.672414373004262,707.7272453308105,70,60,180
hardened,1,j-reversible-sp-unigram-32k,kakikudashi,sha256:e3c6c86636a5116453905972b2ec9122d53da663799d40647a67cfb178febb51,33,4.230050970082794,844.4297962188721,90,96,288
hardened,1,j-reversible-sp-unigram-32k,kanbun,sha256:2fbdd594647ea710caa5eca32f66de189557e9d688a66d828b507fb8adc273a8,34,5.154552092994592,643.115385055542,64,60,180
hardened,1,j-reversible-sp-unigram-32k,kakikudashi,sha256:2fbdd594647ea710caa5eca32f66de189557e9d688a66d828b507fb8adc273a8,34,3.9044796607746326,803.7945833206177,87,99,297
hardened,1,j-reversible-sp-unigram-32k,kanbun,sha256:8aa6505fb46f6707f1d9f09be6acb7e3d3ea8b344f8ae326dbc0050c43bb7126,36,5.318921620337269,884.8309259414673,87,80,240
hardened,1,j-reversible-sp-unigram-32k,kakikudashi,sha256:8aa6505fb46f6707f1d9f09be6acb7e3d3ea8b344f8ae326dbc0050c43bb7126,36,3.9819879292525564,1084.7207565307617,116,131,393
hardened,1,j-reversible-sp-unigram-32k,kanbun,sha256:4eab4f6a47bc17954d8967f65446263c30e76916a868f337a5d21b3d238c4eec,39,5.717009298568501,713.2911977767944,70,60,180
hardened,1,j-reversible-sp-unigram-32k,kakikudashi,sha256:4eab4f6a47bc17954d8967f65446263c30e76916a868f337a5d21b3d238c4eec,39,4.236133870572451,810.408932685852,87,92,276
hardened,1,j-reversible-sp-unigram-32k,kanbun,sha256:63011cb7cdcc860576607532cbf6a2cd6f13cc9f5850ab1e0b846b4227eb7a9d,40,5.847149082602504,729.5282821655273,73,60,180
hardened,1,j-reversible-sp-unigram-32k,kakikudashi,sha256:63011cb7cdcc860576607532cbf6a2cd6f13cc9f5850ab1e0b846b4227eb7a9d,40,4.4406369202870835,849.5321292877197,89,92,276
hardened,1,j-reversible-sp-unigram-32k,kanbun,sha256:74256a33b79a592140f1b077ea6b0f9ce01476bc9afb93f97b519af3fd1f1c04,41,4.862487723290027,606.6755380630493,62,60,180
hardened,1,j-reversible-sp-unigram-32k,kakikudashi,sha256:74256a33b79a592140f1b077ea6b0f9ce01476bc9afb93f97b519af3fd1f1c04,41,3.63733265874898,786.6165456771851,85,104,312
hardened,1,j-reversible-sp-unigram-32k,kanbun,sha256:1139b20de4b4b769f75cf3054f0a0e14ca97c16112d7add058de09072b65be3e,42,5.464866306149548,681.8322010040283,67,60,180
hardened,1,j-reversible-sp-unigram-32k,kakikudashi,sha256:1139b20de4b4b769f75cf3054f0a0e14ca97c16112d7add058de09072b65be3e,42,3.7730086108293137,886.569845199585,99,113,339
hardened,1,j-reversible-sp-unigram-32k,kanbun,sha256:7849fbfe1e04137df259356a4e3486f5acd5bfbf751f1f15a90d04cdb0ef6c38,43,5.500266284385916,914.9985761642456,89,80,240
hardened,1,j-reversible-sp-unigram-32k,kakikudashi,sha256:7849fbfe1e04137df259356a4e3486f5acd5bfbf751f1f15a90d04cdb0ef6c38,43,3.753231232380501,1264.3492403030396,139,162,486
hardened,1,j-reversible-sp-unigram-32k,kanbun,sha256:dc0c30d0c0091b28fc06daa34a125806b198647182e2c7c67593150039f72405,44,5.340324794355004,666.2935934066772,65,60,180
hardened,1,j-reversible-sp-unigram-32k,kakikudashi,sha256:dc0c30d0c0091b28fc06daa34a125806b198647182e2c7c67593150039f72405,44,3.8786191073280403,822.6668930053711,89,102,306
hardened,1,j-reversible-sp-unigram-32k,kanbun,sha256:cb15cb3e4f5e05908b053e5659f65ef7068a60c5f48aaf2a07171f666261f07c,45,5.898475661362735,735.9321193695068,72,60,180
hardened,1,j-reversible-sp-unigram-32k,kakikudashi,sha256:cb15cb3e4f5e05908b053e5659f65ef7068a60c5f48aaf2a07171f666261f07c,45,3.8806634637167936,984.4927635192871,107,122,366
hardened,1,j-reversible-sp-unigram-32k,kanbun,sha256:cdfbf93503b9dcbdf078c8c29fdc90e3789c3a11094452f293bc3e7c23138ace,47,5.944872124303944,1483.441686630249,144,120,360
hardened,1,j-reversible-sp-unigram-32k,kakikudashi,sha256:cdfbf93503b9dcbdf078c8c29fdc90e3789c3a11094452f293bc3e7c23138ace,47,4.457850805036332,1770.5394687652588,189,191,573
hardened,1,j-reversible-sp-unigram-32k,kanbun,sha256:7f560c618484b1f6273fe48b47723bbca6bc26c545fea86f931926dc9e7d49ac,48,5.4379877109217025,678.4786529541016,67,60,180
hardened,1,j-reversible-sp-unigram-32k,kakikudashi,sha256:7f560c618484b1f6273fe48b47723bbca6bc26c545fea86f931926dc9e7d49ac,48,4.142143681899461,792.4277992248535,83,92,276
hardened,1,j-reversible-sp-unigram-32k,kanbun,sha256:c0197a892648a76c96d8428f90c27fd452c53e9b8255595d376c1b97dc317409,49,5.3199004939911845,663.745325088501,64,60,180
hardened,1,j-reversible-sp-unigram-32k,kakikudashi,sha256:c0197a892648a76c96d8428f90c27fd452c53e9b8255595d376c1b97dc317409,49,3.9528571540465296,821.9735374450684,86,100,300
hardened,1,j-reversible-sp-unigram-32k,kanbun,sha256:d5d02df795847ddd1913057e38c128f8a369e51f74a5e7d1c1670669cd4d47c3,50,5.247910849442024,654.7634296417236,62,60,180
hardened,1,j-reversible-sp-unigram-32k,kakikudashi,sha256:d5d02df795847ddd1913057e38c128f8a369e51f74a5e7d1c1670669cd4d47c3,50,3.3900023378107043,810.670844078064,84,115,345
hardened,1,j-reversible-sp-unigram-32k,kanbun,sha256:2f8b16cbf223ba393f66e57ce4132eb505228eec334fc99d2254f56ab2396114,51,5.631936536297192,702.6769676208496,70,60,180
hardened,1,j-reversible-sp-unigram-32k,kakikudashi,sha256:2f8b16cbf223ba393f66e57ce4132eb505228eec334fc99d2254f56ab2396114,51,4.12282282208115,900.18274974823,99,105,315
hardened,1,j-reversible-sp-unigram-32k,kanbun,sha256:6b40e3e1b9e4e20cdbb9227a00793e5dbb63587ee72badf3eff64a8b1d6cf894,52,5.93747085780337,1234.6623554229736,120,100,300
hardened,1,j-reversible-sp-unigram-32k,kakikudashi,sha256:6b40e3e1b9e4e20cdbb9227a00793e5dbb63587ee72badf3eff64a8b1d6cf894,52,4.315763552332633,1453.849238395691,152,162,486
hardened,1,j-reversible-sp-unigram-32k,kanbun,sha256:f53d5e68d3de433f750c42d52c09f5d7466f63d48e13b7828336d7ea759f93f2,53,6.05444425961567,1762.5808067321777,175,140,420
hardened,1,j-reversible-sp-unigram-32k,kakikudashi,sha256:f53d5e68d3de433f750c42d52c09f5d7466f63d48e13b7828336d7ea759f93f2,53,4.5074536635073414,2108.921938896179,228,225,675
hardened,1,j-reversible-sp-unigram-32k,kanbun,sha256:9bf6479e7cc4d3c98d505c2039fa6033e137109bd63fd4c3b7218c7bf69a0cca,54,5.660329572530168,706.2194671630859,69,60,180
hardened,1,j-reversible-sp-unigram-32k,kakikudashi,sha256:9bf6479e7cc4d3c98d505c2039fa6033e137109bd63fd4c3b7218c7bf69a0cca,54,4.023351374344338,870.0976943969727,93,104,312
hardened,1,j-reversible-sp-unigram-32k,kanbun,sha256:35d08bcae4fcfc8158e0855d1478be567a904a3f7f38df896db3ad437458803c,55,5.323017056578694,664.1341676712036,67,60,180
hardened,1,j-reversible-sp-unigram-32k,kakikudashi,sha256:35d08bcae4fcfc8158e0855d1478be567a904a3f7f38df896db3ad437458803c,55,3.9188417200099694,806.7512245178223,86,99,297
hardened,1,j-reversible-sp-unigram-32k,kanbun,sha256:298485587949427333759e44d9c0b7e59024d7647b978fabdf21f7f1dfa6a7d9,56,4.908783549627626,612.4517059326172,64,60,180
hardened,1,j-reversible-sp-unigram-32k,kakikudashi,sha256:298485587949427333759e44d9c0b7e59024d7647b978fabdf21f7f1dfa6a7d9,56,3.544639407543276,766.5705251693726,86,104,312
hardened,1,j-reversible-sp-unigram-32k,kanbun,sha256:306c9b8a4fb6b813795898a24d4605bd3265be75cd16d93758a84e823765880a,58,5.53096290019567,920.1051216125488,90,80,240
hardened,1,j-reversible-sp-unigram-32k,kakikudashi,sha256:306c9b8a4fb6b813795898a24d4605bd3265be75cd16d93758a84e823765880a,58,4.199066222183457,1152.5860815048218,124,132,396
hardened,1,j-reversible-sp-unigram-32k,kanbun,sha256:6a2df9cbdc6d033db05e6dabc548c93b3d69c51f5d6c203b158583edf3633030,59,6.170346477915226,769.8524875640869,76,60,180
hardened,1,j-reversible-sp-unigram-32k,kakikudashi,sha256:6a2df9cbdc6d033db05e6dabc548c93b3d69c51f5d6c203b158583edf3633030,59,4.498430100295964,926.0680198669434,97,99,297
hardened,1,j-reversible-sp-unigram-32k,kanbun,sha256:3d332731f95bcc5133c1a66add2fc39b382da16cd685415de6101cd3c3005ac0,60,4.78595866928624,597.1272764205933,61,60,180
hardened,1,j-reversible-sp-unigram-32k,kakikudashi,sha256:3d332731f95bcc5133c1a66add2fc39b382da16cd685415de6101cd3c3005ac0,60,3.418481957029786,796.1557397842407,90,112,336
hardened,1,j-reversible-sp-unigram-32k,kanbun,sha256:092f3bba9e87a548540fab399de7b9c81e9f60b800024f6393f1518223e8964a,61,5.524176943068186,643.283369064331,64,56,168
hardened,1,j-reversible-sp-unigram-32k,kakikudashi,sha256:092f3bba9e87a548540fab399de7b9c81e9f60b800024f6393f1518223e8964a,61,4.465990025173987,733.6544494628906,78,79,237
hardened,1,j-reversible-sp-unigram-32k,kanbun,sha256:f3ae1158ed0f603adf43e7a42a70db40ab06d5864a1c56e37ce48a2610744fce,62,4.831084091989354,562.5735893249512,59,56,168
hardened,1,j-reversible-sp-unigram-32k,kakikudashi,sha256:f3ae1158ed0f603adf43e7a42a70db40ab06d5864a1c56e37ce48a2610744fce,62,3.488542735617961,696.4051856994629,75,96,288
hardened,1,j-reversible-sp-unigram-32k,kanbun,sha256:2b96722eaa469cc87b4fbe7a52188aea35ff66ac224c0038f9242ac264d4e90b,63,5.4117530553191235,630.1917505264282,62,56,168
hardened,1,j-reversible-sp-unigram-32k,kakikudashi,sha256:2b96722eaa469cc87b4fbe7a52188aea35ff66ac224c0038f9242ac264d4e90b,63,3.6507842447951737,781.9340190887451,84,103,309
hardened,1,j-reversible-sp-unigram-32k,kanbun,sha256:6b191920129e9080079f2f454a04825fb630550c5cb7cc4c2aa4abb4754c9223,64,5.417037263215134,630.807089805603,62,56,168
hardened,1,j-reversible-sp-unigram-32k,kakikudashi,sha256:6b191920129e9080079f2f454a04825fb630550c5cb7cc4c2aa4abb4754c9223,64,3.6814396724408125,849.7425832748413,95,111,333
hardened,1,j-reversible-sp-unigram-32k,kanbun,sha256:ee2d139e384ade129e4410c078eddd0b0fdbfee9b17e574958a19fcd3524ff29,66,4.730084323806504,550.812294960022,56,56,168
hardened,1,j-reversible-sp-unigram-32k,kakikudashi,sha256:ee2d139e384ade129e4410c078eddd0b0fdbfee9b17e574958a19fcd3524ff29,66,3.3717148297507498,729.1735239028931,79,104,312
hardened,1,j-reversible-sp-unigram-32k,kanbun,sha256:2f1e412ee51c6c28b903b97ec6fc751ad010531e7a8825de8e3d20155a8ab97b,67,6.710662271212687,781.4480743408203,76,56,168
hardened,1,j-reversible-sp-unigram-32k,kakikudashi,sha256:2f1e412ee51c6c28b903b97ec6fc751ad010531e7a8825de8e3d20155a8ab97b,67,4.571356552599013,979.1044778823853,106,103,309
hardened,1,j-reversible-sp-unigram-32k,kanbun,sha256:836210e3506f400dd5fdfa5f079e477f47d803a071ee87f1a0fb6f8c8bf5a35d,69,6.263361717853754,729.3604946136475,73,56,168
hardened,1,j-reversible-sp-unigram-32k,kakikudashi,sha256:836210e3506f400dd5fdfa5f079e477f47d803a071ee87f1a0fb6f8c8bf5a35d,69,4.488344962632281,867.9923400878906,93,93,279
hardened,1,j-reversible-sp-unigram-32k,kanbun,sha256:e846ecba029d25a904a4a21ca0a158ae1a8e1cfff495b6138d32badff905dd2e,70,5.339007399605721,621.7206115722656,63,56,168
hardened,1,j-reversible-sp-unigram-32k,kakikudashi,sha256:e846ecba029d25a904a4a21ca0a158ae1a8e1cfff495b6138d32badff905dd2e,70,3.724182254965351,828.6314640045166,91,107,321
hardened,1,j-reversible-sp-unigram-32k,kanbun,sha256:2791b779813ad457e83b2013d982eb2462c9282632bd2e8b5dd486479cf37f9c,71,5.977900622575043,696.1189136505127,70,56,168
hardened,1,j-reversible-sp-unigram-32k,kakikudashi,sha256:2791b779813ad457e83b2013d982eb2462c9282632bd2e8b5dd486479cf37f9c,71,4.619177986298598,778.0301580429077,82,81,243
hardened,1,j-reversible-sp-unigram-32k,kanbun,sha256:effee488fe7322a551a8f8da77db78a2ba44d4f04b40de58634b78b28e3c8a3e,72,4.995277877904786,581.6937465667725,60,56,168
hardened,1,j-reversible-sp-unigram-32k,kakikudashi,sha256:effee488fe7322a551a8f8da77db78a2ba44d4f04b40de58634b78b28e3c8a3e,72,3.509068825077272,736.9872522354126,81,101,303
hardened,1,j-reversible-sp-unigram-32k,kanbun,sha256:9e72c8e6bffc21b2b402138bd9fee0e27ae7f4efe92b34c17be189343a2d271e,73,5.715730344944558,831.9868984222412,81,70,210
hardened,1,j-reversible-sp-unigram-32k,kakikudashi,sha256:9e72c8e6bffc21b2b402138bd9fee0e27ae7f4efe92b34c17be189343a2d271e,73,3.876346346283345,1104.3070802688599,123,137,411
hardened,1,j-reversible-sp-unigram-32k,kanbun,sha256:80624182daba6ae8e572a966c20af429593ffd8ce3013db390abaad669ee7623,74,6.095253361115182,709.7844905853271,70,56,168
hardened,1,j-reversible-sp-unigram-32k,kakikudashi,sha256:80624182daba6ae8e572a966c20af429593ffd8ce3013db390abaad669ee7623,74,4.227434899958869,905.4424858093262,100,103,309
hardened,1,j-reversible-sp-unigram-32k,kanbun,sha256:102a3b6cc15262e788c50b823938622352b53ddc1e4b65c76ef74165c855ff86,75,5.4074503687908875,629.6907081604004,63,56,168
hardened,1,j-reversible-sp-unigram-32k,kakikudashi,sha256:102a3b6cc15262e788c50b823938622352b53ddc1e4b65c76ef74165c855ff86,75,3.9813177576199053,778.2182483673096,85,94,282
hardened,1,j-reversible-sp-unigram-32k,kanbun,sha256:4beb3ad4926d35254e0e20d481ad552b3b4516da6d341d5a3a713db3c81b05e2,76,4.981858047089012,580.1310243606567,58,56,168
hardened,1,j-reversible-sp-unigram-32k,kakikudashi,sha256:4beb3ad4926d35254e0e20d481ad552b3b4516da6d341d5a3a713db3c81b05e2,76,3.4584556487253324,676.0156965255737,75,94,282
hardened,1,j-reversible-sp-unigram-32k,kanbun,sha256:acc9ade9c5a940192e29f2d9b6f986e27d152000e3e3e618ab8033042b2b1ee0,77,5.087812258719316,592.4692573547363,59,56,168
hardened,1,j-reversible-sp-unigram-32k,kakikudashi,sha256:acc9ade9c5a940192e29f2d9b6f986e27d152000e3e3e618ab8033042b2b1ee0,77,3.969719968952709,726.4224538803101,76,88,264
hardened,1,j-reversible-sp-unigram-32k,kanbun,sha256:3514e4432dcb410c323e2e2f0b109585247fd62ae99c2edf6cd5ac9cb48a94e9,79,5.236165770938981,609.7448348999023,62,56,168
hardened,1,j-reversible-sp-unigram-32k,kakikudashi,sha256:3514e4432dcb410c323e2e2f0b109585247fd62ae99c2edf6cd5ac9cb48a94e9,79,3.7603118034123653,813.212251663208,90,104,312
hardened,1,j-reversible-sp-unigram-32k,kanbun,sha256:3325b65e900b035579ffce0af5e1fd2450a467ffea82547d1ccddc1ff7c00752,80,5.001097778999634,582.3714666366577,60,56,168
hardened,1,j-reversible-sp-unigram-32k,kakikudashi,sha256:3325b65e900b035579ffce0af5e1fd2450a467ffea82547d1ccddc1ff7c00752,80,3.771371650162695,729.3382596969604,82,93,279
hardened,1,j-reversible-sp-unigram-32k,kanbun,sha256:6d2d5d266b9729e0f7fbc0240908d4407256ddad3fbe26fd76c53de8840f5aa4,83,4.882315225838122,568.5393896102905,56,56,168
hardened,1,j-reversible-sp-unigram-32k,kakikudashi,sha256:6d2d5d266b9729e0f7fbc0240908d4407256ddad3fbe26fd76c53de8840f5aa4,83,3.7680722673895466,697.3582544326782,78,89,267
hardened,1,j-reversible-sp-unigram-32k,kanbun,sha256:9343f79b875d47ecbc336596adf2e24267faa9b958452d867f9538bf14d5f344,85,5.7207035983802275,666.1686477661133,66,56,168
hardened,1,j-reversible-sp-unigram-32k,kakikudashi,sha256:9343f79b875d47ecbc336596adf2e24267faa9b958452d867f9538bf14d5f344,85,4.056083015260701,826.5699768066406,88,98,294
hardened,1,j-reversible-sp-unigram-32k,kanbun,sha256:ce0e91f3fd1b91d41b9e2204a342215638a15eb37422f50194a78aacb43d4676,86,5.712925134288405,665.2628555297852,66,56,168
hardened,1,j-reversible-sp-unigram-32k,kakikudashi,sha256:ce0e91f3fd1b91d41b9e2204a342215638a15eb37422f50194a78aacb43d4676,86,4.187214520460235,809.7573070526123,86,93,279
hardened,1,j-reversible-sp-unigram-32k,kanbun,sha256:3dd05ced05ea77b91b31a785b91ba9a8a243174547ede65ccbc74f11fa6966fd,87,4.7952542010769506,558.4012441635132,56,56,168
hardened,1,j-reversible-sp-unigram-32k,kakikudashi,sha256:3dd05ced05ea77b91b31a785b91ba9a8a243174547ede65ccbc74f11fa6966fd,87,3.4070732116232576,729.7353858947754,78,103,309
hardened,1,j-reversible-sp-unigram-32k,kanbun,sha256:65fb07962b0f9241c46f4f24a552e0c8f57d874c783b23e2ec54dfc8f50301c4,88,5.925738825085256,690.0447387695312,68,56,168
hardened,1,j-reversible-sp-unigram-32k,kakikudashi,sha256:65fb07962b0f9241c46f4f24a552e0c8f57d874c783b23e2ec54dfc8f50301c4,88,4.084774192164415,908.8632583618164,100,107,321
hardened,1,j-reversible-sp-unigram-32k,kanbun,sha256:26e0e0e71eda003e00cddf03f376008c27768df218ac24a870ddc65b54830c33,90,4.941131294158592,575.388445854187,59,56,168
hardened,1,j-reversible-sp-unigram-32k,kakikudashi,sha256:26e0e0e71eda003e00cddf03f376008c27768df218ac24a870ddc65b54830c33,90,3.6851635156346543,712.6666355133057,81,93,279
hardened,1,j-reversible-sp-unigram-32k,kanbun,sha256:ba91b580b20e56c784683b7baa4e66a902e4e7e592ddfdbc88c8d51605fd1ec5,91,5.312688673423634,618.6558294296265,63,56,168
hardened,1,j-reversible-sp-unigram-32k,kakikudashi,sha256:ba91b580b20e56c784683b7baa4e66a902e4e7e592ddfdbc88c8d51605fd1ec5,91,3.7314835128360597,729.3837718963623,80,94,282
hardened,1,j-reversible-sp-unigram-32k,kanbun,sha256:fec45e49c3d772566150b453ad25cbec4cecba5dbf83f3fdc235a75ce62cbe3c,92,5.364452961679727,624.6837148666382,63,56,168
hardened,1,j-reversible-sp-unigram-32k,kakikudashi,sha256:fec45e49c3d772566150b453ad25cbec4cecba5dbf83f3fdc235a75ce62cbe3c,92,3.5875371660726056,805.6879720687866,88,108,324
hardened,1,j-reversible-sp-unigram-32k,kanbun,sha256:71516a7f45038ebc728f25af90284aff39adae186c0591887f7028310d41d67b,93,4.975303739126729,579.3677835464478,59,56,168
hardened,1,j-reversible-sp-unigram-32k,kakikudashi,sha256:71516a7f45038ebc728f25af90284aff39adae186c0591887f7028310d41d67b,93,3.869126931152426,724.1060943603516,77,90,270
hardened,1,j-reversible-sp-unigram-32k,kanbun,sha256:b74387bcb98180c4cb4e8324deba8f6f64ebdf842627f174b195877b7f851da9,94,5.164987303036741,601.4561929702759,59,56,168
hardened,1,j-reversible-sp-unigram-32k,kakikudashi,sha256:b74387bcb98180c4cb4e8324deba8f6f64ebdf842627f174b195877b7f851da9,94,3.953287735439753,723.4155054092407,74,88,264
hardened,1,j-reversible-sp-unigram-32k,kanbun,sha256:e18a1142ed3b580a8765642d6f11988df986d76b6e723c5369a77758d8398465,96,5.276786164884317,614.4750280380249,62,56,168
hardened,1,j-reversible-sp-unigram-32k,kakikudashi,sha256:e18a1142ed3b580a8765642d6f11988df986d76b6e723c5369a77758d8398465,96,3.689503371611433,759.5385513305664,85,99,297
hardened,1,j-reversible-sp-unigram-32k,kanbun,sha256:60ca61fb472cad61b59041ec3711dfffc9ba88ebd7f4eaa3a7aa8f034e5e637c,97,5.1227528601027075,596.5380458831787,58,56,168
hardened,1,j-reversible-sp-unigram-32k,kakikudashi,sha256:60ca61fb472cad61b59041ec3711dfffc9ba88ebd7f4eaa3a7aa8f034e5e637c,97,3.255035728698469,744.5522165298462,80,110,330
hardened,1,j-reversible-sp-unigram-32k,kanbun,sha256:8d12b8a49cfbf0a973cdaec96296c069b9b81bd16e764a231f8369f0d94ef04e,98,5.363984366283676,624.629147529602,65,56,168
hardened,1,j-reversible-sp-unigram-32k,kakikudashi,sha256:8d12b8a49cfbf0a973cdaec96296c069b9b81bd16e764a231f8369f0d94ef04e,98,3.8929469880205376,785.2301015853882,84,97,291
hardened,1,j-reversible-sp-unigram-32k,kanbun,sha256:ad3434015b458f5bfe093f04b7da4becb0b5a32a39dc6426c4c740c8b74bdbd6,99,5.570221170253082,648.6451606750488,64,56,168
hardened,1,j-reversible-sp-unigram-32k,kakikudashi,sha256:ad3434015b458f5bfe093f04b7da4becb0b5a32a39dc6426c4c740c8b74bdbd6,99,4.159227436450294,795.6960687637329,87,92,276
hardened,1,j-reversible-sp-unigram-32k,kanbun,sha256:fbde96b9f0dbbbccd0eda5c0a90c33de61d0e4d9f5884c1d824f5c33c58f4c5d,101,5.109979602157676,595.0506162643433,59,56,168
hardened,1,j-reversible-sp-unigram-32k,kakikudashi,sha256:fbde96b9f0dbbbccd0eda5c0a90c33de61d0e4d9f5884c1d824f5c33c58f4c5d,101,3.6502695417385316,698.3280353546143,73,92,276
hardened,1,j-reversible-sp-unigram-32k,kanbun,sha256:a9a8c04997288819f79a1fcc74a97b94c091d8068b0c74d39af49106fee9c3d3,102,5.6095595154327365,653.2260608673096,65,56,168
hardened,1,j-reversible-sp-unigram-32k,kakikudashi,sha256:a9a8c04997288819f79a1fcc74a97b94c091d8068b0c74d39af49106fee9c3d3,102,4.1653777317750444,788.2110137939453,83,91,273
hardened,1,j-reversible-sp-unigram-32k,kanbun,sha256:0851bcd2deb2d319a9b9658423f25efa73a71a2b92475099613f411adf197376,105,4.893766158318569,569.8728361129761,56,56,168
hardened,1,j-reversible-sp-unigram-32k,kakikudashi,sha256:0851bcd2deb2d319a9b9658423f25efa73a71a2b92475099613f411adf197376,105,3.3876590300635407,739.6660861968994,79,105,315
hardened,1,j-reversible-sp-unigram-32k,kanbun,sha256:d7134b9bfc7714d5a1a8e854d84c1d55b29420f3c56e647b628a3847e00e468b,106,5.902853658820795,687.3797903060913,68,56,168
hardened,1,j-reversible-sp-unigram-32k,kakikudashi,sha256:d7134b9bfc7714d5a1a8e854d84c1d55b29420f3c56e647b628a3847e00e468b,106,4.057712503106719,801.5887145996094,86,95,285
hardened,1,j-reversible-sp-unigram-32k,kanbun,sha256:1ae7e230884f1d1ed138fce46d520ec4c265640d51abaf7b50e59b0a2e8e00c3,107,5.699303739805818,663.676661491394,67,56,168
hardened,1,j-reversible-sp-unigram-32k,kakikudashi,sha256:1ae7e230884f1d1ed138fce46d520ec4c265640d51abaf7b50e59b0a2e8e00c3,107,4.203044524050059,821.5586261749268,91,94,282
hardened,1,j-reversible-sp-unigram-32k,kanbun,sha256:b21c58f6c7368e54b0f7282977e145aaaccfe40e80291bc4f219af55b665019f,108,6.124357534689943,713.1736345291138,72,56,168
hardened,1,j-reversible-sp-unigram-32k,kakikudashi,sha256:b21c58f6c7368e54b0f7282977e145aaaccfe40e80291bc4f219af55b665019f,108,4.246902763116787,856.6250448226929,94,97,291
hardened,1,j-reversible-sp-unigram-32k,kanbun,sha256:8cf9f81c3d2f5c485c33e13c42cadd4fd6711c3a8efa4152006ca3731840b10b,109,5.396690102257005,628.4376888275146,62,56,168
hardened,1,j-reversible-sp-unigram-32k,kakikudashi,sha256:8cf9f81c3d2f5c485c33e13c42cadd4fd6711c3a8efa4152006ca3731840b10b,109,3.8327900610461834,836.8566017150879,92,105,315
hardened,1,j-reversible-sp-unigram-32k,kanbun,sha256:b4c592753a39280ebfad02078a2b8ed25e571017aa656aeb61d62c854d2093d5,113,5.5524785145596205,646.5790510177612,64,56,168
hardened,1,j-reversible-sp-unigram-32k,kakikudashi,sha256:b4c592753a39280ebfad02078a2b8ed25e571017aa656aeb61d62c854d2093d5,113,4.076899726781564,813.8567667007446,86,96,288
hardened,1,j-reversible-sp-unigram-32k,kanbun,sha256:37c3ca7f410f6c280be86fcab026aa3c5701bc11b27ab6c99a44204b0ae05f0c,114,5.718297913249609,665.8885087966919,66,56,168
hardened,1,j-reversible-sp-unigram-32k,kakikudashi,sha256:37c3ca7f410f6c280be86fcab026aa3c5701bc11b27ab6c99a44204b0ae05f0c,114,3.9037209952471974,811.7559604644775,84,100,300
hardened,1,j-reversible-sp-unigram-32k,kanbun,sha256:bcca021c7fd2e442aa26544a24f58c8d061bf060f295c425b18c8e979f6f0e94,115,5.641285294261449,656.9204874038696,66,56,168
hardened,1,j-reversible-sp-unigram-32k,kakikudashi,sha256:bcca021c7fd2e442aa26544a24f58c8d061bf060f295c425b18c8e979f6f0e94,115,3.7229633641123474,812.8768911361694,87,105,315
hardened,1,j-reversible-sp-unigram-32k,kanbun,sha256:8696556357d8362c810520aa50632814027c40ea61fab440c87c6eacb2a3d5c5,118,5.053292752761737,588.4495048522949,58,56,168
hardened,1,j-reversible-sp-unigram-32k,kakikudashi,sha256:8696556357d8362c810520aa50632814027c40ea61fab440c87c6eacb2a3d5c5,118,3.613514640448004,758.9233379364014,84,101,303
hardened,1,j-reversible-sp-unigram-32k,kanbun,sha256:ec967ff13021a35a13e3153f1cf0aa2dfd998654e65a3a148bf16ff4ec4b66dc,119,5.52944994752294,643.897403717041,65,56,168
hardened,1,j-reversible-sp-unigram-32k,kakikudashi,sha256:ec967ff13021a35a13e3153f1cf0aa2dfd998654e65a3a148bf16ff4ec4b66dc,119,3.6012915010370303,853.7089672088623,93,114,342
hardened,1,j-reversible-sp-unigram-32k,kanbun,sha256:4001788b5e688a0118b4845f7b92da545247683f7a3a6c66aa2997dafc1b2415,120,5.15142891153192,599.8773355484009,62,56,168
hardened,1,j-reversible-sp-unigram-32k,kakikudashi,sha256:4001788b5e688a0118b4845f7b92da545247683f7a3a6c66aa2997dafc1b2415,120,3.844847430273097,759.5378694534302,84,95,285
hardened,1,j-reversible-sp-unigram-32k,kanbun,sha256:58c0acb7888b74ca4740dd0c51fb6a293e387778b49c6e61a997b398b080bcd2,121,4.804499824594334,559.4778852462769,54,56,168
hardened,1,j-reversible-sp-unigram-32k,kakikudashi,sha256:58c0acb7888b74ca4740dd0c51fb6a293e387778b49c6e61a997b398b080bcd2,121,3.305370167341048,714.8256998062134,76,104,312
hardened,1,j-reversible-sp-unigram-32k,kanbun,sha256:6ca82aafcaba41c7b10dad6655d0e7afed685e90a54c6af050ef1388ca7bd3f1,122,5.157819508389881,600.6215124130249,60,56,168
hardened,1,j-reversible-sp-unigram-32k,kakikudashi,sha256:6ca82aafcaba41c7b10dad6655d0e7afed685e90a54c6af050ef1388ca7bd3f1,122,4.0650048830000625,718.4999017715454,75,85,255
hardened,1,j-reversible-sp-unigram-32k,kanbun,sha256:b29056e54351984271d354223350c2c0e94dcae8431803e264550f6df5528ae0,125,5.827269576868602,678.5781202316284,68,56,168
hardened,1,j-reversible-sp-unigram-32k,kakikudashi,sha256:b29056e54351984271d354223350c2c0e94dcae8431803e264550f6df5528ae0,125,4.2409785056011975,828.9734869003296,90,94,282
hardened,1,j-reversible-sp-unigram-32k,kanbun,sha256:fdaf3e5c564d1fef3cb339a1a78ce321007ffcd4ae76634df06491404e2d790d,126,5.111818514367552,595.2647552490234,60,56,168
hardened,1,j-reversible-sp-unigram-32k,kakikudashi,sha256:fdaf3e5c564d1fef3cb339a1a78ce321007ffcd4ae76634df06491404e2d790d,126,3.972997721574759,710.4990196228027,78,86,258
hardened,1,j-reversible-sp-unigram-32k,kanbun,sha256:c0d9a39e666a7ba3cb128c960ab59085693db00266fdb3598d712d408ad50f9e,127,4.712684331260411,548.7860879898071,55,56,168
hardened,1,j-reversible-sp-unigram-32k,kakikudashi,sha256:c0d9a39e666a7ba3cb128c960ab59085693db00266fdb3598d712d408ad50f9e,127,3.3236626830679725,718.7816743850708,77,104,312
hardened,1,j-reversible-sp-unigram-32k,kanbun,sha256:1d033e07cbbd2f56baeb0de3a7267aec96aa26f40a520548be699e34c6f593fb,128,5.002153334803779,582.494384765625,58,56,168
hardened,1,j-reversible-sp-unigram-32k,kakikudashi,sha256:1d033e07cbbd2f56baeb0de3a7267aec96aa26f40a520548be699e34c6f593fb,128,4.413106085947667,642.3757286071777,69,70,210
hardened,1,j-reversible-sp-unigram-32k,kanbun,sha256:ef3091af73f81f7aa9ad98903d1a6564c5e70fc6bfac57c05e0216140de53019,129,4.646854155265752,541.1202478408813,54,56,168
hardened,1,j-reversible-sp-unigram-32k,kakikudashi,sha256:ef3091af73f81f7aa9ad98903d1a6564c5e70fc6bfac57c05e0216140de53019,129,3.3194272863284424,669.5478343963623,73,97,291
hardened,1,j-reversible-sp-unigram-32k,kanbun,sha256:e174fe180684df3732dfd1d6a206c5942d559b99d607abfc74a545d2f1500770,130,5.151457477031264,599.8806619644165,59,56,168
hardened,1,j-reversible-sp-unigram-32k,kakikudashi,sha256:e174fe180684df3732dfd1d6a206c5942d559b99d607abfc74a545d2f1500770,130,3.7687682155542124,713.1609201431274,76,91,273
hardened,1,j-reversible-sp-unigram-32k,kanbun,sha256:3f340092ec4937ce4da75f03b7a9c1cf4575f5587981b6871f8c192d11518453,131,4.949479413927973,576.3605737686157,57,56,168
hardened,1,j-reversible-sp-unigram-32k,kakikudashi,sha256:3f340092ec4937ce4da75f03b7a9c1cf4575f5587981b6871f8c192d11518453,131,3.771298565427676,713.6397361755371,77,91,273
hardened,1,j-reversible-sp-unigram-32k,kanbun,sha256:91d058c7a65dd9d33e6dd58407e1488f3ba7826aa7baa09aaa0a5429aa8cc05d,132,5.195547064061554,605.014838218689,59,56,168
hardened,1,j-reversible-sp-unigram-32k,kakikudashi,sha256:91d058c7a65dd9d33e6dd58407e1488f3ba7826aa7baa09aaa0a5429aa8cc05d,132,3.9238843131160817,799.629828453064,90,98,294
hardened,1,j-reversible-sp-unigram-32k,kanbun,sha256:5b5f45eb2388dab30abcd3256c93789b4918dffce8f69c674566013f3a27aba2,133,5.309644834382514,618.3013782501221,63,56,168
hardened,1,j-reversible-sp-unigram-32k,kakikudashi,sha256:5b5f45eb2388dab30abcd3256c93789b4918dffce8f69c674566013f3a27aba2,133,4.03161942397852,720.9824542999268,77,86,258
hardened,1,j-reversible-sp-unigram-32k,kanbun,sha256:02073f4ed359875da9e83585c0adbde6729e0f9ecc81c747f6ef45581130e11b,135,4.79642607448063,558.5377073287964,56,56,168
hardened,1,j-reversible-sp-unigram-32k,kakikudashi,sha256:02073f4ed359875da9e83585c0adbde6729e0f9ecc81c747f6ef45581130e11b,135,3.4221853242648637,704.5071983337402,79,99,297
hardened,1,j-reversible-sp-unigram-32k,kanbun,sha256:b54fd728dcb08f9a2f95f919a11295f926c265039dfdaca0b6895bc7ea755997,136,4.9342719790598295,574.5896873474121,56,56,168
hardened,1,j-reversible-sp-unigram-32k,kakikudashi,sha256:b54fd728dcb08f9a2f95f919a11295f926c265039dfdaca0b6895bc7ea755997,136,3.4917152443741197,784.1683149337769,84,108,324
hardened,1,j-reversible-sp-unigram-32k,kanbun,sha256:bfac3b8d09815884099ca4b763e3d17dfd63f946c3aa7658cb6f6c34b89519e0,137,5.420348576226596,631.1926879882812,60,56,168
hardened,1,j-reversible-sp-unigram-32k,kakikudashi,sha256:bfac3b8d09815884099ca4b763e3d17dfd63f946c3aa7658cb6f6c34b89519e0,137,3.891518544725308,793.034161567688,85,98,294
hardened,1,j-reversible-sp-unigram-32k,kanbun,sha256:6c1c55a0b553530a2286c0f85a6c01232aadb888057449e668db93ec052e0c43,138,4.834126194824665,562.9278383255005,56,56,168
hardened,1,j-reversible-sp-unigram-32k,kakikudashi,sha256:6c1c55a0b553530a2286c0f85a6c01232aadb888057449e668db93ec052e0c43,138,3.482807458176988,695.2602729797363,77,96,288
hardened,1,j-reversible-sp-unigram-32k,kanbun,sha256:40390ea59b79592830d41047399a379e80ec9cf836a1366b3e62e790630c20ff,139,5.951133316501606,693.0018949508667,69,56,168
hardened,1,j-reversible-sp-unigram-32k,kakikudashi,sha256:40390ea59b79592830d41047399a379e80ec9cf836a1366b3e62e790630c20ff,139,4.380952589542118,829.0040674209595,91,91,273
hardened,1,j-reversible-sp-unigram-32k,kanbun,sha256:ebebd64bf0b5de4732dae311570358196fce950bbab9cecdef7c49808c0fa99f,141,6.144915395688469,255.55984687805176,25,20,60
hardened,1,j-reversible-sp-unigram-32k,kakikudashi,sha256:ebebd64bf0b5de4732dae311570358196fce950bbab9cecdef7c49808c0fa99f,141,4.0985424127320105,332.38449478149414,35,39,117
hardened,1,j-reversible-sp-unigram-32k,kanbun,sha256:a710253a4182d22d7f68a0b8ce0d379b9f0b4ee8e8ce83fd3dff73f68a08fb08,142,4.786677480330113,199.07231998443604,20,20,60
hardened,1,j-reversible-sp-unigram-32k,kakikudashi,sha256:a710253a4182d22d7f68a0b8ce0d379b9f0b4ee8e8ce83fd3dff73f68a08fb08,142,3.883276939242438,250.32646894454956,28,31,93
hardened,1,j-reversible-sp-unigram-32k,kanbun,sha256:725646d6032955b3d05f353f8bbaee87abbe9f31a68b8aa49702706d6e647ba0,143,5.596483130694875,232.75119018554688,23,20,60
hardened,1,j-reversible-sp-unigram-32k,kakikudashi,sha256:725646d6032955b3d05f353f8bbaee87abbe9f31a68b8aa49702706d6e647ba0,143,4.1735694120093765,312.43297004699707,33,36,108
hardened,1,j-reversible-sp-unigram-32k,kanbun,sha256:c82a7a1355653c92751da93125add2f0fa9212cec47b9a1d912e8106220e4b24,145,5.281518575453649,219.65218257904053,22,20,60
hardened,1,j-reversible-sp-unigram-32k,kakikudashi,sha256:c82a7a1355653c92751da93125add2f0fa9212cec47b9a1d912e8106220e4b24,145,3.525593857257886,271.256854057312,30,37,111
hardened,1,j-reversible-sp-unigram-32k,kanbun,sha256:95d997c8ce33b8c1dc8387c5da04b0c45cf859e5f09b827d78a186928532cc9b,146,4.447995072880639,184.9869146347046,19,20,60
hardened,1,j-reversible-sp-unigram-32k,kakikudashi,sha256:95d997c8ce33b8c1dc8387c5da04b0c45cf859e5f09b827d78a186928532cc9b,146,3.0779949973058045,243.21940517425537,25,38,114
hardened,1,j-reversible-sp-unigram-32k,kanbun,sha256:c92387cbae2b90fa7d8bab25d67e9c636fdb3cba0887b1b7b0d13f1fa3ab0cb8,147,4.899292224597523,203.7558355331421,21,20,60
hardened,1,j-reversible-sp-unigram-32k,kakikudashi,sha256:c92387cbae2b90fa7d8bab25d67e9c636fdb3cba0887b1b7b0d13f1fa3ab0cb8,147,3.8970071528117467,235.00435829162598,26,29,87
hardened,1,j-reversible-sp-unigram-32k,kanbun,sha256:93e4fcc5ba6b74de227ba1b803ecc0ca5117d2d9d57875f7a0fe545f28bab9bc,148,4.544868222183555,189.01575565338135,20,20,60
hardened,1,j-reversible-sp-unigram-32k,kakikudashi,sha256:93e4fcc5ba6b74de227ba1b803ecc0ca5117d2d9d57875f7a0fe545f28bab9bc,148,3.8092844365210525,221.7931604385376,25,28,84
hardened,1,j-reversible-sp-unigram-32k,kanbun,sha256:f3f9371b02ca1e1bd14201a06b99a374f12942a3c9b6998dfaac30c83bd4a481,150,4.3210509634535414,179.70745754241943,19,20,60
hardened,1,j-reversible-sp-unigram-32k,kakikudashi,sha256:f3f9371b02ca1e1bd14201a06b99a374f12942a3c9b6998dfaac30c83bd4a481,150,2.665085954883722,227.21750831604004,25,41,123
hardened,1,j-reversible-sp-unigram-32k,kanbun,sha256:37d69a2bb02637d1b267db8e41d353b8cba11b1554864e0d823a2a734f4f1e69,151,4.148797795346435,172.5436496734619,17,20,60
hardened,1,j-reversible-sp-unigram-32k,kakikudashi,sha256:37d69a2bb02637d1b267db8e41d353b8cba11b1554864e0d823a2a734f4f1e69,151,2.871847307935735,238.87354373931885,27,40,120
hardened,1,j-reversible-sp-unigram-32k,kanbun,sha256:d0f0fb23274d9b86a466b29e9ce6740f553deb34661507ee079726f4cdcdf8d6,155,4.817883342501827,200.370135307312,20,20,60
hardened,1,j-reversible-sp-unigram-32k,kakikudashi,sha256:d0f0fb23274d9b86a466b29e9ce6740f553deb34661507ee079726f4cdcdf8d6,155,3.451931470195138,258.41122913360596,27,36,108
hardened,1,j-reversible-sp-unigram-32k,kanbun,sha256:2297055a181a7d119623c331debcddb1c40a1086ed01997f39043746ad467ba2,156,4.783898928622773,198.9567632675171,21,20,60
hardened,1,j-reversible-sp-unigram-32k,kakikudashi,sha256:2297055a181a7d119623c331debcddb1c40a1086ed01997f39043746ad467ba2,156,3.422939303217642,263.35868072509766,29,37,111
hardened,1,j-reversible-sp-unigram-32k,kanbun,sha256:f2a324305c2fb3858679ae70e310a30b8480f731708f91979782f3feab66f0e9,157,4.731796738681845,196.7898941040039,20,20,60
hardened,1,j-reversible-sp-unigram-32k,kakikudashi,sha256:f2a324305c2fb3858679ae70e310a30b8480f731708f91979782f3feab66f0e9,157,3.1047364079265853,264.70083236694336,29,41,123
hardened,1,j-reversible-sp-unigram-32k,kanbun,sha256:63138c8df014f107c380b0cf80cdeafef7f67d366132b8366c45bc3932922676,158,4.808617719859043,199.98478889465332,20,20,60
hardened,1,j-reversible-sp-unigram-32k,kakikudashi,sha256:63138c8df014f107c380b0cf80cdeafef7f67d366132b8366c45bc3932922676,158,3.2478537786328605,263.3951606750488,29,39,117
hardened,1,j-reversible-sp-unigram-32k,kanbun,sha256:b5433f104d7c7fee81ae0f709efb0e59885b2782d555f6e7a1e46d58b12fa53e,160,5.1866494367916465,215.70668601989746,22,20,60
hardened,1,j-reversible-sp-unigram-32k,kakikudashi,sha256:b5433f104d7c7fee81ae0f709efb0e59885b2782d555f6e7a1e46d58b12fa53e,160,3.8189778964088315,262.0642623901367,27,33,99
hardened,1,j-reversible-sp-unigram-32k,kanbun,sha256:58b50a9961a5c0c47285ddf483922e3341fc7d56bc5998b16a06aea67e9e6b65,161,4.425884891561636,184.06737804412842,20,20,60
hardened,1,j-reversible-sp-unigram-32k,kakikudashi,sha256:58b50a9961a5c0c47285ddf483922e3341fc7d56bc5998b16a06aea67e9e6b65,161,3.3354692093657374,221.94922351837158,24,32,96
hardened,1,j-reversible-sp-unigram-32k,kanbun,sha256:46cfbe016161f539c76c0eadae3251504d8ddc1b1f2da8a2c4b5df05e1b10a54,162,4.37467221882199,181.93750286102295,19,20,60
hardened,1,j-reversible-sp-unigram-32k,kakikudashi,sha256:46cfbe016161f539c76c0eadae3251504d8ddc1b1f2da8a2c4b5df05e1b10a54,162,3.5707807995791794,222.75689792633057,25,30,90
hardened,1,j-reversible-sp-unigram-32k,kanbun,sha256:b4d24acf51e9b6d9b6333dbc44b08b2e8d3a2c225ef8d782960a18bee55391ac,164,4.862361724978168,202.21993923187256,20,20,60
hardened,1,j-reversible-sp-unigram-32k,kakikudashi,sha256:b4d24acf51e9b6d9b6333dbc44b08b2e8d3a2c225ef8d782960a18bee55391ac,164,3.568326791187503,289.3849515914917,31,39,117
hardened,1,j-reversible-sp-unigram-32k,kanbun,sha256:d9148e62ba7d224cec49e8c2d03eebe88c4e917c46770162b98f1c252aacbbcb,165,5.006560005318587,208.2169771194458,21,20,60
hardened,1,j-reversible-sp-unigram-32k,kakikudashi,sha256:d9148e62ba7d224cec49e8c2d03eebe88c4e917c46770162b98f1c252aacbbcb,165,3.8370738442241943,239.369122505188,26,30,90
hardened,1,j-reversible-sp-unigram-32k,kanbun,sha256:1cdb06ba578c18a0d92a5d2b673ada1f2bbd306ad128e71590475f97181af08d,166,5.824819680731201,242.24744033813477,24,20,60
hardened,1,j-reversible-sp-unigram-32k,kakikudashi,sha256:1cdb06ba578c18a0d92a5d2b673ada1f2bbd306ad128e71590475f97181af08d,166,3.7838073623116184,275.3872175216675,29,35,105
hardened,1,j-reversible-sp-unigram-32k,kanbun,sha256:efd8c8b4f2379cf233f2447c3caa970976e4ce7c343d8e15de25fabbc90d8ea5,167,4.96061729375974,206.30627346038818,21,20,60
hardened,1,j-reversible-sp-unigram-32k,kakikudashi,sha256:efd8c8b4f2379cf233f2447c3caa970976e4ce7c343d8e15de25fabbc90d8ea5,167,3.812499095546912,245.7639389038086,26,31,93
hardened,1,j-reversible-sp-unigram-32k,kanbun,sha256:08cc3131bd9ab70eefb959fd2084c0e6e730dc7282b6b2cfd773b6c62ef623b1,168,5.286755561827523,219.8699827194214,23,20,60
hardened,1,j-reversible-sp-unigram-32k,kakikudashi,sha256:08cc3131bd9ab70eefb959fd2084c0e6e730dc7282b6b2cfd773b6c62ef623b1,168,4.290630037744037,267.6634302139282,30,30,90
hardened,1,j-reversible-sp-unigram-32k,kanbun,sha256:541f1d6c550da5f769a4fa1633129030f6345608bfd24cbc284a0d5d993ba39e,170,5.517536214642811,229.46788024902344,23,20,60
hardened,1,j-reversible-sp-unigram-32k,kakikudashi,sha256:541f1d6c550da5f769a4fa1633129030f6345608bfd24cbc284a0d5d993ba39e,170,3.8425459418976793,271.67188835144043,29,34,102
hardened,1,j-reversible-sp-unigram-32k,kanbun,sha256:27e9e2d2d1822853dc9cbea63f6da0af913dc5d06bc057116d102dd86818c903,171,5.060458909478589,210.45856952667236,21,20,60
hardened,1,j-reversible-sp-unigram-32k,kakikudashi,sha256:27e9e2d2d1822853dc9cbea63f6da0af913dc5d06bc057116d102dd86818c903,171,4.027562031986751,259.62747383117676,28,31,93
hardened,1,j-reversible-sp-unigram-32k,kanbun,sha256:6003bd819db6d1b6be1af44a06c35c90279c5ab069232dd647c7895a664ac21c,172,4.984670053516769,207.3065996170044,21,20,60
hardened,1,j-reversible-sp-unigram-32k,kakikudashi,sha256:6003bd819db6d1b6be1af44a06c35c90279c5ab069232dd647c7895a664ac21c,172,4.288259385374404,347.77020359039307,36,39,117
hardened,1,j-reversible-sp-unigram-32k,kanbun,sha256:20dd2aad581146d93facd1bf8ebb5fd2db2ab82b03d63159dd64c1ac8ad32d69,174,5.2237196092545215,217.24839115142822,21,20,60
hardened,1,j-reversible-sp-unigram-32k,kakikudashi,sha256:20dd2aad581146d93facd1bf8ebb5fd2db2ab82b03d63159dd64c1ac8ad32d69,174,3.0435207046915447,284.79705238342285,29,45,135
hardened,1,j-reversible-sp-unigram-32k,kanbun,sha256:ec3fcaa5389562f70e9352f004b5a58f35e5aa32e106c2d68b7ef4093c1c1154,175,6.290638199039196,261.62028789520264,25,20,60
hardened,1,j-reversible-sp-unigram-32k,kakikudashi,sha256:ec3fcaa5389562f70e9352f004b5a58f35e5aa32e106c2d68b7ef4093c1c1154,175,3.9713042442780133,338.58189582824707,38,41,123
hardened,1,j-reversible-sp-unigram-32k,kanbun,sha256:b03e4f3d5c59272c852f4424c6b0ca33d74773d02cfd03076bbb0a63f6ece36c,176,4.530391639874729,188.41369152069092,20,20,60
hardened,1,j-reversible-sp-unigram-32k,kakikudashi,sha256:b03e4f3d5c59272c852f4424c6b0ca33d74773d02cfd03076bbb0a63f6ece36c,176,3.68989263024229,260.8791446685791,28,34,102
hardened,1,j-reversible-sp-unigram-32k,kanbun,sha256:c12052fac471416f40bdd8e54f982ef43af92421536d06be6728913a1c3b2a74,177,4.57282510277027,190.1784496307373,19,20,60
hardened,1,j-reversible-sp-unigram-32k,kakikudashi,sha256:c12052fac471416f40bdd8e54f982ef43af92421536d06be6728913a1c3b2a74,177,2.845059519547545,283.97447776794434,31,48,144
hardened,1,j-reversible-sp-unigram-32k,kanbun,sha256:17e4cde680a171bb0bc06d0b374e0a35309d940ee80bbe1877e616a58b9b5f65,178,5.570764088361186,231.681565284729,23,20,60
hardened,1,j-reversible-sp-unigram-32k,kakikudashi,sha256:17e4cde680a171bb0bc06d0b374e0a35309d940ee80bbe1877e616a58b9b5f65,178,3.4440883351668243,315.11833572387695,34,44,132
hardened,1,j-reversible-sp-unigram-32k,kanbun,sha256:537c4deb49b8fbf57d7d533af3f71cb584a24f292df4003eaa93dcb8bf9f656b,180,5.07572762094627,211.09357738494873,22,20,60
hardened,1,j-reversible-sp-unigram-32k,kakikudashi,sha256:537c4deb49b8fbf57d7d533af3f71cb584a24f292df4003eaa93dcb8bf9f656b,180,4.007732449249934,233.34766960144043,25,28,84
hardened,1,j-reversible-sp-unigram-32k,kanbun,sha256:1543f0eb0ec3c87a0857c70479c3763ac032cb6b01385db68e9c36abe64965d8,181,5.023262570543041,208.91161727905273,20,20,60
hardened,1,j-reversible-sp-unigram-32k,kakikudashi,sha256:1543f0eb0ec3c87a0857c70479c3763ac032cb6b01385db68e9c36abe64965d8,181,3.2166437782939776,260.86408519744873,29,39,117
hardened,1,j-reversible-sp-unigram-32k,kanbun,sha256:f599ca22e241d5642b42db0e5265206745023ee703e328c7e4a2ccc8b679f324,182,4.641706080646515,193.04312896728516,20,20,60
hardened,1,j-reversible-sp-unigram-32k,kakikudashi,sha256:f599ca22e241d5642b42db0e5265206745023ee703e328c7e4a2ccc8b679f324,182,3.5259520769775206,300.6124601364136,33,41,123
hardened,1,j-reversible-sp-unigram-32k,kanbun,sha256:ef20c949f74f9a74bbf1bbd7aa10f372e25ef2f3a5625829c418798b7e90418b,183,4.9994752373438445,207.92232990264893,20,20,60
hardened,1,j-reversible-sp-unigram-32k,kakikudashi,sha256:ef20c949f74f9a74bbf1bbd7aa10f372e25ef2f3a5625829c418798b7e90418b,183,3.222289571838763,261.32194900512695,26,39,117
hardened,1,j-reversible-sp-unigram-32k,kanbun,sha256:26f643e5ddb3ec96ed43c0a51a63fc966a990dce828b1aef189e7ff561f2c9cc,185,7.202632684341782,299.549072265625,30,20,60
hardened,1,j-reversible-sp-unigram-32k,kakikudashi,sha256:26f643e5ddb3ec96ed43c0a51a63fc966a990dce828b1aef189e7ff561f2c9cc,185,4.556028176398043,350.53778743743896,37,37,111
hardened,1,j-reversible-sp-unigram-32k,kanbun,sha256:1fde20099244cbf0268af498731d9c131d6053dba57b8ed220e16b805ecc4aa5,186,6.994826345407512,290.9066495895386,28,20,60
hardened,1,j-reversible-sp-unigram-32k,kakikudashi,sha256:1fde20099244cbf0268af498731d9c131d6053dba57b8ed220e16b805ecc4aa5,186,4.701391026698442,371.49817657470703,39,38,114
hardened,1,j-reversible-sp-unigram-32k,kanbun,sha256:a60bb7c868c16d0b2085e5781ee0922037c79c60f7021ffe169f6b00413949ff,188,5.335176245282041,221.8837423324585,22,20,60
hardened,1,j-reversible-sp-unigram-32k,kakikudashi,sha256:a60bb7c868c16d0b2085e5781ee0922037c79c60f7021ffe169f6b00413949ff,188,3.841276687452919,263.5944404602051,28,33,99
hardened,1,j-reversible-sp-unigram-32k,kanbun,sha256:7bdae5cf4a3e33c59c8885ca731088d3471afa0c8cd5d7ac0ed43e5e4833cec8,189,6.237454238224341,259.408429145813,25,20,60
hardened,1,j-reversible-sp-unigram-32k,kakikudashi,sha256:7bdae5cf4a3e33c59c8885ca731088d3471afa0c8cd5d7ac0ed43e5e4833cec8,189,4.626440031874935,327.093994140625,34,34,102
hardened,1,j-reversible-sp-unigram-32k,kanbun,sha256:2d3a39431d0e3e54c00957a911c0b56d8cb87cc6d716198e3e7c1334ce30d3a7,190,4.391095919910825,182.62054538726807,19,20,60
hardened,1,j-reversible-sp-unigram-32k,kakikudashi,sha256:2d3a39431d0e3e54c00957a911c0b56d8cb87cc6d716198e3e7c1334ce30d3a7,190,3.264426376499938,278.31553649902344,31,41,123
hardened,1,j-reversible-sp-unigram-32k,kanbun,sha256:532a7b2271df1f5aff396fde6fa067129d53514d8c3e188471baea07844a2a7b,191,5.400478080745669,224.5995693206787,22,20,60
hardened,1,j-reversible-sp-unigram-32k,kakikudashi,sha256:532a7b2271df1f5aff396fde6fa067129d53514d8c3e188471baea07844a2a7b,191,3.2514397690247563,290.7306938171387,30,43,129
hardened,1,j-reversible-sp-unigram-32k,kanbun,sha256:317029be6482e79a4f0eab267d258b282d08dc6d6e488dd9b7504045b9634251,192,5.633237428355665,234.27975845336914,23,20,60
hardened,1,j-reversible-sp-unigram-32k,kakikudashi,sha256:317029be6482e79a4f0eab267d258b282d08dc6d6e488dd9b7504045b9634251,192,3.8222929650945345,278.18821716308594,30,35,105
hardened,1,j-reversible-sp-unigram-32k,kanbun,sha256:aff1efedbcf7c2745d2aed3393452d82217b77a0471588f975ef7780c2e4affb,193,4.984255323086968,207.28935146331787,19,20,60
hardened,1,j-reversible-sp-unigram-32k,kakikudashi,sha256:aff1efedbcf7c2745d2aed3393452d82217b77a0471588f975ef7780c2e4affb,193,3.458448565479587,251.70745658874512,25,35,105
hardened,1,j-reversible-sp-unigram-32k,kanbun,sha256:9b38a73001aa60bbb7725572f504f25dec15ed5ef0706da0086f73cff35849c6,194,4.983786635966837,207.26985931396484,20,20,60
hardened,1,j-reversible-sp-unigram-32k,kakikudashi,sha256:9b38a73001aa60bbb7725572f504f25dec15ed5ef0706da0086f73cff35849c6,194,3.9894356756924547,265.46554470062256,28,32,96
hardened,1,j-reversible-sp-unigram-32k,kanbun,sha256:4b809b255a7b09ef0856a3fd244bac5efb2d6d4d7aaa88c8b196b55d0dc24338,196,5.133555159196461,213.49855709075928,21,20,60
hardened,1,j-reversible-sp-unigram-32k,kakikudashi,sha256:4b809b255a7b09ef0856a3fd244bac5efb2d6d4d7aaa88c8b196b55d0dc24338,196,3.6187987684584377,263.37781715393066,28,35,105
hardened,1,j-reversible-sp-unigram-32k,kanbun,sha256:b86b595ab18b83df5bcd05904ef45ba3b215ef461ac2e6b07901a4750982c9f1,197,5.7491182836801,239.09910774230957,24,20,60
hardened,1,j-reversible-sp-unigram-32k,kakikudashi,sha256:b86b595ab18b83df5bcd05904ef45ba3b215ef461ac2e6b07901a4750982c9f1,197,3.8611914572739217,281.01926708221436,29,35,105
hardened,1,j-reversible-sp-unigram-32k,kanbun,sha256:fa846c61bf98b31eec936ff30e32da64298e852253448ae6b7431d84ff91a93c,198,5.368136926699079,223.25453853607178,22,20,60
hardened,1,j-reversible-sp-unigram-32k,kakikudashi,sha256:fa846c61bf98b31eec936ff30e32da64298e852253448ae6b7431d84ff91a93c,198,3.539062602488777,301.7302255630493,33,41,123
hardened,1,j-reversible-sp-unigram-32k,kanbun,sha256:e7facfb844725166b3323bb18bc7c8d0a103741c543ad23a6b0872312c27b00a,199,4.437330153528395,184.54337310791016,19,20,60
hardened,1,j-reversible-sp-unigram-32k,kakikudashi,sha256:e7facfb844725166b3323bb18bc7c8d0a103741c543ad23a6b0872312c27b00a,199,2.916660862759541,254.73108196258545,28,42,126
hardened,1,j-reversible-sp-unigram-32k,kanbun,sha256:cb9fa44825fdf64ca0cc20b43e52b6794cdaa8f9281d5127111a3e7db5152e1a,200,5.80619808722638,241.47299003601074,24,20,60
hardened,1,j-reversible-sp-unigram-32k,kakikudashi,sha256:cb9fa44825fdf64ca0cc20b43e52b6794cdaa8f9281d5127111a3e7db5152e1a,200,4.19242362947257,296.40859508514404,33,34,102
hardened,1,j-reversible-sp-unigram-32k,kanbun,sha256:d6e2432872cc14e525892992dba6be69f57465e92100f664763ac948afad6ca6,201,5.780603950159258,240.40855979919434,24,20,60
hardened,1,j-reversible-sp-unigram-32k,kakikudashi,sha256:d6e2432872cc14e525892992dba6be69f57465e92100f664763ac948afad6ca6,201,4.463216034320767,278.42990493774414,27,30,90
hardened,1,j-reversible-sp-unigram-32k,kanbun,sha256:5f5b3982dab2403ac9654c377bda065e729fe09856a43043f143e68a8a6400ee,202,5.9342346992448185,246.79788303375244,24,20,60
hardened,1,j-reversible-sp-unigram-32k,kakikudashi,sha256:5f5b3982dab2403ac9654c377bda065e729fe09856a43043f143e68a8a6400ee,202,4.561774882363557,294.06427001953125,31,31,93
hardened,1,j-reversible-sp-unigram-32k,kanbun,sha256:0f84e76693e8fbf368fe0c04314a40e46d2eefca885c9796f874cadef3c1330d,203,4.557531190111484,189.5423936843872,19,20,60
hardened,1,j-reversible-sp-unigram-32k,kakikudashi,sha256:0f84e76693e8fbf368fe0c04314a40e46d2eefca885c9796f874cadef3c1330d,203,3.5418726399548794,235.68374729156494,25,32,96
hardened,1,j-reversible-sp-unigram-32k,kanbun,sha256:31b0bc057ce4440bc36fe72505c6bc4a0d66b128b0b6577d1fb6877d51956894,204,4.6574025473634215,193.69592666625977,19,20,60
hardened,1,j-reversible-sp-unigram-32k,kakikudashi,sha256:31b0bc057ce4440bc36fe72505c6bc4a0d66b128b0b6577d1fb6877d51956894,204,3.1957073855248153,239.23032093048096,25,36,108
hardened,1,j-reversible-sp-unigram-32k,kanbun,sha256:b69b0b5bb921e91c08a90a0c477ed443dddc07adcc03a27e44adbf5114a8c4f3,205,5.012475520577665,208.46299648284912,22,20,60
hardened,1,j-reversible-sp-unigram-32k,kakikudashi,sha256:b69b0b5bb921e91c08a90a0c477ed443dddc07adcc03a27e44adbf5114a8c4f3,205,3.542921112795664,250.48810958862305,27,34,102
hardened,1,j-reversible-sp-unigram-32k,kanbun,sha256:f2527f6afd47070aebc0483c349437b1252993e2783bdfdf91660f614192b86b,207,5.238204698971811,217.85080909729004,21,20,60
hardened,1,j-reversible-sp-unigram-32k,kakikudashi,sha256:f2527f6afd47070aebc0483c349437b1252993e2783bdfdf91660f614192b86b,207,3.096154114134879,321.91357421875,35,50,150
hardened,1,j-reversible-sp-unigram-32k,kanbun,sha256:5ea56c919858c6b27fc31fafeef6d65215312c432b7dcd42c15da4fc1dba28e7,208,4.495281794459449,186.9535140991211,19,20,60
hardened,1,j-reversible-sp-unigram-32k,kakikudashi,sha256:5ea56c919858c6b27fc31fafeef6d65215312c432b7dcd42c15da4fc1dba28e7,208,3.0290480968612448,277.14405155181885,31,44,132
hardened,1,j-reversible-sp-unigram-32k,kanbun,sha256:89ef6c35503bd77477e7e6111767b655e2b57b714375233b40ef9dc5dd12dc3b,209,5.036495351389808,209.46195316314697,22,20,60
hardened,1,j-reversible-sp-unigram-32k,kakikudashi,sha256:89ef6c35503bd77477e7e6111767b655e2b57b714375233b40ef9dc5dd12dc3b,209,4.052542609805033,269.6648144721985,32,32,96
hardened,1,j-reversible-sp-unigram-32k,kanbun,sha256:0097773272bafa08c1d34bbcbc1cf8baaca409b3f77d60dd34c0ad2bc423065d,210,5.005368326065248,208.1674165725708,21,20,60
hardened,1,j-reversible-sp-unigram-32k,kakikudashi,sha256:0097773272bafa08c1d34bbcbc1cf8baaca409b3f77d60dd34c0ad2bc423065d,210,4.123023649771411,257.2075996398926,28,30,90
hardened,1,j-reversible-sp-unigram-32k,kanbun,sha256:de9c54959008529be09eeafb3dd818251358e47c8f81d934422c2d98f8bb75f8,212,4.5681896658470755,189.98566722869873,19,20,60
hardened,1,j-reversible-sp-unigram-32k,kakikudashi,sha256:de9c54959008529be09eeafb3dd818251358e47c8f81d934422c2d98f8bb75f8,212,3.5106865494472395,240.9088258743286,25,33,99
hardened,1,j-reversible-sp-unigram-32k,kanbun,sha256:cc64249aee5bb59284feb51e63b4f9f64c8d600fd0940bb849a1d8783e4c936e,213,5.028089160449915,209.11234951019287,21,20,60
hardened,1,j-reversible-sp-unigram-32k,kakikudashi,sha256:cc64249aee5bb59284feb51e63b4f9f64c8d600fd0940bb849a1d8783e4c936e,213,3.7120372415138014,277.8827199935913,30,36,108
hardened,1,j-reversible-sp-unigram-32k,kanbun,sha256:49d865d062b9cf63e5e9dd51201c423717648afa2c34023c8fca99bbca4788cb,219,5.653619357654077,329.1783866882324,33,28,84
hardened,1,j-reversible-sp-unigram-32k,kakikudashi,sha256:49d865d062b9cf63e5e9dd51201c423717648afa2c34023c8fca99bbca4788cb,219,3.803126196414058,411.2356872558594,44,52,156
hardened,1,j-reversible-sp-unigram-32k,kanbun,sha256:5d0454ada80259405a8f4fd7bda31dce43b2f0b6e250342a507db9eeca304436,220,5.5886772181719735,325.39717197418213,33,28,84
hardened,1,j-reversible-sp-unigram-32k,kakikudashi,sha256:5d0454ada80259405a8f4fd7bda31dce43b2f0b6e250342a507db9eeca304436,220,4.0066855290595,366.5934066772461,37,44,132
hardened,1,j-reversible-sp-unigram-32k,kanbun,sha256:28513e5ad1186259987a958686b2320f11d126d7c45d7a6cdd0ea1ba13fc756f,221,5.214513220712554,303.6117115020752,29,28,84
hardened,1,j-reversible-sp-unigram-32k,kakikudashi,sha256:28513e5ad1186259987a958686b2320f11d126d7c45d7a6cdd0ea1ba13fc756f,221,3.9219448481589687,383.30638694763184,41,47,141
hardened,1,j-reversible-sp-unigram-32k,kanbun,sha256:3dc06076dde9bd9704d511b47a64df2189524d639d1f9aacc4346888bd01298b,222,5.284662061242679,307.69608306884766,32,28,84
hardened,1,j-reversible-sp-unigram-32k,kakikudashi,sha256:3dc06076dde9bd9704d511b47a64df2189524d639d1f9aacc4346888bd01298b,222,4.484315334740582,335.6953773498535,35,36,108
hardened,1,j-reversible-sp-unigram-32k,kanbun,sha256:a250008bb9fa367a44aec9bec894c189ec392ec3151d58555aed7af16ac75de0,223,5.872739848809669,341.93653774261475,34,28,84
hardened,1,j-reversible-sp-unigram-32k,kakikudashi,sha256:a250008bb9fa367a44aec9bec894c189ec392ec3151d58555aed7af16ac75de0,223,4.4943473542138115,364.48357105255127,37,39,117
hardened,1,j-reversible-sp-unigram-32k,kanbun,sha256:91ad91f72087c5f28e8edf719c1616dd688ec1d7832d1c995de2fdb6e2b77176,225,4.254747412583067,247.72995853424072,24,28,84
hardened,1,j-reversible-sp-unigram-32k,kakikudashi,sha256:91ad91f72087c5f28e8edf719c1616dd688ec1d7832d1c995de2fdb6e2b77176,225,3.282389713328409,334.45133876800537,35,49,147
hardened,1,j-reversible-sp-unigram-32k,kanbun,sha256:98c328acb7c32e7e7fb28214b3fb33c8d0b4874bef214aa80cdd8273727893ac,226,4.865068191385846,283.2654972076416,29,28,84
hardened,1,j-reversible-sp-unigram-32k,kakikudashi,sha256:98c328acb7c32e7e7fb28214b3fb33c8d0b4874bef214aa80cdd8273727893ac,226,3.2482877496584748,378.25897121429443,40,56,168
hardened,1,j-reversible-sp-unigram-32k,kanbun,sha256:55bcc611a9d612c5994242c986eb6a19e1ea6431d49cfe71dcc4e153b2da87c5,231,5.2191722798623275,303.8829822540283,32,28,84
hardened,1,j-reversible-sp-unigram-32k,kakikudashi,sha256:55bcc611a9d612c5994242c986eb6a19e1ea6431d49cfe71dcc4e153b2da87c5,231,3.6203467918612113,353.8300771713257,39,47,141
hardened,1,j-reversible-sp-unigram-32k,kanbun,sha256:011ced071397b102825c666ca6715f8dc7d49722ce4a635d7e60d1cc92407de2,232,4.76114081167526,277.214391708374,29,28,84
hardened,1,j-reversible-sp-unigram-32k,kakikudashi,sha256:011ced071397b102825c666ca6715f8dc7d49722ce4a635d7e60d1cc92407de2,232,3.7395165855305392,381.02920055389404,46,49,147
hardened,1,j-reversible-sp-unigram-32k,kanbun,sha256:4a060945067101babd48b243fe9999e1384236908b24b497ffca4e21957f2c59,233,5.030854896992871,292.9183225631714,30,28,84
hardened,1,j-reversible-sp-unigram-32k,kakikudashi,sha256:4a060945067101babd48b243fe9999e1384236908b24b497ffca4e21957f2c59,233,3.835064427421569,350.89086055755615,41,44,132
hardened,1,j-reversible-sp-unigram-32k,kanbun,sha256:9bca45cf9879b9d4f102cb00865554ffd97772b9e3dda8343077cd79b5ccb96d,234,4.792924990898415,279.0650053024292,28,28,84
hardened,1,j-reversible-sp-unigram-32k,kakikudashi,sha256:9bca45cf9879b9d4f102cb00865554ffd97772b9e3dda8343077cd79b5ccb96d,234,3.4383984336284548,357.49742698669434,39,50,150
hardened,1,j-reversible-sp-unigram-32k,kanbun,sha256:c582349e2254b7cf39f10b21ad92a867a77db9cd81f11667938bb32c9d5f2934,235,4.6417309968378,270.26183128356934,27,28,84
hardened,1,j-reversible-sp-unigram-32k,kakikudashi,sha256:c582349e2254b7cf39f10b21ad92a867a77db9cd81f11667938bb32c9d5f2934,235,3.633443903956674,339.99903869628906,38,45,135
hardened,1,j-reversible-sp-unigram-32k,kanbun,sha256:24ad7d00c56bacf8c60d59eedf9dc5937074dec6ca528f34664779dcef0c27a6,236,4.743099913496251,276.16397190093994,29,28,84
hardened,1,j-reversible-sp-unigram-32k,kakikudashi,sha256:24ad7d00c56bacf8c60d59eedf9dc5937074dec6ca528f34664779dcef0c27a6,236,3.5996378094444856,344.32087421417236,37,46,138
hardened,1,j-reversible-sp-unigram-32k,kanbun,sha256:4ff6cf6c1379cc59f9ee8249ac486580414fafab8f72da7c471c72c0821bfe6b,237,4.151337487720676,241.70898151397705,24,28,84
hardened,1,j-reversible-sp-unigram-32k,kakikudashi,sha256:4ff6cf6c1379cc59f9ee8249ac486580414fafab8f72da7c471c72c0821bfe6b,237,3.2798001225864173,286.4464101791382,31,42,126
hardened,1,j-reversible-sp-unigram-32k,kanbun,sha256:152c453dfb635e2b4709610fb4b17e9053700561274b3da2a7da25ec0b7fdab2,239,4.497314167496384,261.853253364563,26,28,84
hardened,1,j-reversible-sp-unigram-32k,kakikudashi,sha256:152c453dfb635e2b4709610fb4b17e9053700561274b3da2a7da25ec0b7fdab2,239,3.5890189252782903,335.8419771194458,37,45,135
hardened,1,j-reversible-sp-unigram-32k,kanbun,sha256:4dbdcd5b15cf9a227576f5729dd00841052f1401389ca7f676dad6c85d8f8897,240,6.505757554770714,378.7935905456543,40,28,84
hardened,1,j-reversible-sp-unigram-32k,kakikudashi,sha256:4dbdcd5b15cf9a227576f5729dd00841052f1401389ca7f676dad6c85d8f8897,240,4.219943641781588,412.4309272766113,44,47,141
hardened,1,j-reversible-sp-unigram-32k,kanbun,sha256:b12e675fb4af745d9f089c70b50887201d49ad540e829401f5d30a8bf5302324,243,4.474837034165921,260.5445365905762,27,28,84
hardened,1,j-reversible-sp-unigram-32k,kakikudashi,sha256:b12e675fb4af745d9f089c70b50887201d49ad540e829401f5d30a8bf5302324,243,3.547676726034336,339.35057258605957,38,46,138
hardened,1,j-reversible-sp-unigram-32k,kanbun,sha256:78abfa26e0852f975281bfbe3d8b16fe1f137fe6efcb5d4fcc3c1d4f843aeede,244,4.5015282665801255,262.0986166000366,27,28,84
hardened,1,j-reversible-sp-unigram-32k,kakikudashi,sha256:78abfa26e0852f975281bfbe3d8b16fe1f137fe6efcb5d4fcc3c1d4f843aeede,244,3.1336570605030647,332.3290901184082,36,51,153
hardened,1,j-reversible-sp-unigram-32k,kanbun,sha256:41ddde068c507811a62d55e4a7441e85ed6e0ad61265b5b78af9dc9a10e56cb3,245,4.983132201032054,290.13969898223877,29,28,84
hardened,1,j-reversible-sp-unigram-32k,kakikudashi,sha256:41ddde068c507811a62d55e4a7441e85ed6e0ad61265b5b78af9dc9a10e56cb3,245,3.9297541052052734,351.38283920288086,38,43,129
hardened,1,j-reversible-sp-unigram-32k,kanbun,sha256:844d3f5bd41cbe9bb6a34a2c2735fc07761b20b9c9fd9392b6a5c24c7edc0b3c,246,4.8785455217345595,284.0502061843872,28,28,84
hardened,1,j-reversible-sp-unigram-32k,kakikudashi,sha256:844d3f5bd41cbe9bb6a34a2c2735fc07761b20b9c9fd9392b6a5c24c7edc0b3c,246,3.1099615536496836,349.21709537506104,37,54,162
hardened,1,j-reversible-sp-unigram-32k,kanbun,sha256:cd026f6ff2864d5b076323ac4102e894b100f87df6a30d4acb8f5573710a99f7,247,5.085952372815686,296.1263380050659,29,28,84
hardened,1,j-reversible-sp-unigram-32k,kakikudashi,sha256:cd026f6ff2864d5b076323ac4102e894b100f87df6a30d4acb8f5573710a99f7,247,3.4332113250110243,364.09727478027344,40,51,153
hardened,1,j-reversible-sp-unigram-32k,kanbun,sha256:9eb52885ad9a2366c827dd8a4c32b6559149c8907d5d4e1edf180f81cf2431bc,248,4.315294805680823,251.25529193878174,26,28,84
hardened,1,j-reversible-sp-unigram-32k,kakikudashi,sha256:9eb52885ad9a2366c827dd8a4c32b6559149c8907d5d4e1edf180f81cf2431bc,248,3.2235669655466976,361.9738292694092,41,54,162
hardened,1,j-reversible-sp-unigram-32k,kanbun,sha256:ed84cf4c7c8f6218ec2504a795d3a1087778ccca943f35ebb73cb43ef99e090e,250,5.476183890380213,318.8473196029663,32,28,84
hardened,1,j-reversible-sp-unigram-32k,kakikudashi,sha256:ed84cf4c7c8f6218ec2504a795d3a1087778ccca943f35ebb73cb43ef99e090e,250,3.6002200139210276,359.349458694458,37,48,144
hardened,1,j-reversible-sp-unigram-32k,kanbun,sha256:7f64a1b51c76c43fc7e8384d048522ff6441f753c4b021ca3065ff6222e524d9,251,6.024157338419905,350.752724647522,34,28,84
hardened,1,j-reversible-sp-unigram-32k,kakikudashi,sha256:7f64a1b51c76c43fc7e8384d048522ff6441f753c4b021ca3065ff6222e524d9,251,4.04958981976697,454.7278060913086,50,54,162
hardened,1,j-reversible-sp-unigram-32k,kanbun,sha256:9ca411772023aecfd281495631b4fe5f1a959688a8121f1819654d0e3a0cfcc5,252,4.369344841642683,254.4023208618164,27,28,84
hardened,1,j-reversible-sp-unigram-32k,kakikudashi,sha256:9ca411772023aecfd281495631b4fe5f1a959688a8121f1819654d0e3a0cfcc5,252,3.26593245304262,325.9831495285034,36,48,144
hardened,1,j-reversible-sp-unigram-32k,kanbun,sha256:ee3d7c09d5783b0be2c5b0baad1a146c0740839732fa870dee429c224979bf67,253,5.326996196786663,310.16096115112305,31,28,84
hardened,1,j-reversible-sp-unigram-32k,kakikudashi,sha256:ee3d7c09d5783b0be2c5b0baad1a146c0740839732fa870dee429c224979bf67,253,4.035438974672742,360.83275604248047,39,43,129
hardened,1,j-reversible-sp-unigram-32k,kanbun,sha256:3e9c81f0b0f35900a18278d505dbb3f251de08f2fa5954eb278bac211c9acbd7,254,4.691118484858968,273.1373863220215,28,28,84
hardened,1,j-reversible-sp-unigram-32k,kakikudashi,sha256:3e9c81f0b0f35900a18278d505dbb3f251de08f2fa5954eb278bac211c9acbd7,254,3.8015049077747243,332.01030349731445,36,42,126
hardened,1,j-reversible-sp-unigram-32k,kanbun,sha256:6c65378a07d4a5ff25d50d6015469aaeae8665d97481c30ac22462ad6a2928f2,255,4.578538526949074,266.5824899673462,28,28,84
hardened,1,j-reversible-sp-unigram-32k,kakikudashi,sha256:6c65378a07d4a5ff25d50d6015469aaeae8665d97481c30ac22462ad6a2928f2,255,3.2239382341883673,328.4955635070801,35,49,147
hardened,1,j-reversible-sp-unigram-32k,kanbun,sha256:1b7f67baed98aa6c3ccc8e00c68e01db20a3dfb6bc1b98575ed28f6a60a6536d,256,4.990267974147253,290.5551748275757,29,28,84
hardened,1,j-reversible-sp-unigram-32k,kakikudashi,sha256:1b7f67baed98aa6c3ccc8e00c68e01db20a3dfb6bc1b98575ed28f6a60a6536d,256,3.693433760330007,368.6534204483032,40,48,144
hardened,1,j-reversible-sp-unigram-32k,kanbun,sha256:10048951ca6f4c53dcbac41a4f10f3f3bb862541aedfc94b0644185572994c0c,257,4.53769720081458,264.20452976226807,26,28,84
hardened,1,j-reversible-sp-unigram-32k,kakikudashi,sha256:10048951ca6f4c53dcbac41a4f10f3f3bb862541aedfc94b0644185572994c0c,257,3.5735722285498146,341.8275890350342,38,46,138
hardened,1,j-reversible-sp-unigram-32k,kanbun,sha256:e695c03a29cdb807cd78f0bdd0d8c3d5d125d189aa9ff44a967a8e43e399426f,258,5.755519504152093,335.11145782470703,33,28,84
hardened,1,j-reversible-sp-unigram-32k,kakikudashi,sha256:e695c03a29cdb807cd78f0bdd0d8c3d5d125d189aa9ff44a967a8e43e399426f,258,4.515686907898087,384.994384765625,40,41,123
hardened,1,j-reversible-sp-unigram-32k,kanbun,sha256:3cd91dee89aca8d2e95bdc7b9caaac2c0d628123d0345f03ab4545d8664d835f,259,5.189423130398581,302.1508569717407,30,28,84
hardened,1,j-reversible-sp-unigram-32k,kakikudashi,sha256:3cd91dee89aca8d2e95bdc7b9caaac2c0d628123d0345f03ab4545d8664d835f,259,3.4022321832314,403.260347366333,43,57,171
hardened,1,j-reversible-sp-unigram-32k,kanbun,sha256:6e28a2c43a73753870c2b301c1d1b5de5fe64780b33015beb31d67a778801ed7,261,5.604066979218981,326.293231010437,32,28,84
hardened,1,j-reversible-sp-unigram-32k,kakikudashi,sha256:6e28a2c43a73753870c2b301c1d1b5de5fe64780b33015beb31d67a778801ed7,261,3.7985123000573036,434.4331350326538,48,55,165
hardened,1,j-reversible-sp-unigram-32k,kanbun,sha256:ada7f062d18c598fa60c2927db59c0c75b9316ec19073d5b9635b1a024186695,262,4.650819952349898,270.79102993011475,27,28,84
hardened,1,j-reversible-sp-unigram-32k,kakikudashi,sha256:ada7f062d18c598fa60c2927db59c0c75b9316ec19073d5b9635b1a024186695,262,3.587067813068929,365.49579334259033,40,49,147
hardened,1,j-reversible-sp-unigram-32k,kanbun,sha256:e2a39fdcdaac6f53dba56792852353aeeee09a7b63c32e7d64012d17a92635f4,264,5.2499620062602945,305.6756944656372,30,28,84
hardened,1,j-reversible-sp-unigram-32k,kakikudashi,sha256:e2a39fdcdaac6f53dba56792852353aeeee09a7b63c32e7d64012d17a92635f4,264,3.8538281529349874,424.73194885253906,46,53,159
hardened,1,j-reversible-sp-unigram-32k,kanbun,sha256:3154de6aa777321b7ecd20304242f6b405a590effd9343f1a8fa9e48d97764bf,265,4.970699231235879,289.41579723358154,30,28,84
hardened,1,j-reversible-sp-unigram-32k,kakikudashi,sha256:3154de6aa777321b7ecd20304242f6b405a590effd9343f1a8fa9e48d97764bf,265,3.5599831325514892,370.138840675354,40,50,150
hardened,1,j-reversible-sp-unigram-32k,kanbun,sha256:606525302a104e1d2238769c5c54d63a83928e31ad83fe7d93494daa61249ecf,266,4.627414096325475,269.4282388687134,27,28,84
hardened,1,j-reversible-sp-unigram-32k,kakikudashi,sha256:606525302a104e1d2238769c5c54d63a83928e31ad83fe7d93494daa61249ecf,266,3.266241699633341,339.5979337692261,34,50,150
hardened,1,j-reversible-sp-unigram-32k,kanbun,sha256:84567b97344a2bbc150b54ff37aaa157f04a74611ba9905ebfe664f8e332471c,268,4.647801902516757,270.61530590057373,28,28,84
hardened,1,j-reversible-sp-unigram-32k,kakikudashi,sha256:84567b97344a2bbc150b54ff37aaa157f04a74611ba9905ebfe664f8e332471c,268,3.3852700300891345,351.9735565185547,40,50,150
hardened,1,j-reversible-sp-unigram-32k,kanbun,sha256:22edf62e83887b858e884bc488b93db8fd0e9d90376ac6e16d9f37078c76ba84,269,6.142522203050023,357.6444435119629,36,28,84
hardened,1,j-reversible-sp-unigram-32k,kakikudashi,sha256:22edf62e83887b858e884bc488b93db8fd0e9d90376ac6e16d9f37078c76ba84,269,4.70403313219817,391.27047634124756,41,40,120
hardened,1,j-reversible-sp-unigram-32k,kanbun,sha256:f6c2a39a294ff98dff6be57da2037d8c541144d442f2f92779ac3ad74e3c3bf9,270,5.032939949134731,293.03972339630127,30,28,84
hardened,1,j-reversible-sp-unigram-32k,kakikudashi,sha256:f6c2a39a294ff98dff6be57da2037d8c541144d442f2f92779ac3ad74e3c3bf9,270,3.403996235656489,346.84214782714844,37,49,147
hardened,1,j-reversible-sp-unigram-32k,kanbun,sha256:cf3eb8ec3ab8f190a0a2ba93b65e6406ef6b6c248a16da4728028c1f921e06b9,272,5.285190162635929,307.7268314361572,31,28,84
hardened,1,j-reversible-sp-unigram-32k,kakikudashi,sha256:cf3eb8ec3ab8f190a0a2ba93b65e6406ef6b6c248a16da4728028c1f921e06b9,272,4.2925262582352195,365.9683542251587,38,41,123
hardened,1,j-reversible-sp-unigram-32k,kanbun,sha256:5c695da1c550a8a4884a42d387789dcef5cd0fb000950450dd8b2d9007c0d79b,273,4.432264923771043,258.0658025741577,26,28,84
hardened,1,j-reversible-sp-unigram-32k,kakikudashi,sha256:5c695da1c550a8a4884a42d387789dcef5cd0fb000950450dd8b2d9007c0d79b,273,3.533023451151879,323.2554922103882,34,44,132
hardened,1,j-reversible-sp-unigram-32k,kanbun,sha256:b5638ce33f23646019dca08f2a00a968e719f0045f830409f8e96a07f6080e36,274,4.858195977588269,282.86536693573,27,28,84
hardened,1,j-reversible-sp-unigram-32k,kakikudashi,sha256:b5638ce33f23646019dca08f2a00a968e719f0045f830409f8e96a07f6080e36,274,3.8622896354416443,353.3818426132202,37,44,132
hardened,1,j-reversible-sp-unigram-32k,kanbun,sha256:3b1f52da85d3d3935b548c3ea5b3305433c23fded5f370f6ff905c97f4165749,275,5.669795341484329,330.1202230453491,32,28,84
hardened,1,j-reversible-sp-unigram-32k,kakikudashi,sha256:3b1f52da85d3d3935b548c3ea5b3305433c23fded5f370f6ff905c97f4165749,275,4.280206255307227,418.32061862945557,44,47,141
hardened,1,j-reversible-sp-unigram-32k,kanbun,sha256:57c1686b4a8c9fd318957ecaa6a85e66d236800c20b9b407dc5dba5eebd6af07,276,5.324657969803432,310.0248193740845,32,28,84
hardened,1,j-reversible-sp-unigram-32k,kakikudashi,sha256:57c1686b4a8c9fd318957ecaa6a85e66d236800c20b9b407dc5dba5eebd6af07,276,3.6990892282663883,369.21791076660156,38,48,144
hardened,1,j-reversible-sp-unigram-32k,kanbun,sha256:13e7eb09fc259541192ec679020e19453d822e5b9af112e03ae2118502555828,277,6.493741503678832,378.0939636230469,37,28,84
hardened,1,j-reversible-sp-unigram-32k,kakikudashi,sha256:13e7eb09fc259541192ec679020e19453d822e5b9af112e03ae2118502555828,277,4.987878127228442,445.9960422515869,46,43,129
hardened,1,j-reversible-sp-unigram-32k,kanbun,sha256:6351ce933135ea9531cdbd4f1dcd80a8a8e562bc2b093163444b5b8d6afed9dc,278,4.468023671193539,260.1478328704834,26,28,84
hardened,1,j-reversible-sp-unigram-32k,kakikudashi,sha256:6351ce933135ea9531cdbd4f1dcd80a8a8e562bc2b093163444b5b8d6afed9dc,278,3.2660098738992835,380.3226900100708,43,56,168
hardened,1,j-reversible-sp-unigram-32k,kanbun,sha256:f19dbbe6a04c7d8ecfdd6cdaee9c62765f9c0d832caae3ab4f8fb05e9d17a64b,279,5.134871380095904,298.9746160507202,30,28,84
hardened,1,j-reversible-sp-unigram-32k,kakikudashi,sha256:f19dbbe6a04c7d8ecfdd6cdaee9c62765f9c0d832caae3ab4f8fb05e9d17a64b,279,3.8592641551681535,369.15525341033936,38,46,138
hardened,1,j-reversible-sp-unigram-32k,kanbun,sha256:9ce5d9be64e38f486c10bc9413905e2425c79a1b00832565dda658cdd71b207b,280,4.171332976916391,242.87320613861084,26,28,84
hardened,1,j-reversible-sp-unigram-32k,kakikudashi,sha256:9ce5d9be64e38f486c10bc9413905e2425c79a1b00832565dda658cdd71b207b,280,2.9461739755895695,343.0782070159912,38,56,168
hardened,1,j-reversible-sp-unigram-32k,kanbun,sha256:26f7146c6a32da6d02654d965d0caf7cdd032352c8eec79349b0a1bf2c70250d,281,4.940359673521371,287.64929580688477,30,28,84
hardened,1,j-reversible-sp-unigram-32k,kakikudashi,sha256:26f7146c6a32da6d02654d965d0caf7cdd032352c8eec79349b0a1bf2c70250d,281,3.6736709080467977,359.0416431427002,40,47,141
hardened,1,j-reversible-sp-unigram-32k,kanbun,sha256:f0b83a464b9a058a31b26d0c3e0453ae09909c1e54328ca92580b1a0bdbb4acf,285,5.073157469625595,295.38136291503906,30,28,84
hardened,1,j-reversible-sp-unigram-32k,kakikudashi,sha256:f0b83a464b9a058a31b26d0c3e0453ae09909c1e54328ca92580b1a0bdbb4acf,285,4.0242182802998405,351.4613199234009,39,42,126
hardened,1,j-reversible-sp-unigram-32k,kanbun,sha256:bfa6a8b825c2504e22fe2b21adc34429544d75877cbcabec0640163cebae8718,286,4.351680126848662,253.37380409240723,26,28,84
hardened,1,j-reversible-sp-unigram-32k,kakikudashi,sha256:bfa6a8b825c2504e22fe2b21adc34429544d75877cbcabec0640163cebae8718,286,3.1350162403370523,325.95415019989014,36,50,150
hardened,1,j-reversible-sp-unigram-32k,kanbun,sha256:ce6c9a95217f9aa12ad1daa4a80618412b5df51e3b6a33c39e2ac24f9236abb9,287,4.575315457416804,266.3948287963867,28,28,84
hardened,1,j-reversible-sp-unigram-32k,kakikudashi,sha256:ce6c9a95217f9aa12ad1daa4a80618412b5df51e3b6a33c39e2ac24f9236abb9,287,3.597906017928362,299.2654094696045,33,40,120
hardened,1,j-reversible-sp-unigram-32k,kanbun,sha256:a5b3d14933ba9c3cb1c94d03c6c781290e908104eb4dd7205a84cbc0fa59f29e,289,4.836009429420563,281.5735692977905,29,28,84
hardened,1,j-reversible-sp-unigram-32k,kakikudashi,sha256:a5b3d14933ba9c3cb1c94d03c6c781290e908104eb4dd7205a84cbc0fa59f29e,289,3.3304139025978583,346.27005100250244,37,50,150
hardened,1,j-reversible-sp-unigram-32k,kanbun,sha256:4797cac5044de7738911e1327351945389d7f1c0ba19e3bc1ae07974be7826d2,291,6.2746374409612224,365.3367691040039,36,28,84
hardened,1,j-reversible-sp-unigram-32k,kakikudashi,sha256:4797cac5044de7738911e1327351945389d7f1c0ba19e3bc1ae07974be7826d2,291,4.2496583555303005,441.8458061218262,47,50,150
hardened,1,j-reversible-sp-unigram-32k,kanbun,sha256:84f043ddab6fae18d9a113435e6994c20979e8c4bf3e54c63b76d16a81323aeb,292,5.399739534829104,314.3963956832886,30,28,84
hardened,1,j-reversible-sp-unigram-32k,kakikudashi,sha256:84f043ddab6fae18d9a113435e6994c20979e8c4bf3e54c63b76d16a81323aeb,292,3.89593006585284,396.9665822982788,41,49,147
hardened,1,j-reversible-sp-unigram-32k,kanbun,sha256:15d5252ccb091123dce9d507a42d69e81e342a7d8cfa2e9c2694897e2d71e8b8,294,5.2347542192372,304.7902307510376,30,28,84
hardened,1,j-reversible-sp-unigram-32k,kakikudashi,sha256:15d5252ccb091123dce9d507a42d69e81e342a7d8cfa2e9c2694897e2d71e8b8,294,3.853382259609401,384.6183910369873,41,48,144
hardened,1,j-reversible-sp-unigram-32k,kanbun,sha256:ee53a3fbd722c59c22bdbeb52c5019bd04825f21b986c91ed87e75086c19b587,296,5.324277265731622,310.00265312194824,32,28,84
hardened,1,j-reversible-sp-unigram-32k,kakikudashi,sha256:ee53a3fbd722c59c22bdbeb52c5019bd04825f21b986c91ed87e75086c19b587,296,3.6163234565610995,330.87706184387207,34,44,132
hardened,1,j-reversible-sp-unigram-32k,kanbun,sha256:4694fd5b06af782102e95b6b6ed4dd158c912030cb1aeb16ad75a23f97e31db8,297,4.807955815963423,279.94016551971436,28,28,84
hardened,1,j-reversible-sp-unigram-32k,kakikudashi,sha256:4694fd5b06af782102e95b6b6ed4dd158c912030cb1aeb16ad75a23f97e31db8,297,3.9426383581610036,319.74095344543457,33,39,117
hardened,1,j-reversible-sp-unigram-32k,kanbun,sha256:71787239d84200daea855da14615f92021caad2f2595da06ff623d003a7aa257,299,5.05466276655851,294.30452060699463,29,28,84
hardened,1,j-reversible-sp-unigram-32k,kakikudashi,sha256:71787239d84200daea855da14615f92021caad2f2595da06ff623d003a7aa257,299,3.788482540564593,386.01847076416016,43,49,147
hardened,1,j-reversible-sp-unigram-32k,kanbun,sha256:1adfa99587e2df25aabc70ce467dd514b304bc2e1c674e01ad764f295d63c309,300,4.761459225268856,277.23293113708496,27,28,84
hardened,1,j-reversible-sp-unigram-32k,kakikudashi,sha256:1adfa99587e2df25aabc70ce467dd514b304bc2e1c674e01ad764f295d63c309,300,3.7407508996340115,272.25354862213135,28,35,105
hardened,1,j-reversible-sp-unigram-32k,kanbun,sha256:5406a4c84da9e52501972cb84769d459e4092bfb634de5090fa8418e2854261e,301,5.045544311926965,293.77360439300537,30,28,84
hardened,1,j-reversible-sp-unigram-32k,kakikudashi,sha256:5406a4c84da9e52501972cb84769d459e4092bfb634de5090fa8418e2854261e,301,3.632498364174987,385.2319679260254,41,51,153
hardened,1,j-reversible-sp-unigram-32k,kanbun,sha256:9d80419ac012f4b87c30185a379327160482f6a058c63af4d8f4ceedfac026de,303,5.526556347611823,241.33516788482666,24,21,63
hardened,1,j-reversible-sp-unigram-32k,kakikudashi,sha256:9d80419ac012f4b87c30185a379327160482f6a058c63af4d8f4ceedfac026de,303,3.9616685539739125,313.04621028900146,34,38,114
hardened,1,j-reversible-sp-unigram-32k,kanbun,sha256:da046e5b10cae95bae697f791d97ac6703eb750140535962c2197c50f9d1f7ab,309,5.214830749823947,303.63019943237305,31,28,84
hardened,1,j-reversible-sp-unigram-32k,kakikudashi,sha256:da046e5b10cae95bae697f791d97ac6703eb750140535962c2197c50f9d1f7ab,309,4.27260596165219,355.38537311553955,38,40,120
hardened,1,j-reversible-sp-unigram-32k,kanbun,sha256:f2be46d7d95d3fdd960ce942581fbbf50d51e4d5b907600f90a1c2238c5e2391,310,4.924076749240882,286.70123291015625,28,28,84
hardened,1,j-reversible-sp-unigram-32k,kakikudashi,sha256:f2be46d7d95d3fdd960ce942581fbbf50d51e4d5b907600f90a1c2238c5e2391,310,3.293347957086358,410.8994731903076,46,60,180
hardened,1,j-reversible-sp-unigram-32k,kanbun,sha256:b45994dcbcfd0adceee5b959d1bdc409623ec38ee9c5405c6e58825a0207b76f,311,4.94163334427506,287.72345447540283,28,28,84
hardened,1,j-reversible-sp-unigram-32k,kakikudashi,sha256:b45994dcbcfd0adceee5b959d1bdc409623ec38ee9c5405c6e58825a0207b76f,311,3.650450683857642,356.77224349975586,37,47,141
hardened,1,j-reversible-sp-unigram-32k,kanbun,sha256:a14447b66a174ce657e5251d2434feb8fc7dbcf12072e6eb68c40528bfa93bfe,312,4.75863153566127,277.0682907104492,28,28,84
hardened,1,j-reversible-sp-unigram-32k,kakikudashi,sha256:a14447b66a174ce657e5251d2434feb8fc7dbcf12072e6eb68c40528bfa93bfe,312,3.5230002839611037,329.66429138183594,34,45,135
hardened,1,j-reversible-sp-unigram-32k,kanbun,sha256:31a98663fb1c627a3e654a645a7da2f2aec4c2f786f3c79ad81540f14cdf801b,314,4.644443490827908,270.4197645187378,27,28,84
hardened,1,j-reversible-sp-unigram-32k,kakikudashi,sha256:31a98663fb1c627a3e654a645a7da2f2aec4c2f786f3c79ad81540f14cdf801b,314,3.3055052996177716,350.5538568496704,36,51,153
hardened,1,j-reversible-sp-unigram-32k,kanbun,sha256:7abc00f3a801b9832ab595ea226aba2f38f5ee81b57ee9f43930244e588dc857,317,5.154799124506479,300.13489627838135,30,28,84
hardened,1,j-reversible-sp-unigram-32k,kakikudashi,sha256:7abc00f3a801b9832ab595ea226aba2f38f5ee81b57ee9f43930244e588dc857,317,3.8655011352319466,353.67568016052246,39,44,132
hardened,1,j-reversible-sp-unigram-32k,kanbun,sha256:64ae9d741f6a83d2d64a058978e596c190f1ee6776e1533b9f9c07b6cf3a3759,318,5.461774561477523,318.00834560394287,33,28,84
hardened,1,j-reversible-sp-unigram-32k,kakikudashi,sha256:64ae9d741f6a83d2d64a058978e596c190f1ee6776e1533b9f9c07b6cf3a3759,318,4.162232006443169,380.82519817352295,41,44,132
hardened,1,j-reversible-sp-unigram-32k,kanbun,sha256:58be24a0af02d2def8b8725e125189db45e302fc68fc2378b1eeec3dd645c37d,319,4.984540542391019,290.2216987609863,29,28,84
hardened,1,j-reversible-sp-unigram-32k,kakikudashi,sha256:58be24a0af02d2def8b8725e125189db45e302fc68fc2378b1eeec3dd645c37d,319,3.7043613942569715,377.44714546203613,42,49,147
hardened,1,j-reversible-sp-unigram-32k,kanbun,sha256:caae78fd86a46160b8c947aa9ece8025378957c3db78f53f308fad1ed66c71c9,321,4.456958110885425,259.50354766845703,26,28,84
hardened,1,j-reversible-sp-unigram-32k,kakikudashi,sha256:caae78fd86a46160b8c947aa9ece8025378957c3db78f53f308fad1ed66c71c9,321,3.118896060594988,317.7925395965576,33,49,147
hardened,1,j-reversible-sp-unigram-32k,kanbun,sha256:f1982863dbe53fc5ec4bfc36d7ce4c66e3bc2834548a9ce502b0b508969a9283,323,5.491606213475784,319.7452745437622,32,28,84
hardened,1,j-reversible-sp-unigram-32k,kakikudashi,sha256:f1982863dbe53fc5ec4bfc36d7ce4c66e3bc2834548a9ce502b0b508969a9283,323,3.7804514641708904,400.9226188659668,42,51,153
hardened,1,j-reversible-sp-unigram-32k,kanbun,sha256:c0ea51c46681ccf1d96574e5b68290e387139d76a656e2b108b86f32fbf72da1,324,4.963335359987736,288.98704051971436,30,28,84
hardened,1,j-reversible-sp-unigram-32k,kakikudashi,sha256:c0ea51c46681ccf1d96574e5b68290e387139d76a656e2b108b86f32fbf72da1,324,3.501652879887216,356.79264068603516,39,49,147
hardened,1,j-reversible-sp-unigram-32k,kanbun,sha256:241fb41c6b0fc0890521bcb90ae877d36d315693ad862e5e2c22043116a47068,325,5.283555246418927,307.6316394805908,32,28,84
hardened,1,j-reversible-sp-unigram-32k,kakikudashi,sha256:241fb41c6b0fc0890521bcb90ae877d36d315693ad862e5e2c22043116a47068,325,4.263836921715508,354.65598487854004,38,40,120
hardened,1,j-reversible-sp-unigram-32k,kanbun,sha256:7478d40e002f983c02d9e98f2a1a7198f46f1ed2b4ebb4c8cebcb29ecc239f0f,328,4.769497055577482,277.7009286880493,28,28,84
hardened,1,j-reversible-sp-unigram-32k,kakikudashi,sha256:7478d40e002f983c02d9e98f2a1a7198f46f1ed2b4ebb4c8cebcb29ecc239f0f,328,3.310667366751906,330.4482841491699,37,48,144
hardened,1,j-reversible-sp-unigram-32k,kanbun,sha256:9ab98dc9e77f08fd65387df12ab41e7f32500fcffd7bcb1748b7e10d5c411c31,329,4.934857244210366,287.3289203643799,28,28,84
hardened,1,j-reversible-sp-unigram-32k,kakikudashi,sha256:9ab98dc9e77f08fd65387df12ab41e7f32500fcffd7bcb1748b7e10d5c411c31,329,3.473624153606601,353.9367198944092,38,49,147
hardened,1,j-reversible-sp-unigram-32k,kanbun,sha256:b051eac4274a1ed1236b3436bca300cc58a2c25bce1bb0140f0cbe74217a5326,330,4.759349276590871,277.11008071899414,28,28,84
hardened,1,j-reversible-sp-unigram-32k,kakikudashi,sha256:b051eac4274a1ed1236b3436bca300cc58a2c25bce1bb0140f0cbe74217a5326,330,3.985644769057416,323.2286968231201,35,39,117
hardened,1,j-reversible-sp-unigram-32k,kanbun,sha256:79a221b810d6d6ece4bb17456a05eae5c4b9f564171449ae95cc609bbaf626ba,331,4.558823664301667,265.4346046447754,27,28,84
hardened,1,j-reversible-sp-unigram-32k,kakikudashi,sha256:79a221b810d6d6ece4bb17456a05eae5c4b9f564171449ae95cc609bbaf626ba,331,3.8170608404165214,325.43155002593994,36,41,123
hardened,1,j-reversible-sp-unigram-32k,kanbun,sha256:0f23385eaa1b352112e0481918a638150e0c4f4b03c5512cf6e1025aa5a74f8f,332,4.495419770407481,261.7429533004761,26,28,84
hardened,1,j-reversible-sp-unigram-32k,kakikudashi,sha256:0f23385eaa1b352112e0481918a638150e0c4f4b03c5512cf6e1025aa5a74f8f,332,3.3839770832469473,337.7655611038208,38,48,144
hardened,1,j-reversible-sp-unigram-32k,kanbun,sha256:83a98b9cb75cdd20948000956fc8dc8fbb9fc20be7594b7e821962b1095ca118,333,5.445475716517355,317.0593557357788,31,28,84
hardened,1,j-reversible-sp-unigram-32k,kakikudashi,sha256:83a98b9cb75cdd20948000956fc8dc8fbb9fc20be7594b7e821962b1095ca118,333,4.814141816093593,340.3647003173828,34,34,102
hardened,1,j-reversible-sp-unigram-32k,kanbun,sha256:7aa2ecd80d925b53947a6b07c67e41342784e641e081a2258e78f68c454c9bae,334,4.761111640141813,277.2126932144165,28,28,84
hardened,1,j-reversible-sp-unigram-32k,kakikudashi,sha256:7aa2ecd80d925b53947a6b07c67e41342784e641e081a2258e78f68c454c9bae,334,3.0841330600506858,339.90354347229004,36,53,159
hardened,1,j-reversible-sp-unigram-32k,kanbun,sha256:f41b2b44c3527a526b2267efbebfd277ebe85d6c16df919ca8f66e9aadf4a9dd,335,4.439896170713728,258.5101270675659,26,28,84
hardened,1,j-reversible-sp-unigram-32k,kakikudashi,sha256:f41b2b44c3527a526b2267efbebfd277ebe85d6c16df919ca8f66e9aadf4a9dd,335,3.271066807177159,367.30757904052734,40,54,162
hardened,1,j-reversible-sp-unigram-32k,kanbun,sha256:0e63cc334d2783636389d831678fc3bc38e590119c8bbb26698f44b1be11d6a5,336,5.529768246461437,321.96723461151123,32,28,84
hardened,1,j-reversible-sp-unigram-32k,kakikudashi,sha256:0e63cc334d2783636389d831678fc3bc38e590119c8bbb26698f44b1be11d6a5,336,4.052750744337362,396.09053802490234,43,47,141
hardened,1,j-reversible-sp-unigram-32k,kanbun,sha256:380b22c599ed04cd6119c1f94180c177ec558d212feabf343399760a0b107f2e,339,4.426659255731621,257.7394161224365,26,28,84
hardened,1,j-reversible-sp-unigram-32k,kakikudashi,sha256:380b22c599ed04cd6119c1f94180c177ec558d212feabf343399760a0b107f2e,339,3.285160932659772,293.74590492248535,31,43,129
hardened,1,j-reversible-sp-unigram-32k,kanbun,sha256:f8c19e1305bcab305f089db5ec3c08d4169665ec713cb00b1b0335640db5c11b,341,5.577448962276143,324.7434139251709,34,28,84
hardened,1,j-reversible-sp-unigram-32k,kakikudashi,sha256:f8c19e1305bcab305f089db5ec3c08d4169665ec713cb00b1b0335640db5c11b,341,3.9987654475307104,357.55355644226074,39,43,129
hardened,1,j-reversible-sp-unigram-32k,kanbun,sha256:21ba147d597836b1343dae04293fb8a0a830444cc005e5a5660642aded0dc596,342,5.547727264519334,323.0128870010376,33,28,84
hardened,1,j-reversible-sp-unigram-32k,kakikudashi,sha256:21ba147d597836b1343dae04293fb8a0a830444cc005e5a5660642aded0dc596,342,3.966266027779964,379.3904438018799,42,46,138
hardened,1,j-reversible-sp-unigram-32k,kanbun,sha256:dea74fb7ca686c59766d4cc337cf188be5a9608f6be4d2ac21dfea3c89f75220,343,5.577854153401575,324.76700592041016,31,28,84
hardened,1,j-reversible-sp-unigram-32k,kakikudashi,sha256:dea74fb7ca686c59766d4cc337cf188be5a9608f6be4d2ac21dfea3c89f75220,343,3.947917509624284,410.473183631897,43,50,150
hardened,1,j-reversible-sp-unigram-32k,kanbun,sha256:dc6bf5a8fd927674eedc59eacd0761a954e0250ebc88eb1c5dc117d0fe79fc05,345,4.81278508879965,280.2213468551636,29,28,84
hardened,1,j-reversible-sp-unigram-32k,kakikudashi,sha256:dc6bf5a8fd927674eedc59eacd0761a954e0250ebc88eb1c5dc117d0fe79fc05,345,3.7366688897778526,326.347749710083,37,42,126
hardened,1,j-reversible-sp-unigram-32k,kanbun,sha256:09196e4814cbac31fe5e8f11d7f9f69be5021fd1d1d54c9e1b5a74840b507f1b,346,4.308172250660791,250.84058570861816,26,28,84
hardened,1,j-reversible-sp-unigram-32k,kakikudashi,sha256:09196e4814cbac31fe5e8f11d7f9f69be5021fd1d1d54c9e1b5a74840b507f1b,346,3.275984349153483,306.54980754852295,35,45,135
hardened,1,j-reversible-sp-unigram-32k,kanbun,sha256:98df25c37a6c0cc07d498bce52b69a4a491f4341fc9b3ba11fadeb0ac8ca0445,347,4.965328180290833,289.10307121276855,28,28,84
hardened,1,j-reversible-sp-unigram-32k,kakikudashi,sha256:98df25c37a6c0cc07d498bce52b69a4a491f4341fc9b3ba11fadeb0ac8ca0445,347,3.6039138108882423,367.21227645874023,39,49,147
hardened,1,j-reversible-sp-unigram-32k,kanbun,sha256:b0d769eea7c9a37c442c1c0b7ceaf750a3feb6a5f303ea7296249217b413ea12,348,5.713494609793662,332.6645851135254,34,28,84
hardened,1,j-reversible-sp-unigram-32k,kakikudashi,sha256:b0d769eea7c9a37c442c1c0b7ceaf750a3feb6a5f303ea7296249217b413ea12,348,3.9372412574091142,425.7376775741577,48,52,156
hardened,1,j-reversible-sp-unigram-32k,kanbun,sha256:04db3ee44205c72d133afd359ccb2d2166882d7645716a08241d164acb6c2b2f,350,4.236913761687998,246.69160556793213,26,28,84
hardened,1,j-reversible-sp-unigram-32k,kakikudashi,sha256:04db3ee44205c72d133afd359ccb2d2166882d7645716a08241d164acb6c2b2f,350,3.257230341746953,304.794903755188,33,45,135
hardened,1,j-reversible-sp-unigram-32k,kanbun,sha256:01da9f3b83afc42413956741a4e33039543ca785d22fcab02622edffbb269b85,353,5.09657549546998,296.7448625564575,30,28,84
hardened,1,j-reversible-sp-unigram-32k,kakikudashi,sha256:01da9f3b83afc42413956741a4e33039543ca785d22fcab02622edffbb269b85,353,3.749862061922364,366.4880905151367,40,47,141
hardened,1,j-reversible-sp-unigram-32k,kanbun,sha256:e2bd46e4a05a6865e40b986037d26e5fe2b9ba09d27beea301bf29cde6943cc5,354,5.029306381583802,292.828161239624,29,28,84
hardened,1,j-reversible-sp-unigram-32k,kakikudashi,sha256:e2bd46e4a05a6865e40b986037d26e5fe2b9ba09d27beea301bf29cde6943cc5,354,3.382296627838566,358.69769382476807,37,51,153
hardened,1,j-reversible-sp-unigram-32k,kanbun,sha256:012bc4d5f1f13e4baa4f6ed62d5485bfa25ca49ffe16c23d5b5f016a0336d470,355,5.3769428577333365,313.069073677063,32,28,84
hardened,1,j-reversible-sp-unigram-32k,kakikudashi,sha256:012bc4d5f1f13e4baa4f6ed62d5485bfa25ca49ffe16c23d5b5f016a0336d470,355,4.018211431085451,367.6479740142822,39,44,132
hardened,1,j-reversible-sp-unigram-32k,kanbun,sha256:175dc4de4301b6f507ac2ffa95053a7867eca7cc72da80cbec2a08820defc43b,356,5.114494482518476,297.7881841659546,30,28,84
hardened,1,j-reversible-sp-unigram-32k,kakikudashi,sha256:175dc4de4301b6f507ac2ffa95053a7867eca7cc72da80cbec2a08820defc43b,356,3.766214552923755,368.0862808227539,41,47,141
hardened,1,j-reversible-sp-unigram-32k,kanbun,sha256:822561d4ac2d7d7e12ba769a3a5eaa12296f41dd9eb41ae8f6fea39fa68c7022,357,4.6146913603315465,268.6874656677246,28,28,84
hardened,1,j-reversible-sp-unigram-32k,kakikudashi,sha256:822561d4ac2d7d7e12ba769a3a5eaa12296f41dd9eb41ae8f6fea39fa68c7022,357,3.439131048868485,393.33095836639404,44,55,165
hardened,1,j-reversible-sp-unigram-32k,kanbun,sha256:d05a7595d061e365f658efb62c84bb582de592e12f4a9386920aa74242d269a6,358,5.87529341445108,342.0852174758911,34,28,84
hardened,1,j-reversible-sp-unigram-32k,kakikudashi,sha256:d05a7595d061e365f658efb62c84bb582de592e12f4a9386920aa74242d269a6,358,3.7691476712209693,391.88611221313477,40,50,150
hardened,1,j-reversible-sp-unigram-32k,kanbun,sha256:a9c21481f94694b1e963efc65e93f935d904f3fd275759e70507ad9f45b475d6,359,4.866224815661148,283.33284091949463,29,28,84
hardened,1,j-reversible-sp-unigram-32k,kakikudashi,sha256:a9c21481f94694b1e963efc65e93f935d904f3fd275759e70507ad9f45b475d6,359,3.4240295235969924,348.8833923339844,39,49,147
hardened,1,j-reversible-sp-unigram-32k,kanbun,sha256:07b05a3858067d4cd7fbb19ac1f4629a700b1ecd14527e73d1f6de944b1e1dcd,362,4.708009392379208,274.1208486557007,27,28,84
hardened,1,j-reversible-sp-unigram-32k,kakikudashi,sha256:07b05a3858067d4cd7fbb19ac1f4629a700b1ecd14527e73d1f6de944b1e1dcd,362,3.5923551326419707,358.56443977355957,41,48,144
hardened,1,j-reversible-sp-unigram-32k,kanbun,sha256:eba4b3b87b08ffbe3e8ca25c84e9dbe0b780ba6ede88955e95d87979def894d2,363,6.286363807751852,366.01952934265137,36,28,84
hardened,1,j-reversible-sp-unigram-32k,kakikudashi,sha256:eba4b3b87b08ffbe3e8ca25c84e9dbe0b780ba6ede88955e95d87979def894d2,363,4.224262462737434,395.2848081588745,42,45,135
hardened,1,j-reversible-sp-unigram-32k,kanbun,sha256:7e2c9d22669bcba6b5a5682ed98a826388f98711e7648dba6709fdeaa92ce36d,364,4.9159222164191725,286.2264404296875,30,28,84
hardened,1,j-reversible-sp-unigram-32k,kakikudashi,sha256:7e2c9d22669bcba6b5a5682ed98a826388f98711e7648dba6709fdeaa92ce36d,364,3.52821824206009,359.49945545196533,39,49,147
hardened,1,j-reversible-sp-unigram-32k,kanbun,sha256:a0c39be8a53091206aa4d8fb79d78fd2c988818c63507ebd7d8f46c50316ca2e,365,4.623878051127234,269.222354888916,27,28,84
hardened,1,j-reversible-sp-unigram-32k,kakikudashi,sha256:a0c39be8a53091206aa4d8fb79d78fd2c988818c63507ebd7d8f46c50316ca2e,365,3.529890288590445,352.3296241760254,40,48,144
hardened,1,j-reversible-sp-unigram-32k,kanbun,sha256:0e486321920abeb917cb71631c251827ef9d25efd97d66c59700fb4024b41489,366,4.693534153172988,273.278037071228,28,28,84
hardened,1,j-reversible-sp-unigram-32k,kakikudashi,sha256:0e486321920abeb917cb71631c251827ef9d25efd97d66c59700fb4024b41489,366,3.2593386455149926,345.6578130722046,39,51,153
hardened,1,j-reversible-sp-unigram-32k,kanbun,sha256:0c945b53221806c4e120e6e87211fbd986470bf14a71f469e33adbaa734d5384,367,5.634530413580011,328.06694507598877,32,28,84
hardened,1,j-reversible-sp-unigram-32k,kakikudashi,sha256:0c945b53221806c4e120e6e87211fbd986470bf14a71f469e33adbaa734d5384,367,4.496699791415812,374.02497386932373,39,40,120
hardened,1,j-reversible-sp-unigram-32k,kanbun,sha256:bd1d7f5499a1b9adc8767debf6acf094806cec83310caaa1e457d750f2b0ada4,368,5.334510184320059,310.5984582901001,32,28,84
hardened,1,j-reversible-sp-unigram-32k,kakikudashi,sha256:bd1d7f5499a1b9adc8767debf6acf094806cec83310caaa1e457d750f2b0ada4,368,4.549763230610779,340.59479999542236,37,36,108
hardened,1,j-reversible-sp-unigram-32k,kanbun,sha256:e652d2fd7cb60f3cb65ea029698a20fe750a2e4cbaf35a9618df137601851133,369,4.530653888848344,263.79443740844727,26,28,84
hardened,1,j-reversible-sp-unigram-32k,kakikudashi,sha256:e652d2fd7cb60f3cb65ea029698a20fe750a2e4cbaf35a9618df137601851133,369,3.123527065150483,376.7211322784424,42,58,174
hardened,1,j-reversible-sp-unigram-32k,kanbun,sha256:9ceac548984fd90a7480945416bc9a82e438b7f3d863cf76bfe2ee53a9d16188,370,6.159789818092851,358.6498394012451,36,28,84
hardened,1,j-reversible-sp-unigram-32k,kakikudashi,sha256:9ceac548984fd90a7480945416bc9a82e438b7f3d863cf76bfe2ee53a9d16188,370,4.270441840896078,426.24643993377686,47,48,144
hardened,1,j-reversible-sp-unigram-32k,kanbun,sha256:4777857cc0ba17a5e4873b90013a5f0bd1847bfa0e64c02cc9280109e605a269,372,5.687470211444401,331.1493310928345,33,28,84
hardened,1,j-reversible-sp-unigram-32k,kakikudashi,sha256:4777857cc0ba17a5e4873b90013a5f0bd1847bfa0e64c02cc9280109e605a269,372,4.09129174617642,408.364896774292,44,48,144
hardened,1,j-reversible-sp-unigram-32k,kanbun,sha256:f27b841f3f365dd48e585a84c293aa316a51c69f2b6ebc850d6877b6e6faac22,373,4.713664607801379,274.450119972229,28,28,84
hardened,1,j-reversible-sp-unigram-32k,kakikudashi,sha256:f27b841f3f365dd48e585a84c293aa316a51c69f2b6ebc850d6877b6e6faac22,373,3.5617522148913245,370.3227758407593,40,50,150
hardened,1,j-reversible-sp-unigram-32k,kanbun,sha256:66c2130dd148c6206c7ff1e410ca3ade7ce923af0117ceee6c24c41d4dc66961,374,4.694496224121914,273.3340530395508,28,28,84
hardened,1,j-reversible-sp-unigram-32k,kakikudashi,sha256:66c2130dd148c6206c7ff1e410ca3ade7ce923af0117ceee6c24c41d4dc66961,374,3.3471319325998565,327.12776374816895,35,47,141
hardened,1,j-reversible-sp-unigram-32k,kanbun,sha256:28736a6bebe27efd880048769c5f93767df8963f73f9d2e1391c3097a577b422,375,5.840103258051636,340.03629302978516,34,28,84
hardened,1,j-reversible-sp-unigram-32k,kakikudashi,sha256:28736a6bebe27efd880048769c5f93767df8963f73f9d2e1391c3097a577b422,375,4.433899000275928,414.9015197753906,44,45,135
hardened,1,j-reversible-sp-unigram-32k,kanbun,sha256:c93c8c67ffc3c4a96afee6b2084894dcff51fd20b8e313a35f6747e52150c5c1,376,5.431010714373686,316.2171401977539,32,28,84
hardened,1,j-reversible-sp-unigram-32k,kakikudashi,sha256:c93c8c67ffc3c4a96afee6b2084894dcff51fd20b8e313a35f6747e52150c5c1,376,3.779175663144702,408.6458930969238,46,52,156
hardened,1,j-reversible-sp-unigram-32k,kanbun,sha256:6469c7a2948509d0e469340d3dc7b8aac351ce1cb65f8602f41e23130c24221c,379,5.5195611416499295,321.37293243408203,33,28,84
hardened,1,j-reversible-sp-unigram-32k,kakikudashi,sha256:6469c7a2948509d0e469340d3dc7b8aac351ce1cb65f8602f41e23130c24221c,379,4.477519428462244,391.05107593536377,44,42,126
hardened,1,j-reversible-sp-unigram-32k,kanbun,sha256:55ac80df08c41262c4fbcc45fabdc0303231406fe8464f6f866397f8a9546d35,380,5.665862065500497,329.8912105560303,33,28,84
hardened,1,j-reversible-sp-unigram-32k,kakikudashi,sha256:55ac80df08c41262c4fbcc45fabdc0303231406fe8464f6f866397f8a9546d35,380,4.610956502326841,364.3521509170532,38,38,114
hardened,1,j-reversible-sp-unigram-32k,kanbun,sha256:eccb3d3596861966ea13e29754a2f2e78601514923b14daf562e80118bd040cf,381,4.832695684083038,281.38062858581543,30,28,84
hardened,1,j-reversible-sp-unigram-32k,kakikudashi,sha256:eccb3d3596861966ea13e29754a2f2e78601514923b14daf562e80118bd040cf,381,3.855841624746174,312.7018928527832,34,39,117
hardened,1,j-reversible-sp-unigram-32k,kanbun,sha256:a0fcecb1a878572791353b99abf72fbfd97acd739e9386fd139b25158623d3d6,384,5.685722196160332,331.0475540161133,33,28,84
hardened,1,j-reversible-sp-unigram-32k,kakikudashi,sha256:a0fcecb1a878572791353b99abf72fbfd97acd739e9386fd139b25158623d3d6,384,3.9474765004252825,418.63587760925293,46,51,153
hardened,1,j-reversible-sp-unigram-32k,kanbun,sha256:014d7b518ba9baa9de1d85e9b39e784316f705f7e938e9a951f0af81a4a0e354,386,5.149182662508301,299.80788135528564,32,28,84
hardened,1,j-reversible-sp-unigram-32k,kakikudashi,sha256:014d7b518ba9baa9de1d85e9b39e784316f705f7e938e9a951f0af81a4a0e354,386,4.4877056736891205,326.6172561645508,36,35,105
hardened,1,j-reversible-sp-unigram-32k,kanbun,sha256:bf7b40d2c0a7083d5276fcac9e06310b1d37b1e28e205505d4f889d68434ad0d,387,5.2397760962630935,305.08262634277344,31,28,84
hardened,1,j-reversible-sp-unigram-32k,kakikudashi,sha256:bf7b40d2c0a7083d5276fcac9e06310b1d37b1e28e205505d4f889d68434ad0d,387,3.6855083022045116,398.51755142211914,43,52,156
hardened,1,j-reversible-sp-unigram-32k,kanbun,sha256:3d8842a0f5e3cf4004328ce380b076d2c31d69854539e559ed40eaf7de40f7e7,390,4.66064127550657,271.36287021636963,27,28,84
hardened,1,j-reversible-sp-unigram-32k,kakikudashi,sha256:3d8842a0f5e3cf4004328ce380b076d2c31d69854539e559ed40eaf7de40f7e7,390,3.5262746298022414,329.97068786621094,35,45,135
hardened,1,j-reversible-sp-unigram-32k,kanbun,sha256:ed3f497d365c250e5997d486e45bbd37ea8306dd5fd5c90a22c4df25d16549f7,394,4.736799009685541,275.79710578918457,28,28,84
hardened,1,j-reversible-sp-unigram-32k,kakikudashi,sha256:ed3f497d365c250e5997d486e45bbd37ea8306dd5fd5c90a22c4df25d16549f7,394,3.260668053075181,352.57916736602783,37,52,156
hardened,1,j-reversible-sp-unigram-32k,kanbun,sha256:ae8c05ae56ffa85a82cdeca05e3afe1fd10a5cc9c87b250bbc23785048b699cd,395,4.418426560889919,257.2600727081299,26,28,84
hardened,1,j-reversible-sp-unigram-32k,kakikudashi,sha256:ae8c05ae56ffa85a82cdeca05e3afe1fd10a5cc9c87b250bbc23785048b699cd,395,3.243926316143625,357.514422416687,40,53,159
hardened,1,j-reversible-sp-unigram-32k,kanbun,sha256:836caaacaf482ff8c38b870413a64dba3c1d8124bc70f95bb66314d3f529a108,396,6.414094683754956,373.4565782546997,38,28,84
hardened,1,j-reversible-sp-unigram-32k,kakikudashi,sha256:836caaacaf482ff8c38b870413a64dba3c1d8124bc70f95bb66314d3f529a108,396,4.334509174572855,450.6679220199585,48,50,150
hardened,1,j-reversible-sp-unigram-32k,kanbun,sha256:96519f6e16c77d37de18372570dcc96f1836e00e3f5f3cb992193216a10b1a29,397,4.43539186319113,258.2478666305542,28,28,84
hardened,1,j-reversible-sp-unigram-32k,kakikudashi,sha256:96519f6e16c77d37de18372570dcc96f1836e00e3f5f3cb992193216a10b1a29,397,3.165790402104925,296.23842334747314,32,45,135
hardened,1,j-reversible-sp-unigram-32k,kanbun,sha256:e0f7d4b82ad6536a0d100d9d1559c821ca8a078dbb6aa729fbf2dd9028e2e908,398,5.077597619429771,295.6398878097534,29,28,84
hardened,1,j-reversible-sp-unigram-32k,kakikudashi,sha256:e0f7d4b82ad6536a0d100d9d1559c821ca8a078dbb6aa729fbf2dd9028e2e908,398,4.1650981683133095,389.748517036438,41,45,135
hardened,1,j-reversible-sp-unigram-32k,kanbun,sha256:71345211ec3ba323c2f3fea96d80860d327b842b3d46c17c4ab28e9c8f26ef4b,446,4.94404765201522,308.425742149353,30,30,90
hardened,1,j-reversible-sp-unigram-32k,kakikudashi,sha256:71345211ec3ba323c2f3fea96d80860d327b842b3d46c17c4ab28e9c8f26ef4b,446,3.7410137383242383,412.29862689971924,43,53,159
hardened,1,j-reversible-sp-unigram-32k,kanbun,sha256:9100a9d34da88fd774602b05c6ee90111876201854176c82b281df6d57a5a5bf,13,5.190363046706217,647.5833921432495,63,60,180
hardened,1,j-reversible-sp-unigram-32k,kakikudashi,sha256:9100a9d34da88fd774602b05c6ee90111876201854176c82b281df6d57a5a5bf,13,3.6063292409840195,854.9031953811646,91,114,342
hardened,1,j-reversible-sp-unigram-32k,kanbun,sha256:37e41b45f0a4183f9f226c73d0b4017a78425c8da65bcfe34480e6f688ded206,57,5.4242961638647476,5369.045226097107,532,476,1428
hardened,1,j-reversible-sp-unigram-32k,kakikudashi,sha256:37e41b45f0a4183f9f226c73d0b4017a78425c8da65bcfe34480e6f688ded206,57,4.117539097511905,6361.701113700867,682,743,2229
hardened,1,j-reversible-sp-unigram-32k,kanbun,sha256:6e1cd63b15f93f8ceabc67586351fb8825b5605482df3f7b4c47790860960bd7,134,4.897899085262326,295.3619499206543,31,29,87
hardened,1,j-reversible-sp-unigram-32k,kakikudashi,sha256:6e1cd63b15f93f8ceabc67586351fb8825b5605482df3f7b4c47790860960bd7,134,3.4469041458282264,415.72286891937256,46,58,174
hardened,1,j-reversible-sp-unigram-32k,kanbun,sha256:f210cb062afab635a3aebbe9d65a845191038025db1ba590476a534d9e4b65af,217,5.344621529456282,1100.2689752578735,109,99,297
hardened,1,j-reversible-sp-unigram-32k,kakikudashi,sha256:f210cb062afab635a3aebbe9d65a845191038025db1ba590476a534d9e4b65af,217,3.7647289032309827,1338.6792583465576,143,171,513
hardened,1,j-reversible-sp-unigram-32k,kanbun,sha256:384a2829117df294f918e0e3292aaeb2ceb26f82fe95b69531292e41d596fcdb,417,6.179040078617566,513.9581050872803,50,40,120
hardened,1,j-reversible-sp-unigram-32k,kakikudashi,sha256:384a2829117df294f918e0e3292aaeb2ceb26f82fe95b69531292e41d596fcdb,417,4.414492295403663,624.2181491851807,64,68,204
hardened,1,j-reversible-sp-unigram-32k,kanbun,sha256:fcce7557f2d919d4d0ab9666c2a16d44fa53dc0c35a78ed6945b85b1367d4146,428,5.333760300651977,443.6497097015381,46,40,120
hardened,1,j-reversible-sp-unigram-32k,kakikudashi,sha256:fcce7557f2d919d4d0ab9666c2a16d44fa53dc0c35a78ed6945b85b1367d4146,428,4.148348606250795,534.8274021148682,57,62,186
hardened,1,j-reversible-sp-unigram-32k,kanbun,sha256:66be6d209047c20bf16ed7e709147176ce8d974b4814dc9bb1808e1b9003a4c3,432,5.001104428995467,415.9801721572876,40,40,120
hardened,1,j-reversible-sp-unigram-32k,kakikudashi,sha256:66be6d209047c20bf16ed7e709147176ce8d974b4814dc9bb1808e1b9003a4c3,432,3.9256830483413183,497.9569330215454,51,61,183
hardened,1,j-reversible-sp-unigram-32k,kanbun,sha256:8952801954f78ca62cdeb76b00e9976739ee20e4a31fb68734b7fef676634790,433,5.433873236200827,451.9768695831299,44,40,120
hardened,1,j-reversible-sp-unigram-32k,kakikudashi,sha256:8952801954f78ca62cdeb76b00e9976739ee20e4a31fb68734b7fef676634790,433,3.9020304837546846,567.983099937439,63,70,210
hardened,1,j-reversible-sp-unigram-32k,kanbun,sha256:976c593d798c11b05704cbc42adbad4e4c52a73c3def579dad8fb18d1ac52a6d,438,4.7631228625885536,396.18542194366455,39,40,120
hardened,1,j-reversible-sp-unigram-32k,kakikudashi,sha256:976c593d798c11b05704cbc42adbad4e4c52a73c3def579dad8fb18d1ac52a6d,438,3.1228956594671926,577.9552278518677,65,89,267
hardened,1,j-reversible-sp-unigram-32k,kanbun,sha256:1d462ae5e9da2fcffab98988325fe94a152555eadb42c0f9483fa915caa8b4de,37,5.6726690315372315,943.6786909103394,93,80,240
hardened,1,j-reversible-sp-unigram-32k,kakikudashi,sha256:1d462ae5e9da2fcffab98988325fe94a152555eadb42c0f9483fa915caa8b4de,37,3.802054220568913,1249.1716194152832,134,158,474
hardened,1,j-reversible-sp-unigram-32k,kanbun,sha256:c6fedba6d584e75c829082a67d2ee059e215a162bc29488af48dadcb3b48695a,81,5.683681736662945,661.8574991226196,66,56,168
hardened,1,j-reversible-sp-unigram-32k,kakikudashi,sha256:c6fedba6d584e75c829082a67d2ee059e215a162bc29488af48dadcb3b48695a,81,4.310821983640066,788.8410034179688,88,88,264
hardened,1,j-reversible-sp-unigram-32k,kanbun,sha256:7f1acba73dbb590f2059350b81b6452ea01874038280fd90c87628f586c00cfd,103,5.037202686550066,586.5758371353149,57,56,168
hardened,1,j-reversible-sp-unigram-32k,kakikudashi,sha256:7f1acba73dbb590f2059350b81b6452ea01874038280fd90c87628f586c00cfd,103,3.9166292626978225,741.1405448913574,79,91,273
hardened,1,j-reversible-sp-unigram-32k,kanbun,sha256:c391898daeab8372fb8199bbd41e708d8b04b33d1984080480949e3511a584bd,104,5.0204559250602,584.6256980895996,58,56,168
hardened,1,j-reversible-sp-unigram-32k,kakikudashi,sha256:c391898daeab8372fb8199bbd41e708d8b04b33d1984080480949e3511a584bd,104,4.0895986633238754,688.8305892944336,74,81,243
hardened,1,j-reversible-sp-unigram-32k,kanbun,sha256:49f02e00aefd621557e789f30a22273b497c62377cdb20a7308eb042a223a0c9,110,5.142361617644181,598.821460723877,60,56,168
hardened,1,j-reversible-sp-unigram-32k,kakikudashi,sha256:49f02e00aefd621557e789f30a22273b497c62377cdb20a7308eb042a223a0c9,110,3.8787155622587584,758.1628532409668,84,94,282
hardened,1,j-reversible-sp-unigram-32k,kanbun,sha256:c3b29a274f6ee071fbe02e89e38bae7e2a961492db2382eb5f98bacb15565fab,124,5.550851165579256,646.3895483016968,65,56,168
hardened,1,j-reversible-sp-unigram-32k,kakikudashi,sha256:c3b29a274f6ee071fbe02e89e38bae7e2a961492db2382eb5f98bacb15565fab,124,4.222511175728737,728.7786073684692,77,83,249
hardened,1,j-reversible-sp-unigram-32k,kanbun,sha256:9beed968afd17741e87149d0ebe3868b9aad034dcf2a2aa1dce8f8b630cc0bd1,153,4.960261817085917,206.29148960113525,20,20,60
hardened,1,j-reversible-sp-unigram-32k,kakikudashi,sha256:9beed968afd17741e87149d0ebe3868b9aad034dcf2a2aa1dce8f8b630cc0bd1,153,3.189350212448595,265.2826929092407,27,40,120
hardened,1,j-reversible-sp-unigram-32k,kanbun,sha256:1bdc76492ee87575f06f81fed47e66616f04a17174f37cb9e9b56f2e51f6058a,169,5.506484747084487,229.00826263427734,22,20,60
hardened,1,j-reversible-sp-unigram-32k,kakikudashi,sha256:1bdc76492ee87575f06f81fed47e66616f04a17174f37cb9e9b56f2e51f6058a,169,3.841483448817623,287.5730495452881,32,36,108
hardened,1,j-reversible-sp-unigram-32k,kanbun,sha256:ec1d71629897d032d200bc0c57750145d04d86acc0a6396c648a042829924aea,187,4.975151387067015,206.91072940826416,20,20,60
hardened,1,j-reversible-sp-unigram-32k,kakikudashi,sha256:ec1d71629897d032d200bc0c57750145d04d86acc0a6396c648a042829924aea,187,4.2023140598532,253.41552639007568,26,29,87
hardened,1,j-reversible-sp-unigram-32k,kanbun,sha256:0229116fc57ac9d156b7b050ed0b3d8d32973da148d5caedf78e34865dfcf6bc,211,4.625879388666375,192.38491535186768,20,20,60
hardened,1,j-reversible-sp-unigram-32k,kakikudashi,sha256:0229116fc57ac9d156b7b050ed0b3d8d32973da148d5caedf78e34865dfcf6bc,211,3.7143989931640373,239.44014263153076,27,31,93
hardened,1,j-reversible-sp-unigram-32k,kanbun,sha256:f1f6ff8fc59c4bdf2a0c7d89a59ce1297591ca2585ddd9a740f565903454591c,214,5.139564278879647,213.74846935272217,20,20,60
hardened,1,j-reversible-sp-unigram-32k,kakikudashi,sha256:f1f6ff8fc59c4bdf2a0c7d89a59ce1297591ca2585ddd9a740f565903454591c,214,3.3665090464856027,301.01972675323486,32,43,129
hardened,1,j-reversible-sp-unigram-32k,kanbun,sha256:f9e6b50f8fab92d523315a94e9ac2b6a97d4de417458d64ce2b8d3b137f12b75,224,4.525864483228517,263.5155773162842,27,28,84
hardened,1,j-reversible-sp-unigram-32k,kakikudashi,sha256:f9e6b50f8fab92d523315a94e9ac2b6a97d4de417458d64ce2b8d3b137f12b75,224,3.456999619064927,366.62005949020386,42,51,153
hardened,1,j-reversible-sp-unigram-32k,kanbun,sha256:be5128326818907c64a0de0aa20944748f8f995f9f475c0d205f6616c4437bb7,228,5.092639041901931,296.5156650543213,29,28,84
hardened,1,j-reversible-sp-unigram-32k,kakikudashi,sha256:be5128326818907c64a0de0aa20944748f8f995f9f475c0d205f6616c4437bb7,228,4.009089982020044,366.81340312957764,40,44,132
hardened,1,j-reversible-sp-unigram-32k,kanbun,sha256:ca92af2a8bc61ae0ed038296541d8177d788bfd267f5857643ae688a5962e783,229,4.828616976293776,281.1431484222412,28,28,84
hardened,1,j-reversible-sp-unigram-32k,kakikudashi,sha256:ca92af2a8bc61ae0ed038296541d8177d788bfd267f5857643ae688a5962e783,229,3.3761461624264975,351.02492904663086,38,50,150
hardened,1,j-reversible-sp-unigram-32k,kanbun,sha256:69b01b2daede497431a5d130a695d18f1235d869145fe59b5d92bd960a722364,230,4.737024667302773,275.8102445602417,27,28,84
hardened,1,j-reversible-sp-unigram-32k,kakikudashi,sha256:69b01b2daede497431a5d130a695d18f1235d869145fe59b5d92bd960a722364,230,3.2630068988719687,332.47637271881104,36,49,147
hardened,1,j-reversible-sp-unigram-32k,kanbun,sha256:d4b6bdac65f25e1d06547ce88e4c9810c1c705b41cc1bc9e1d075549ba3cd696,241,4.685763502007304,204.61919689178467,20,21,63
hardened,1,j-reversible-sp-unigram-32k,kakikudashi,sha256:d4b6bdac65f25e1d06547ce88e4c9810c1c705b41cc1bc9e1d075549ba3cd696,241,3.772058081619884,243.15700244903564,25,31,93
hardened,1,j-reversible-sp-unigram-32k,kanbun,sha256:f60ea7caa4cf25c42fa6d8ac30814d7c61d6959f972e21f71f7a4d57c45b2bb4,242,5.445791099940437,317.0777187347412,31,28,84
hardened,1,j-reversible-sp-unigram-32k,kakikudashi,sha256:f60ea7caa4cf25c42fa6d8ac30814d7c61d6959f972e21f71f7a4d57c45b2bb4,242,3.8532140701314486,384.6016035079956,40,48,144
hardened,1,j-reversible-sp-unigram-32k,kanbun,sha256:92962b2becc7cee570967487d785019a13b9cb591d3f50b25b2afcd1fe53f2c2,267,6.184843562739942,360.1085777282715,36,28,84
hardened,1,j-reversible-sp-unigram-32k,kakikudashi,sha256:92962b2becc7cee570967487d785019a13b9cb591d3f50b25b2afcd1fe53f2c2,267,4.263692466534558,416.7066640853882,45,47,141
hardened,1,j-reversible-sp-unigram-32k,kanbun,sha256:1db2d79ff29ec9c8f61636a1207403fe5c301755545cc3920d27ccf8c94c9442,283,4.537425468226216,264.1887083053589,27,28,84
hardened,1,j-reversible-sp-unigram-32k,kakikudashi,sha256:1db2d79ff29ec9c8f61636a1207403fe5c301755545cc3920d27ccf8c94c9442,283,3.2273864401251413,322.1357488632202,38,48,144
hardened,1,j-reversible-sp-unigram-32k,kanbun,sha256:5b6327eb9c50ed53f3079584bad4f486ca82a0efb5c51fd0b607d68fa979d8fd,305,4.580356088741292,266.68831634521484,27,28,84
hardened,1,j-reversible-sp-unigram-32k,kakikudashi,sha256:5b6327eb9c50ed53f3079584bad4f486ca82a0efb5c51fd0b607d68fa979d8fd,305,3.3699268767166277,378.40856075286865,44,54,162
hardened,1,j-reversible-sp-unigram-32k,kanbun,sha256:0bf633a5dc9bf7ac673d3599d8596c43ba77d4ea94b9469cf17de002f895f6c3,307,4.3889132078301545,255.54167652130127,26,28,84
hardened,1,j-reversible-sp-unigram-32k,kakikudashi,sha256:0bf633a5dc9bf7ac673d3599d8596c43ba77d4ea94b9469cf17de002f895f6c3,307,3.0959931906903697,347.6485900878906,39,54,162
hardened,1,j-reversible-sp-unigram-32k,kanbun,sha256:e66c9c522bbdb987b6e975cb5ac62c23f1a3340f2edb970afc57d26586920b73,308,4.383501159497003,255.22656345367432,26,28,84
hardened,1,j-reversible-sp-unigram-32k,kakikudashi,sha256:e66c9c522bbdb987b6e975cb5ac62c23f1a3340f2edb970afc57d26586920b73,308,3.2408943996778845,316.74477100372314,35,47,141
hardened,1,j-reversible-sp-unigram-32k,kanbun,sha256:22f44fef0442f74ec7e3a8019f0d5b5863c7412ab19972f024585da8f6ae00e5,313,5.4614449280633695,317.9891529083252,32,28,84
hardened,1,j-reversible-sp-unigram-32k,kakikudashi,sha256:22f44fef0442f74ec7e3a8019f0d5b5863c7412ab19972f024585da8f6ae00e5,313,3.8504112997822517,408.341965675354,44,51,153
hardened,1,j-reversible-sp-unigram-32k,kanbun,sha256:e4769a914ff8c9e3d6cad934898bf6a90ebb6992033d1756a9abab376ae5d9fd,337,5.491849888323106,319.7594623565674,32,28,84
hardened,1,j-reversible-sp-unigram-32k,kakikudashi,sha256:e4769a914ff8c9e3d6cad934898bf6a90ebb6992033d1756a9abab376ae5d9fd,337,4.2512001983401015,353.6048917770386,37,40,120
hardened,1,j-reversible-sp-unigram-32k,kanbun,sha256:54246f8567838836aa8f2dfa6cd0fa1a0615aa5a61094e0e6d22bd4e010af3b5,344,5.163927242925072,300.6663751602173,30,28,84
hardened,1,j-reversible-sp-unigram-32k,kakikudashi,sha256:54246f8567838836aa8f2dfa6cd0fa1a0615aa5a61094e0e6d22bd4e010af3b5,344,3.513528655658123,365.3088722229004,38,50,150
hardened,1,j-reversible-sp-unigram-32k,kanbun,sha256:964bfe91c38434748812e8b8b16787e3c98616914e921f9b879582ebbc22b7f4,351,6.441656721658031,375.0613603591919,37,28,84
hardened,1,j-reversible-sp-unigram-32k,kakikudashi,sha256:964bfe91c38434748812e8b8b16787e3c98616914e921f9b879582ebbc22b7f4,351,3.9759641299445376,512.602668762207,57,62,186
hardened,1,j-reversible-sp-unigram-32k,kanbun,sha256:db3fdb4a7c74e76b8850dd288bfabc473e0bbcecc4a5f6ae7a46e3aef4ef15bc,361,4.997990502929295,291.0048141479492,30,28,84
hardened,1,j-reversible-sp-unigram-32k,kakikudashi,sha256:db3fdb4a7c74e76b8850dd288bfabc473e0bbcecc4a5f6ae7a46e3aef4ef15bc,361,3.1860008633028642,351.1304349899292,39,53,159
hardened,1,j-reversible-sp-unigram-32k,kanbun,sha256:7beffd8ab6e37ff02e514b4f5e7e27b31ab567e82347b63efb2870cfd85d2120,377,5.9756572644978885,347.9288387298584,34,28,84
hardened,1,j-reversible-sp-unigram-32k,kakikudashi,sha256:7beffd8ab6e37ff02e514b4f5e7e27b31ab567e82347b63efb2870cfd85d2120,377,4.110807834937215,435.9574136734009,45,51,153
hardened,1,j-reversible-sp-unigram-32k,kanbun,sha256:e62e8d1b5a1be2dbb714cc0f0b0d8503d6a659c6737858eeb90e06ab78241761,378,4.692736514017586,273.2315950393677,27,28,84
hardened,1,j-reversible-sp-unigram-32k,kakikudashi,sha256:e62e8d1b5a1be2dbb714cc0f0b0d8503d6a659c6737858eeb90e06ab78241761,378,3.482333332583253,362.0654296875,38,50,150
hardened,1,j-reversible-sp-unigram-32k,kanbun,sha256:ebfa9bb78878b7b86200084062c20b9a4ece85921e41296ea467c09d9a15c1b1,383,4.443351875445065,258.7113332748413,26,28,84
hardened,1,j-reversible-sp-unigram-32k,kakikudashi,sha256:ebfa9bb78878b7b86200084062c20b9a4ece85921e41296ea467c09d9a15c1b1,383,4.147783642318073,276.0023555755615,29,32,96
hardened,1,j-reversible-sp-unigram-32k,kanbun,sha256:cb2a8a3119275310a787147d26d5a1124462b3c321e829061f03ab4ac6121b90,385,4.795825552012067,279.23388862609863,29,28,84
hardened,1,j-reversible-sp-unigram-32k,kakikudashi,sha256:cb2a8a3119275310a787147d26d5a1124462b3c321e829061f03ab4ac6121b90,385,3.4390514888255965,343.262713432312,38,48,144
hardened,1,j-reversible-sp-unigram-32k,kanbun,sha256:535ff6b269a808c5e5d4784d77e49613744c3d107298fd16704eb1d0ae3dc8b7,388,4.455856062437996,259.43938159942627,27,28,84
hardened,1,j-reversible-sp-unigram-32k,kakikudashi,sha256:535ff6b269a808c5e5d4784d77e49613744c3d107298fd16704eb1d0ae3dc8b7,388,3.5926246443703573,306.2967700958252,33,41,123
hardened,1,j-reversible-sp-unigram-32k,kanbun,sha256:215977ec34040a8aadcca9036a7b8f0a836dce0d3aec6016d2715e724ae2d6a7,391,5.45091048293972,317.3757915496826,31,28,84
hardened,1,j-reversible-sp-unigram-32k,kakikudashi,sha256:215977ec34040a8aadcca9036a7b8f0a836dce0d3aec6016d2715e724ae2d6a7,391,3.4470753298470096,351.2315902709961,37,49,147
hardened,1,j-reversible-sp-unigram-32k,kanbun,sha256:e1462673503c6f46a9b178f0c5bed3bd7182b2b5ed046517d8691e7372bc1ee1,392,4.716409270736849,274.6099262237549,28,28,84
hardened,1,j-reversible-sp-unigram-32k,kakikudashi,sha256:e1462673503c6f46a9b178f0c5bed3bd7182b2b5ed046517d8691e7372bc1ee1,392,3.580450665531898,357.37621688842773,39,48,144
hardened,1,j-reversible-sp-unigram-32k,kanbun,sha256:aacc5122dd14a93c28b61f0916e1aff1d20f56bd5d6a0cd4fd2b767b82852a03,0,5.732533583899037,1192.0468473434448,117,100,300
hardened,1,j-reversible-sp-unigram-32k,kakikudashi,sha256:aacc5122dd14a93c28b61f0916e1aff1d20f56bd5d6a0cd4fd2b767b82852a03,0,4.200149928296506,1537.1780586242676,168,176,528
hardened,1,j-reversible-sp-unigram-32k,kanbun,sha256:86c9c4dca0127039f1ae50c558904b59fbd4edc03012923694b9ff7998751210,89,5.531386996309258,322.06148529052734,33,28,84
hardened,1,j-reversible-sp-unigram-32k,kakikudashi,sha256:86c9c4dca0127039f1ae50c558904b59fbd4edc03012923694b9ff7998751210,89,3.054546413533858,349.3462886810303,40,55,165
hardened,1,j-reversible-sp-unigram-32k,kanbun,sha256:87bc3920a414557db574f9eaf2e17fd70735979bc5ffedf6d561fbd6bea78a45,100,5.013501757434662,583.8158941268921,58,56,168
hardened,1,j-reversible-sp-unigram-32k,kakikudashi,sha256:87bc3920a414557db574f9eaf2e17fd70735979bc5ffedf6d561fbd6bea78a45,100,3.6924712764928507,790.8626508712769,85,103,309
hardened,1,j-reversible-sp-unigram-32k,kanbun,sha256:c2c3ee696b5b493e537c49dadd14b04b067ebe32fa96f36b078c1d6c5be6f756,163,5.07030593175709,1328.4690027236938,132,126,378
hardened,1,j-reversible-sp-unigram-32k,kakikudashi,sha256:c2c3ee696b5b493e537c49dadd14b04b067ebe32fa96f36b078c1d6c5be6f756,163,3.61534788522333,1729.1180534362793,186,230,690
hardened,1,j-reversible-sp-unigram-32k,kanbun,sha256:88362c9b02b3036094ebff13f879919608f9de1d43cb3e7077cbc826a69b3f8e,249,4.394468607797625,511.7302722930908,52,56,168
hardened,1,j-reversible-sp-unigram-32k,kakikudashi,sha256:88362c9b02b3036094ebff13f879919608f9de1d43cb3e7077cbc826a69b3f8e,249,3.166867926543604,671.7023057937622,74,102,306
hardened,1,j-reversible-sp-unigram-32k,kanbun,sha256:a2d102ad8170a1ea7416667b7226955d7fe7d42a70e2083e50f7fac9a559fd5a,315,5.0199308756765335,876.8468351364136,90,84,252
hardened,1,j-reversible-sp-unigram-32k,kakikudashi,sha256:a2d102ad8170a1ea7416667b7226955d7fe7d42a70e2083e50f7fac9a559fd5a,315,3.7385457388690093,1103.9203987121582,117,142,426
hardened,1,j-reversible-sp-unigram-32k,kanbun,sha256:fa6cc111cd2ef421711faa1460ebc8ce838fdf13293855c223b6e74434edff05,349,5.039641621659853,2640.869316101074,271,252,756
hardened,1,j-reversible-sp-unigram-32k,kakikudashi,sha256:fa6cc111cd2ef421711faa1460ebc8ce838fdf13293855c223b6e74434edff05,349,3.6446464893685713,3304.369581222534,361,436,1308
hardened,1,j-reversible-sp-unigram-32k,kanbun,sha256:2095bc33187d6f3979e02211a3b227ce1dd28cb684fbc1a054587a1572e4e3b4,408,5.416952092492637,450.56940841674805,45,40,120
hardened,1,j-reversible-sp-unigram-32k,kakikudashi,sha256:2095bc33187d6f3979e02211a3b227ce1dd28cb684fbc1a054587a1572e4e3b4,408,4.146076870289646,594.8851890563965,63,69,207
hardened,1,j-reversible-sp-unigram-32k,kanbun,sha256:4407f3d844541f2fb9d8b6d645132e11ab661a4288b1422293ccb9f28d2675a2,409,5.544878819062684,461.210054397583,45,40,120
hardened,1,j-reversible-sp-unigram-32k,kakikudashi,sha256:4407f3d844541f2fb9d8b6d645132e11ab661a4288b1422293ccb9f28d2675a2,409,3.9099167053651978,617.9136848449707,69,76,228
hardened,1,j-reversible-sp-unigram-32k,kanbun,sha256:d424c3774ec17385aaab9fa7645d5796a51c6f7ff14faacd6656efa2788d52f8,425,4.926237285387171,409.75289821624756,42,40,120
hardened,1,j-reversible-sp-unigram-32k,kakikudashi,sha256:d424c3774ec17385aaab9fa7645d5796a51c6f7ff14faacd6656efa2788d52f8,425,3.8497695556762856,496.3329858779907,55,62,186
hardened,1,j-reversible-sp-unigram-32k,kanbun,sha256:91a9fc3f3bf6f759c805d8991ec615e476b531e2d18733983b45d55fa3050bdc,427,4.657536177883142,387.40296840667725,40,40,120
hardened,1,j-reversible-sp-unigram-32k,kakikudashi,sha256:91a9fc3f3bf6f759c805d8991ec615e476b531e2d18733983b45d55fa3050bdc,427,3.7286492590925415,457.45698165893555,51,59,177
hardened,1,j-reversible-sp-unigram-32k,kanbun,sha256:05554bc9b8e804ebbb02cfc07924513e935f5384702576a7b045942bcc776571,430,5.591121388106066,465.0564031600952,46,40,120
hardened,1,j-reversible-sp-unigram-32k,kakikudashi,sha256:05554bc9b8e804ebbb02cfc07924513e935f5384702576a7b045942bcc776571,430,4.23319859974375,554.569408416748,61,63,189
hardened,1,j-reversible-sp-unigram-32k,kanbun,sha256:dd88113ccc60b7699d2c9347a398c5a7acd779379d3a65044cdfec0f7a53ca47,431,5.50373058251704,457.7874402999878,45,40,120
hardened,1,j-reversible-sp-unigram-32k,kakikudashi,sha256:dd88113ccc60b7699d2c9347a398c5a7acd779379d3a65044cdfec0f7a53ca47,431,4.304061834157648,545.9527435302734,57,61,183
hardened,1,j-reversible-sp-unigram-32k,kanbun,sha256:b004000bb7c65a514d4447f566f6d669a14b0e75e76ad73b89ec148382406328,434,5.106672631298665,424.76108837127686,42,40,120
hardened,1,j-reversible-sp-unigram-32k,kakikudashi,sha256:b004000bb7c65a514d4447f566f6d669a14b0e75e76ad73b89ec148382406328,434,3.774755197983365,549.4567937850952,60,70,210
hardened,1,j-reversible-sp-unigram-32k,kanbun,sha256:eab5a1ee862005a36aabd8128fab3ca66f14360f68d43eb46be2cfb47469b2cd,447,4.930956099499505,410.1453981399536,41,40,120
hardened,1,j-reversible-sp-unigram-32k,kakikudashi,sha256:eab5a1ee862005a36aabd8128fab3ca66f14360f68d43eb46be2cfb47469b2cd,447,3.7119118075027844,517.1531419754028,57,67,201
hardened,1,j-reversible-sp-unigram-32k,kanbun,sha256:8215e571653d767b252e7ae8725974a13373db12bf182977ca33c96ba5ee6b80,450,5.771135858074368,480.02958583831787,47,40,120
hardened,1,j-reversible-sp-unigram-32k,kakikudashi,sha256:8215e571653d767b252e7ae8725974a13373db12bf182977ca33c96ba5ee6b80,450,4.479441947717436,558.8842601776123,57,60,180
hardened,1,j-reversible-sp-unigram-32k,kanbun,sha256:f7436097f1cf75a3137b5e899d5dc6e5b933a514de2be41598bc747649b46bd8,4,5.292207950738846,440.1934823989868,44,40,120
hardened,1,j-reversible-sp-unigram-32k,kakikudashi,sha256:f7436097f1cf75a3137b5e899d5dc6e5b933a514de2be41598bc747649b46bd8,4,3.806651059862547,585.7624177932739,63,74,222
hardened,1,j-reversible-sp-unigram-32k,kanbun,sha256:d849179ec7b142b2d9eb33ad8eb59461b6c686a0ca5659c9b6ec0c8b0dc73cf1,17,4.94290691020123,616.7091579437256,62,60,180
hardened,1,j-reversible-sp-unigram-32k,kakikudashi,sha256:d849179ec7b142b2d9eb33ad8eb59461b6c686a0ca5659c9b6ec0c8b0dc73cf1,17,4.127122654488106,746.6435956954956,79,87,261
hardened,1,j-reversible-sp-unigram-32k,kanbun,sha256:17672397b016991e757a866468203dc56a37ad82f5134adf2459846a3cedb669,31,6.439027048779823,1071.1664266586304,106,80,240
hardened,1,j-reversible-sp-unigram-32k,kakikudashi,sha256:17672397b016991e757a866468203dc56a37ad82f5134adf2459846a3cedb669,31,4.342940142175303,1291.417290687561,137,143,429
hardened,1,j-reversible-sp-unigram-32k,kanbun,sha256:993cf16ce411260e37f115ed6283350dd03253978bb9dafabd3b6ef85c86612d,38,5.282680875484016,1098.5026063919067,109,100,300
hardened,1,j-reversible-sp-unigram-32k,kakikudashi,sha256:993cf16ce411260e37f115ed6283350dd03253978bb9dafabd3b6ef85c86612d,38,3.8188619671556543,1421.4569387435913,156,179,537
hardened,1,j-reversible-sp-unigram-32k,kanbun,sha256:4c02892fa00fda9a82e65f5f9943d005b963874eb0a1bb42580237d0229d800a,65,5.055552006949622,588.712592124939,60,56,168
hardened,1,j-reversible-sp-unigram-32k,kakikudashi,sha256:4c02892fa00fda9a82e65f5f9943d005b963874eb0a1bb42580237d0229d800a,65,3.473602455075637,794.546856880188,93,110,330
hardened,1,j-reversible-sp-unigram-32k,kanbun,sha256:ebaf0a12c2adc7099504c6b86bc708e24aceb7691b4ff10637999dc94e4f54eb,82,6.924097671102758,806.3023548126221,81,56,168
hardened,1,j-reversible-sp-unigram-32k,kakikudashi,sha256:ebaf0a12c2adc7099504c6b86bc708e24aceb7691b4ff10637999dc94e4f54eb,82,4.989416226330101,954.5183420181274,103,92,276
hardened,1,j-reversible-sp-unigram-32k,kanbun,sha256:5b1999b0cac33e1542758e3b59d9c473b5fd370a2b0e632b3b27ca873479c6c6,84,5.479699256712099,638.1039991378784,64,56,168
hardened,1,j-reversible-sp-unigram-32k,kakikudashi,sha256:5b1999b0cac33e1542758e3b59d9c473b5fd370a2b0e632b3b27ca873479c6c6,84,3.6694011889267713,877.4851055145264,99,115,345
hardened,1,j-reversible-sp-unigram-32k,kanbun,sha256:cc8beb8808cee6f397a4c7e5703b64ad374667e09e452594277ad614a4113104,95,5.547302573837153,645.9763193130493,64,56,168
hardened,1,j-reversible-sp-unigram-32k,kakikudashi,sha256:cc8beb8808cee6f397a4c7e5703b64ad374667e09e452594277ad614a4113104,95,3.9551862196311727,838.9070100784302,93,102,306
hardened,1,j-reversible-sp-unigram-32k,kanbun,sha256:042ab8718b1edb4db8fa7b7b4ef51267d51b3bbfa609b7c2fb0a488b010a293d,116,5.785316907033882,673.6927852630615,67,56,168
hardened,1,j-reversible-sp-unigram-32k,kakikudashi,sha256:042ab8718b1edb4db8fa7b7b4ef51267d51b3bbfa609b7c2fb0a488b010a293d,116,4.116523645740621,821.7667465209961,90,96,288
hardened,1,j-reversible-sp-unigram-32k,kanbun,sha256:6de762fbae5cdea909bda4906ad245f5cc75f692374795ca0623fcce53a55e9d,117,5.0571784304995315,588.9019870758057,59,56,168
hardened,1,j-reversible-sp-unigram-32k,kakikudashi,sha256:6de762fbae5cdea909bda4906ad245f5cc75f692374795ca0623fcce53a55e9d,117,3.589514658530901,709.0976600646973,78,95,285
hardened,1,j-reversible-sp-unigram-32k,kanbun,sha256:52d4e6ff51fc2e69153746cda5f4f5a39ff0d586927a0846b5def92686809376,140,5.711625739843935,665.1115427017212,66,56,168
hardened,1,j-reversible-sp-unigram-32k,kakikudashi,sha256:52d4e6ff51fc2e69153746cda5f4f5a39ff0d586927a0846b5def92686809376,140,4.249954649951237,777.7028379440308,82,88,264
hardened,1,j-reversible-sp-unigram-32k,kanbun,sha256:7edc75ccf8b006bfee320f69fd21cb73bbf58dfcd8e465869abdf29c33953c86,149,5.415567907325433,225.2271375656128,23,20,60
hardened,1,j-reversible-sp-unigram-32k,kakikudashi,sha256:7edc75ccf8b006bfee320f69fd21cb73bbf58dfcd8e465869abdf29c33953c86,149,3.7389945268602496,264.35069847106934,28,34,102
hardened,1,j-reversible-sp-unigram-32k,kanbun,sha256:d7d8f505d3d800f8b06b5904e82f03d762ec23c0c9a1869136f46caf102f2c7b,152,5.433011259154703,225.95258617401123,21,20,60
hardened,1,j-reversible-sp-unigram-32k,kakikudashi,sha256:d7d8f505d3d800f8b06b5904e82f03d762ec23c0c9a1869136f46caf102f2c7b,152,3.8259602121164398,294.36684226989746,32,37,111
hardened,1,j-reversible-sp-unigram-32k,kanbun,sha256:4cfce05a50c6c27787ce5282083e079a6b4dacc0a17d46e4c5637c4f2999408b,159,4.553681874419873,189.38230514526367,20,20,60
hardened,1,j-reversible-sp-unigram-32k,kakikudashi,sha256:4cfce05a50c6c27787ce5282083e079a6b4dacc0a17d46e4c5637c4f2999408b,159,3.222281163798054,214.41744995117188,23,32,96
hardened,1,j-reversible-sp-unigram-32k,kanbun,sha256:b81eee34499968e2ce987a320a443a984cbb6eb55e24690490b083ecfa2d6c5e,179,4.3319600064459305,180.16115188598633,18,20,60
hardened,1,j-reversible-sp-unigram-32k,kakikudashi,sha256:b81eee34499968e2ce987a320a443a984cbb6eb55e24690490b083ecfa2d6c5e,179,3.084328568220931,237.30619525909424,26,37,111
hardened,1,j-reversible-sp-unigram-32k,kanbun,sha256:955384079b4cf87e3e9c30e0ba87152d4db31178c42f5276179131094cdc11c5,215,5.788916811847282,240.75428199768066,24,20,60
hardened,1,j-reversible-sp-unigram-32k,kakikudashi,sha256:955384079b4cf87e3e9c30e0ba87152d4db31178c42f5276179131094cdc11c5,215,3.7609546993515823,289.3653612136841,30,37,111
hardened,1,j-reversible-sp-unigram-32k,kanbun,sha256:9bb8ba0d8cf2ad6f8497915f809b3e2670e27464e6d8aeee94804444c0d21c55,218,5.277942142177267,307.30482006073,32,28,84
hardened,1,j-reversible-sp-unigram-32k,kakikudashi,sha256:9bb8ba0d8cf2ad6f8497915f809b3e2670e27464e6d8aeee94804444c0d21c55,218,3.8512551972927134,376.3976221084595,42,47,141
hardened,1,j-reversible-sp-unigram-32k,kanbun,sha256:ad956be81d174cb25b3d89f0f335c67b00d3da32c475addd0b99e374b8175da2,263,5.491203577521164,319.7218313217163,31,28,84
hardened,1,j-reversible-sp-unigram-32k,kakikudashi,sha256:ad956be81d174cb25b3d89f0f335c67b00d3da32c475addd0b99e374b8175da2,263,3.5220890256048607,439.43869400024414,48,60,180
hardened,1,j-reversible-sp-unigram-32k,kanbun,sha256:75b04a7e467914ade7b81a7dbd0567f092dc7b294240cdc0a911449fa2eed8e3,284,5.123171302081906,298.2933864593506,30,28,84
hardened,1,j-reversible-sp-unigram-32k,kakikudashi,sha256:75b04a7e467914ade7b81a7dbd0567f092dc7b294240cdc0a911449fa2eed8e3,284,3.651668192605068,425.23211002349854,47,56,168
hardened,1,j-reversible-sp-unigram-32k,kanbun,sha256:31894b65cce53b847f0bbdf4266379e21c8e28ba6e740f0ebea69fdc4f808e6c,288,4.2902432886185435,249.7966833114624,26,28,84
hardened,1,j-reversible-sp-unigram-32k,kakikudashi,sha256:31894b65cce53b847f0bbdf4266379e21c8e28ba6e740f0ebea69fdc4f808e6c,288,3.4312293174401036,313.9417943954468,35,44,132
hardened,1,j-reversible-sp-unigram-32k,kanbun,sha256:17081afb209552d4294e87f5efd6594d01eeeb792541c4332b4a0cfff4becfda,290,5.526377321861925,321.7698001861572,33,28,84
hardened,1,j-reversible-sp-unigram-32k,kakikudashi,sha256:17081afb209552d4294e87f5efd6594d01eeeb792541c4332b4a0cfff4becfda,290,4.043077881414156,403.55251693725586,43,48,144
hardened,1,j-reversible-sp-unigram-32k,kanbun,sha256:0652e84601f21465239e3cdb72e18127be0ad1cae7ca187fe484a43b8404129e,295,4.867655711316327,283.4161539077759,29,28,84
hardened,1,j-reversible-sp-unigram-32k,kakikudashi,sha256:0652e84601f21465239e3cdb72e18127be0ad1cae7ca187fe484a43b8404129e,295,3.038303567741469,309.5807580947876,33,49,147
hardened,1,j-reversible-sp-unigram-32k,kanbun,sha256:e65a9c5fd6e9d20ea1287742a598a788ad345da529eb986561206ed8b6525930,298,5.056766818688466,294.42702770233154,30,28,84
hardened,1,j-reversible-sp-unigram-32k,kakikudashi,sha256:e65a9c5fd6e9d20ea1287742a598a788ad345da529eb986561206ed8b6525930,298,3.88582672847832,347.45502948760986,37,43,129
hardened,1,j-reversible-sp-unigram-32k,kanbun,sha256:5838bb07b453e8326ecde9bed1a68e120ebd0c10351d5b4f0cca67cda9f64860,302,4.922930460303931,286.6344909667969,29,28,84
hardened,1,j-reversible-sp-unigram-32k,kakikudashi,sha256:5838bb07b453e8326ecde9bed1a68e120ebd0c10351d5b4f0cca67cda9f64860,302,3.9152339837734025,358.22600841522217,38,44,132
hardened,1,j-reversible-sp-unigram-32k,kanbun,sha256:58f733bc6cbd287eb76188c05268a0fe9ff300e1bef90bcaacdecc02dfadb6db,306,5.336251353056694,310.69983673095703,30,28,84
hardened,1,j-reversible-sp-unigram-32k,kakikudashi,sha256:58f733bc6cbd287eb76188c05268a0fe9ff300e1bef90bcaacdecc02dfadb6db,306,3.7526769470992347,366.7631998062134,40,47,141
hardened,1,j-reversible-sp-unigram-32k,kanbun,sha256:407eeb8ace2d180c36fff5d7853f672bab8adbf3a4b1c3a66554ddc3a8d14f6b,316,4.607442176942579,268.2653865814209,27,28,84
hardened,1,j-reversible-sp-unigram-32k,kakikudashi,sha256:407eeb8ace2d180c36fff5d7853f672bab8adbf3a4b1c3a66554ddc3a8d14f6b,316,3.4896432464858935,362.8254566192627,40,50,150
hardened,1,j-reversible-sp-unigram-32k,kanbun,sha256:1c8795c587d422f9e6badec1be2c0f203662c336e9dc16e7d9da62094f60dd54,320,5.771687560401106,336.0528326034546,33,28,84
hardened,1,j-reversible-sp-unigram-32k,kakikudashi,sha256:1c8795c587d422f9e6badec1be2c0f203662c336e9dc16e7d9da62094f60dd54,320,4.007261220968519,391.6446762084961,40,47,141
hardened,1,j-reversible-sp-unigram-32k,kanbun,sha256:1f9f63a99ef6cbc57d5c80bdef37a7265023289a48ee5d0655f048f73ba0e5bb,322,4.740270340269156,275.9992218017578,27,28,84
hardened,1,j-reversible-sp-unigram-32k,kakikudashi,sha256:1f9f63a99ef6cbc57d5c80bdef37a7265023289a48ee5d0655f048f73ba0e5bb,322,3.291377896366701,335.3671684265137,35,49,147
hardened,1,j-reversible-sp-unigram-32k,kanbun,sha256:d1fcfa5db59009b0b864474ef4c1f16d10583bf1f85e0ba3a65738d29fffb1dd,340,4.5158663291481576,262.9334411621094,28,28,84
hardened,1,j-reversible-sp-unigram-32k,kakikudashi,sha256:d1fcfa5db59009b0b864474ef4c1f16d10583bf1f85e0ba3a65738d29fffb1dd,340,3.8125644631794393,309.1921920776367,35,39,117
hardened,1,j-reversible-sp-unigram-32k,kanbun,sha256:6639bedd74374987daa82adc5ac1b2a6ab82e22bb002607b321814be456b53c0,352,5.3320035289940835,310.4525098800659,30,28,84
hardened,1,j-reversible-sp-unigram-32k,kakikudashi,sha256:6639bedd74374987daa82adc5ac1b2a6ab82e22bb002607b321814be456b53c0,352,3.7722412057586734,400.051908493042,44,51,153
hardened,1,j-reversible-sp-unigram-32k,kanbun,sha256:d9bd1ab196ffa5be4cb918b3dffaae457e91718ad1514009a13c97be076315e9,389,5.039003631542351,293.39277744293213,30,28,84
hardened,1,j-reversible-sp-unigram-32k,kakikudashi,sha256:d9bd1ab196ffa5be4cb918b3dffaae457e91718ad1514009a13c97be076315e9,389,3.803653932995624,348.0169439315796,37,44,132
hardened,1,j-reversible-sp-unigram-48k,kanbun,sha256:8d1569a11318284af47fff60342c252edcefd144cdd148c9e68e36a421087bc1,1,5.809008201189806,603.974648475647,59,50,150
hardened,1,j-reversible-sp-unigram-48k,kakikudashi,sha256:8d1569a11318284af47fff60342c252edcefd144cdd148c9e68e36a421087bc1,1,4.044451961152023,782.1487321853638,80,93,279
hardened,1,j-reversible-sp-unigram-48k,kanbun,sha256:3ea142732fad6ace04e414b474638e26b2a71cbbd1abba9679f4da1e2a9c4ca0,111,5.9657903588410415,372.1653690338135,35,30,90
hardened,1,j-reversible-sp-unigram-48k,kakikudashi,sha256:3ea142732fad6ace04e414b474638e26b2a71cbbd1abba9679f4da1e2a9c4ca0,111,3.6470364705071314,424.69275188446045,42,56,168
hardened,1,j-reversible-sp-unigram-48k,kanbun,sha256:302b45f003b5597c93b3fe9a7d8ae3a5c1130611fa05d6c1a18344e093a51079,216,4.6227761872199205,288.38378524780273,27,30,90
hardened,1,j-reversible-sp-unigram-48k,kakikudashi,sha256:302b45f003b5597c93b3fe9a7d8ae3a5c1130611fa05d6c1a18344e093a51079,216,3.5479407514071384,368.88676929473877,36,50,150
hardened,1,j-reversible-sp-unigram-48k,kanbun,sha256:717465d4b85514af22effdea6dbace424ea78c1348817fb62512fcf56cd18b9b,326,5.588170701420372,813.4192008972168,78,70,210
hardened,1,j-reversible-sp-unigram-48k,kakikudashi,sha256:717465d4b85514af22effdea6dbace424ea78c1348817fb62512fcf56cd18b9b,326,3.908263166772596,1056.5106220245361,106,130,390
hardened,1,j-reversible-sp-unigram-48k,kanbun,sha256:fbe5ba23af164c70eb9c29d9db41474c90308d226f06ef9b625c2d993999c9c5,402,5.461750997124472,681.4435148239136,67,60,180
hardened,1,j-reversible-sp-unigram-48k,kakikudashi,sha256:fbe5ba23af164c70eb9c29d9db41474c90308d226f06ef9b625c2d993999c9c5,402,4.001219990720524,848.6709127426147,87,102,306
hardened,1,j-reversible-sp-unigram-48k,kanbun,sha256:59f6055d544b30698a8fbe7996b93846e0ac767a7cccc61eee9e2046f0126edb,413,5.994922303246103,997.2872381210327,98,80,240
hardened,1,j-reversible-sp-unigram-48k,kakikudashi,sha256:59f6055d544b30698a8fbe7996b93846e0ac767a7cccc61eee9e2046f0126edb,413,4.427850225443458,1233.7990636825562,127,134,402
hardened,1,j-reversible-sp-unigram-48k,kanbun,sha256:a4365ae1a10e6e66a78a392d59934c213231a5a10ba17389b4855d79fe33a9a0,424,4.910097313632057,306.3078098297119,30,30,90
hardened,1,j-reversible-sp-unigram-48k,kakikudashi,sha256:a4365ae1a10e6e66a78a392d59934c213231a5a10ba17389b4855d79fe33a9a0,424,3.2043544383859035,446.43893814086914,45,67,201
hardened,1,j-reversible-sp-unigram-48k,kanbun,sha256:55f1caeb87e2a0ba46d0287184c06df421ad3c3453ec64d07abb59c72d738bd9,435,5.715218659541023,1188.446310043335,115,100,300
hardened,1,j-reversible-sp-unigram-48k,kakikudashi,sha256:55f1caeb87e2a0ba46d0287184c06df421ad3c3453ec64d07abb59c72d738bd9,435,4.305495983482644,1396.6722440719604,144,156,468
hardened,1,j-reversible-sp-unigram-48k,kanbun,sha256:93dda650b27b3be7ee4b662c619cff8d66fc4e362b26278ed7d7e33f77f106cd,2,5.7113259821242295,1306.400535583496,128,110,330
hardened,1,j-reversible-sp-unigram-48k,kakikudashi,sha256:93dda650b27b3be7ee4b662c619cff8d66fc4e362b26278ed7d7e33f77f106cd,2,4.1040601696308485,1578.8183431625366,163,185,555
hardened,1,j-reversible-sp-unigram-48k,kanbun,sha256:8d45ab88cbae6bebf457d5c91095a0b40fc62587fa53ad7208d478c243ba0ef7,24,5.599917320396588,931.5760564804077,88,80,240
hardened,1,j-reversible-sp-unigram-48k,kakikudashi,sha256:8d45ab88cbae6bebf457d5c91095a0b40fc62587fa53ad7208d478c243ba0ef7,24,3.726322119117228,1146.8030138015747,119,148,444
hardened,1,j-reversible-sp-unigram-48k,kanbun,sha256:567bd56557d7fff24b8feeb440b9f49aa9e3045d837a4002f4795e6dde9751a1,35,5.292874924027842,770.43567943573,75,70,210
hardened,1,j-reversible-sp-unigram-48k,kakikudashi,sha256:567bd56557d7fff24b8feeb440b9f49aa9e3045d837a4002f4795e6dde9751a1,35,3.9780096535053073,943.0123920440674,97,114,342
hardened,1,j-reversible-sp-unigram-48k,kanbun,sha256:b4936462bfae473a417cb2a44cc32e1040d9b0b8ccc5b017f2af8eccb0f5903f,46,5.431504411047113,632.4917707443237,63,56,168
hardened,1,j-reversible-sp-unigram-48k,kakikudashi,sha256:b4936462bfae473a417cb2a44cc32e1040d9b0b8ccc5b017f2af8eccb0f5903f,46,4.313184076510144,771.3352165222168,82,86,258
hardened,1,j-reversible-sp-unigram-48k,kanbun,sha256:f6b2642e761897b8ebb8c391213d9f543eddf599fa9323948af4a771e217d8ea,68,5.107062223012691,2081.488119125366,205,196,588
hardened,1,j-reversible-sp-unigram-48k,kakikudashi,sha256:f6b2642e761897b8ebb8c391213d9f543eddf599fa9323948af4a771e217d8ea,68,3.9884497623351796,2579.3556661605835,270,311,933
hardened,1,j-reversible-sp-unigram-48k,kanbun,sha256:17055b5d153d91f39fdfbf0de39853d752877022aa33840b6cf7d4b4adbfc913,78,4.678217329149246,1770.5104608535767,178,182,546
hardened,1,j-reversible-sp-unigram-48k,kakikudashi,sha256:17055b5d153d91f39fdfbf0de39853d752877022aa33840b6cf7d4b4adbfc913,78,3.596734641955698,2206.3638315200806,234,295,885
hardened,1,j-reversible-sp-unigram-48k,kanbun,sha256:b43081f81735e7b2e52e036432244507a16968d5a5fb1f1feb48c809bea423b6,112,5.918069894832849,516.8637762069702,50,42,126
hardened,1,j-reversible-sp-unigram-48k,kakikudashi,sha256:b43081f81735e7b2e52e036432244507a16968d5a5fb1f1feb48c809bea423b6,112,3.7654994895820177,602.9204769134521,60,77,231
hardened,1,j-reversible-sp-unigram-48k,kanbun,sha256:b6b4b4a72cbdecc3290a1dde132945435b73a98d25b72c10b5124e197d908efd,123,5.625087588749405,982.5514278411865,95,84,252
hardened,1,j-reversible-sp-unigram-48k,kakikudashi,sha256:b6b4b4a72cbdecc3290a1dde132945435b73a98d25b72c10b5124e197d908efd,123,4.113923634474827,1223.316909790039,130,143,429
hardened,1,j-reversible-sp-unigram-48k,kanbun,sha256:ac200517388f2878b3db69087a15c8ef657d854cb2fddf975c2363d404fa70bb,144,5.725174380415432,928.6029043197632,90,78,234
hardened,1,j-reversible-sp-unigram-48k,kakikudashi,sha256:ac200517388f2878b3db69087a15c8ef657d854cb2fddf975c2363d404fa70bb,144,3.707793632900148,1102.5500354766846,113,143,429
hardened,1,j-reversible-sp-unigram-48k,kanbun,sha256:78ff91c48ff169f4948687ca5f5a48f61543b56d44e5b2628c10da96b6457a07,154,5.3328624758696925,1242.0100860595703,123,112,336
hardened,1,j-reversible-sp-unigram-48k,kakikudashi,sha256:78ff91c48ff169f4948687ca5f5a48f61543b56d44e5b2628c10da96b6457a07,154,3.586547840620767,1581.099513053894,166,212,636
hardened,1,j-reversible-sp-unigram-48k,kanbun,sha256:629e3ddc99d473db651a2e5809d4f5130824351a8cd54f3292ebc8232efe255e,173,5.1849665089746315,1660.402551651001,164,154,462
hardened,1,j-reversible-sp-unigram-48k,kakikudashi,sha256:629e3ddc99d473db651a2e5809d4f5130824351a8cd54f3292ebc8232efe255e,173,3.653698535293746,2089.3544416427612,222,275,825
hardened,1,j-reversible-sp-unigram-48k,kanbun,sha256:e9f3ef8a884ff644002ca6c634ef92ac62ca07c8c2f9f76d4e2c65d82c97fc88,184,5.158637413653275,1501.7918910980225,148,140,420
hardened,1,j-reversible-sp-unigram-48k,kakikudashi,sha256:e9f3ef8a884ff644002ca6c634ef92ac62ca07c8c2f9f76d4e2c65d82c97fc88,184,3.9370507573295352,1833.8581848144531,192,224,672
hardened,1,j-reversible-sp-unigram-48k,kanbun,sha256:214e9d97c49dbe65b4ad3da40efccc8a0047e21c028ac6b56c15271f5b46d5d4,195,5.482001868272242,2735.8805799484253,268,240,720
hardened,1,j-reversible-sp-unigram-48k,kakikudashi,sha256:214e9d97c49dbe65b4ad3da40efccc8a0047e21c028ac6b56c15271f5b46d5d4,195,3.980255439928679,3169.9793586730957,328,383,1149
hardened,1,j-reversible-sp-unigram-48k,kanbun,sha256:c72c7c44f5586c163926708194cbea9f7f607768593655b4d266d44474657ca1,206,5.379830320320713,3132.371943473816,305,280,840
hardened,1,j-reversible-sp-unigram-48k,kakikudashi,sha256:c72c7c44f5586c163926708194cbea9f7f607768593655b4d266d44474657ca1,206,3.8575615043314526,3858.3769216537476,400,481,1443
hardened,1,j-reversible-sp-unigram-48k,kanbun,sha256:941a1e0f9d0c78f267b64587eabae60f7d564302633155844a58b3a4e82ff987,227,4.58595537431345,801.0429935455322,80,84,252
hardened,1,j-reversible-sp-unigram-48k,kakikudashi,sha256:941a1e0f9d0c78f267b64587eabae60f7d564302633155844a58b3a4e82ff987,227,3.5568104303679293,1065.049828529358,114,144,432
hardened,1,j-reversible-sp-unigram-48k,kanbun,sha256:a4d584b1780e97112d864e7f007586e0a7d0a8dc05b63830a40d53a8e1ba9052,238,4.950744899126446,494.14966106414795,52,48,144
hardened,1,j-reversible-sp-unigram-48k,kakikudashi,sha256:a4d584b1780e97112d864e7f007586e0a7d0a8dc05b63830a40d53a8e1ba9052,238,3.370231417649696,602.705132484436,63,86,258
hardened,1,j-reversible-sp-unigram-48k,kanbun,sha256:34f453f58b7ee056a3d7fa035687f7f2f18b48dc9dac0a79902688a07f4191f2,260,5.883319221968049,1039.8915634155273,102,85,255
hardened,1,j-reversible-sp-unigram-48k,kakikudashi,sha256:34f453f58b7ee056a3d7fa035687f7f2f18b48dc9dac0a79902688a07f4191f2,260,4.0179908957326225,1178.0799827575684,119,141,423
hardened,1,j-reversible-sp-unigram-48k,kanbun,sha256:813f4461c8fdda05836461a31bfc1f99137381d7a7ecc0680210b3deb5d26764,271,5.554993520598755,970.3078804016113,94,84,252
hardened,1,j-reversible-sp-unigram-48k,kakikudashi,sha256:813f4461c8fdda05836461a31bfc1f99137381d7a7ecc0680210b3deb5d26764,271,3.998491551945933,1213.9358978271484,125,146,438
hardened,1,j-reversible-sp-unigram-48k,kanbun,sha256:a22789f72ecaec3c5ffe296f87367e40afd1e3403dbee80d44cfef007a2e4a73,282,4.593996925022042,363.0120258331299,36,38,114
hardened,1,j-reversible-sp-unigram-48k,kakikudashi,sha256:a22789f72ecaec3c5ffe296f87367e40afd1e3403dbee80d44cfef007a2e4a73,282,3.307522218099933,495.20153522491455,53,72,216
hardened,1,j-reversible-sp-unigram-48k,kanbun,sha256:4d54b3eeaf8dc7c6ae94ad1185757ab593a5588df80d1d412f074c37c263ada5,293,5.452915799920812,1020.5117673873901,102,90,270
hardened,1,j-reversible-sp-unigram-48k,kakikudashi,sha256:4d54b3eeaf8dc7c6ae94ad1185757ab593a5588df80d1d412f074c37c263ada5,293,3.7740052041914622,1310.5864744186401,135,167,501
hardened,1,j-reversible-sp-unigram-48k,kanbun,sha256:b5bc1b6d7d320042186415e766872622d44eb4ce2960e670ee4942f0cb73262c,304,4.798383644892021,698.4570798873901,68,70,210
hardened,1,j-reversible-sp-unigram-48k,kakikudashi,sha256:b5bc1b6d7d320042186415e766872622d44eb4ce2960e670ee4942f0cb73262c,304,3.428349222228568,955.2929401397705,97,134,402
hardened,1,j-reversible-sp-unigram-48k,kanbun,sha256:90814fafb8f02896bf8bfb177b5769128485abc9e28155ea539341c2089056ef,327,6.458419724085997,510.3364381790161,49,38,114
hardened,1,j-reversible-sp-unigram-48k,kakikudashi,sha256:90814fafb8f02896bf8bfb177b5769128485abc9e28155ea539341c2089056ef,327,4.457319404493952,611.7365188598633,63,66,198
hardened,1,j-reversible-sp-unigram-48k,kanbun,sha256:71f5a7fab68ad78b13c4ee04b52569df8c2a72071080675b09493aa09c691081,338,4.049605201749669,353.6785259246826,35,42,126
hardened,1,j-reversible-sp-unigram-48k,kakikudashi,sha256:71f5a7fab68ad78b13c4ee04b52569df8c2a72071080675b09493aa09c691081,338,3.312509047172691,516.6126689910889,56,75,225
hardened,1,j-reversible-sp-unigram-48k,kanbun,sha256:1a052b148550b6261be2755157046f5d9adb762bfde7971c19b33b2dfc7add42,360,5.036022916796864,617.8548002243042,61,59,177
hardened,1,j-reversible-sp-unigram-48k,kakikudashi,sha256:1a052b148550b6261be2755157046f5d9adb762bfde7971c19b33b2dfc7add42,360,3.907287547510614,731.2478437423706,74,90,270
hardened,1,j-reversible-sp-unigram-48k,kanbun,sha256:4d80d7cd7fc12a0999f584cb9184f18350659c541fdf768b536b85ea7e0afaac,371,5.665397418902939,7233.449724197388,698,614,1842
hardened,1,j-reversible-sp-unigram-48k,kakikudashi,sha256:4d80d7cd7fc12a0999f584cb9184f18350659c541fdf768b536b85ea7e0afaac,371,4.245608621314298,8537.15460395813,872,967,2901
hardened,1,j-reversible-sp-unigram-48k,kanbun,sha256:c83cd01c4e785556079a174bb83992914cce53149d4c26b84a3315aebde30f98,382,5.138004631581002,811.9977006912231,82,76,228
hardened,1,j-reversible-sp-unigram-48k,kakikudashi,sha256:c83cd01c4e785556079a174bb83992914cce53149d4c26b84a3315aebde30f98,382,3.7911686600441326,985.4392004013062,103,125,375
hardened,1,j-reversible-sp-unigram-48k,kanbun,sha256:dddb6e0f5e50fda4a4b8b752c640a6f8c7b6c367f432dd3121db6814f33c9514,393,5.921939636603616,492.573091506958,46,40,120
hardened,1,j-reversible-sp-unigram-48k,kakikudashi,sha256:dddb6e0f5e50fda4a4b8b752c640a6f8c7b6c367f432dd3121db6814f33c9514,393,4.308216558487436,564.3971223831177,56,63,189
hardened,1,j-reversible-sp-unigram-48k,kanbun,sha256:b2564ca600221221aeee66ea8a8b8b396f40506c248336d43c530f14627a5c2c,399,5.538672630192629,460.69383811950684,44,40,120
hardened,1,j-reversible-sp-unigram-48k,kakikudashi,sha256:b2564ca600221221aeee66ea8a8b8b396f40506c248336d43c530f14627a5c2c,399,3.92134838450263,603.4118900299072,63,74,222
hardened,1,j-reversible-sp-unigram-48k,kanbun,sha256:b08df4d1430db132c159d866df366865e4c52cb4ee20a9ca6b998bf584e877f1,400,5.581212332504363,464.23219108581543,46,40,120
hardened,1,j-reversible-sp-unigram-48k,kakikudashi,sha256:b08df4d1430db132c159d866df366865e4c52cb4ee20a9ca6b998bf584e877f1,400,3.9627956082085554,552.1069211959839,57,67,201
hardened,1,j-reversible-sp-unigram-48k,kanbun,sha256:fe4de7a336978380e094ddf198e2a35fe8014bdb0c1f241634f9f96d53a4cabc,401,5.215230339228752,433.79066467285156,41,40,120
hardened,1,j-reversible-sp-unigram-48k,kakikudashi,sha256:fe4de7a336978380e094ddf198e2a35fe8014bdb0c1f241634f9f96d53a4cabc,401,3.8328762354785404,510.0954923629761,50,64,192
hardened,1,j-reversible-sp-unigram-48k,kanbun,sha256:485aa18bbb1c2fb8e59b7d046786e96c0819b33705b1693f94e6d3914af44459,403,5.237550408174868,435.64719581604004,41,40,120
hardened,1,j-reversible-sp-unigram-48k,kakikudashi,sha256:485aa18bbb1c2fb8e59b7d046786e96c0819b33705b1693f94e6d3914af44459,403,3.9399116505502696,532.533037185669,56,65,195
hardened,1,j-reversible-sp-unigram-48k,kanbun,sha256:975367df5a7e4f36f09dd1296e154e1ac762e1b263d5ef02d278c57e5e38fb3b,404,5.249862542960546,436.67129039764404,42,40,120
hardened,1,j-reversible-sp-unigram-48k,kakikudashi,sha256:975367df5a7e4f36f09dd1296e154e1ac762e1b263d5ef02d278c57e5e38fb3b,404,3.6258524026595844,527.7823677062988,52,70,210
hardened,1,j-reversible-sp-unigram-48k,kanbun,sha256:ed2f3dc7b5d8907b2fd0586a6851812d3e3c6f445a0b393c0d9cac0cbb7323e3,405,6.188725556773147,514.7637205123901,50,40,120
hardened,1,j-reversible-sp-unigram-48k,kakikudashi,sha256:ed2f3dc7b5d8907b2fd0586a6851812d3e3c6f445a0b393c0d9cac0cbb7323e3,405,4.982876603146225,621.6960363388062,66,60,180
hardened,1,j-reversible-sp-unigram-48k,kanbun,sha256:b3d2fc22a3b6cc3de7c00d0a27cc67dc28fb932a0a04eab5ddba1bc71d9a0950,406,5.768178364151561,479.7835884094238,46,40,120
hardened,1,j-reversible-sp-unigram-48k,kakikudashi,sha256:b3d2fc22a3b6cc3de7c00d0a27cc67dc28fb932a0a04eab5ddba1bc71d9a0950,406,3.893663187543451,599.1517286300659,64,74,222
hardened,1,j-reversible-sp-unigram-48k,kanbun,sha256:bd865fb84f8310938425bf9ca4acbbbafbf0bd1a04007b82683e04c1ebe87959,407,5.5031502442599685,457.7391691207886,44,40,120
hardened,1,j-reversible-sp-unigram-48k,kakikudashi,sha256:bd865fb84f8310938425bf9ca4acbbbafbf0bd1a04007b82683e04c1ebe87959,407,3.6505692496729347,607.2916278839111,66,80,240
hardened,1,j-reversible-sp-unigram-48k,kanbun,sha256:897a7572b5e371449d906543570158641cf0675d06c6363fbab8167ed82dffc6,410,5.809228547655193,483.19804668426514,47,40,120
hardened,1,j-reversible-sp-unigram-48k,kakikudashi,sha256:897a7572b5e371449d906543570158641cf0675d06c6363fbab8167ed82dffc6,410,4.160247457521165,622.8713798522949,66,72,216
hardened,1,j-reversible-sp-unigram-48k,kanbun,sha256:89cf29f57b532d11edeabd844a981e5780979413f59157d0a8f268e78fd69596,411,6.579431856195367,547.2617568969727,52,40,120
hardened,1,j-reversible-sp-unigram-48k,kakikudashi,sha256:89cf29f57b532d11edeabd844a981e5780979413f59157d0a8f268e78fd69596,411,4.5469097152147775,661.8523063659668,68,70,210
hardened,1,j-reversible-sp-unigram-48k,kanbun,sha256:b14ed35a25e9d8eb112846f07902c8d3324236784a4d4dd4de004b8e20618901,412,5.57481718056305,463.70025730133057,45,40,120
hardened,1,j-reversible-sp-unigram-48k,kakikudashi,sha256:b14ed35a25e9d8eb112846f07902c8d3324236784a4d4dd4de004b8e20618901,412,3.8099471459422523,617.959864616394,70,78,234
hardened,1,j-reversible-sp-unigram-48k,kanbun,sha256:7678aebd1f89db54abc614da0a4a8985a83143119479d4d69c05aed595286fd9,414,4.735520965658729,393.8895606994629,40,40,120
hardened,1,j-reversible-sp-unigram-48k,kakikudashi,sha256:7678aebd1f89db54abc614da0a4a8985a83143119479d4d69c05aed595286fd9,414,3.1936082917153867,524.6328182220459,57,79,237
hardened,1,j-reversible-sp-unigram-48k,kanbun,sha256:8a089ea854da14c462df73a16fe997e42bab8a4a2630ac2132828f145a271942,415,5.310588608015319,441.7223424911499,44,40,120
hardened,1,j-reversible-sp-unigram-48k,kakikudashi,sha256:8a089ea854da14c462df73a16fe997e42bab8a4a2630ac2132828f145a271942,415,3.501383744840828,538.7882881164551,54,74,222
hardened,1,j-reversible-sp-unigram-48k,kanbun,sha256:8d7a1fe05ebc4ce228eec6b68cc118a9dfa4b781be277ce9ab626b7eb7745651,416,5.485849339927653,456.30012035369873,44,40,120
hardened,1,j-reversible-sp-unigram-48k,kakikudashi,sha256:8d7a1fe05ebc4ce228eec6b68cc118a9dfa4b781be277ce9ab626b7eb7745651,416,4.247678222396755,538.8007116317749,57,61,183
hardened,1,j-reversible-sp-unigram-48k,kanbun,sha256:17d9207f93dc30ca0162001a5264d55151b8c2f7765e1a4b2ac9fd6daafc712c,418,4.722176258502781,392.77957916259766,38,40,120
hardened,1,j-reversible-sp-unigram-48k,kakikudashi,sha256:17d9207f93dc30ca0162001a5264d55151b8c2f7765e1a4b2ac9fd6daafc712c,418,3.5588078360788344,473.6213026046753,47,64,192
hardened,1,j-reversible-sp-unigram-48k,kanbun,sha256:bdabffca05d086b70c2b1c68ce1c51f46b6f320e87c57a76e98c6edc5e90b45f,419,5.4659686614358645,454.64649200439453,45,40,120
hardened,1,j-reversible-sp-unigram-48k,kakikudashi,sha256:bdabffca05d086b70c2b1c68ce1c51f46b6f320e87c57a76e98c6edc5e90b45f,419,4.126678355812988,532.0335569381714,54,62,186
hardened,1,j-reversible-sp-unigram-48k,kanbun,sha256:f2e21d80f041a23fa269c5e29179c5e4517cbe8ab7fe1ec8c9f5e6d95ce2d804,420,5.012270402602735,416.90893173217773,40,40,120
hardened,1,j-reversible-sp-unigram-48k,kakikudashi,sha256:f2e21d80f041a23fa269c5e29179c5e4517cbe8ab7fe1ec8c9f5e6d95ce2d804,420,3.660872730633565,502.4296751022339,51,66,198
hardened,1,j-reversible-sp-unigram-48k,kanbun,sha256:b38283b944c94408e9879b95b6e456194232339ccd8abc618400398322e24578,421,5.439270074715922,452.42576599121094,44,40,120
hardened,1,j-reversible-sp-unigram-48k,kakikudashi,sha256:b38283b944c94408e9879b95b6e456194232339ccd8abc618400398322e24578,421,3.6766579019358034,565.7592430114746,59,74,222
hardened,1,j-reversible-sp-unigram-48k,kanbun,sha256:8c031950c89befbeaed3c287367127319fddb2b836c4aec6074f1cd02aa5cb38,422,5.340121182183728,444.1787929534912,44,40,120
hardened,1,j-reversible-sp-unigram-48k,kakikudashi,sha256:8c031950c89befbeaed3c287367127319fddb2b836c4aec6074f1cd02aa5cb38,422,4.1326408944575075,532.8022794723511,53,62,186
hardened,1,j-reversible-sp-unigram-48k,kanbun,sha256:53b872d73a6192e043450ba20360d3e4d9b75c0052bcc29f0521616c651fd724,423,5.52546339950352,459.59512519836426,44,40,120
hardened,1,j-reversible-sp-unigram-48k,kakikudashi,sha256:53b872d73a6192e043450ba20360d3e4d9b75c0052bcc29f0521616c651fd724,423,3.832622170207103,629.6073865890503,66,79,237
hardened,1,j-reversible-sp-unigram-48k,kanbun,sha256:7a34a37b12054d7fa4ce61c1cf5920cafb4d63fddd120fb8e58151f4b3feb9e7,426,5.268209044482557,438.19730949401855,43,40,120
hardened,1,j-reversible-sp-unigram-48k,kakikudashi,sha256:7a34a37b12054d7fa4ce61c1cf5920cafb4d63fddd120fb8e58151f4b3feb9e7,426,3.7022085130935705,538.8968324661255,55,70,210
hardened,1,j-reversible-sp-unigram-48k,kanbun,sha256:23883f684e4e07d2ffcf7a499f89df0e6d4a5e592975ff6ed214a767b5c45e22,429,4.9483736424656355,411.59414863586426,41,40,120
hardened,1,j-reversible-sp-unigram-48k,kakikudashi,sha256:23883f684e4e07d2ffcf7a499f89df0e6d4a5e592975ff6ed214a767b5c45e22,429,3.3250334470226894,497.8233127593994,49,72,216
hardened,1,j-reversible-sp-unigram-48k,kanbun,sha256:ccc9c81db1f2ea352c540648950e1a5c65f06ce3b85909053d54381535a692e2,436,5.393634226068254,448.6298828125,42,40,120
hardened,1,j-reversible-sp-unigram-48k,kakikudashi,sha256:ccc9c81db1f2ea352c540648950e1a5c65f06ce3b85909053d54381535a692e2,436,3.736247293064572,629.3139343261719,67,81,243
hardened,1,j-reversible-sp-unigram-48k,kanbun,sha256:047f1b9da4dc52b1f0640ab779855f6399ba998550e786f75c07895c9af07126,437,5.087255732688704,423.1460361480713,41,40,120
hardened,1,j-reversible-sp-unigram-48k,kakikudashi,sha256:047f1b9da4dc52b1f0640ab779855f6399ba998550e786f75c07895c9af07126,437,3.643934835467741,530.4144630432129,55,70,210
hardened,1,j-reversible-sp-unigram-48k,kanbun,sha256:deeae97473f0b6a0d94f32b8565a2da16c3e250a893989841cb9db262bcb7734,439,5.752960674203637,478.5178165435791,48,40,120
hardened,1,j-reversible-sp-unigram-48k,kakikudashi,sha256:deeae97473f0b6a0d94f32b8565a2da16c3e250a893989841cb9db262bcb7734,439,4.088083830814585,552.5605373382568,58,65,195
hardened,1,j-reversible-sp-unigram-48k,kanbun,sha256:a589e84cb0da2b4c9873494744fc8736c80ad02cb4b4baf06b01fe914b717b6d,440,5.287610648102102,439.81108951568604,42,40,120
hardened,1,j-reversible-sp-unigram-48k,kakikudashi,sha256:a589e84cb0da2b4c9873494744fc8736c80ad02cb4b4baf06b01fe914b717b6d,440,3.562784157763651,614.913914680481,63,83,249
hardened,1,j-reversible-sp-unigram-48k,kanbun,sha256:7641a1d99f4648efd15474b93e0b1c3f253b4d31e7162144906d86dc2ce90e9c,441,4.869522864715404,405.03552532196045,40,40,120
hardened,1,j-reversible-sp-unigram-48k,kakikudashi,sha256:7641a1d99f4648efd15474b93e0b1c3f253b4d31e7162144906d86dc2ce90e9c,441,3.4533219391265217,495.4876956939697,50,69,207
hardened,1,j-reversible-sp-unigram-48k,kanbun,sha256:a494064f65e52dd692b11209728d4b7028c190d3d48ed56a840974f58b575f91,442,5.156164365375208,428.87769508361816,43,40,120
hardened,1,j-reversible-sp-unigram-48k,kakikudashi,sha256:a494064f65e52dd692b11209728d4b7028c190d3d48ed56a840974f58b575f91,442,3.732394110175102,504.48419857025146,55,65,195
hardened,1,j-reversible-sp-unigram-48k,kanbun,sha256:18f07002c7a37f01ea651fbaf534cff60d57121308d7d68f6421a764e2c09690,443,5.2015237576443685,432.6505832672119,41,40,120
hardened,1,j-reversible-sp-unigram-48k,kakikudashi,sha256:18f07002c7a37f01ea651fbaf534cff60d57121308d7d68f6421a764e2c09690,443,4.078724465055381,500.40667629241943,50,59,177
hardened,1,j-reversible-sp-unigram-48k,kanbun,sha256:576f1acfc7eaffa338e4267aef0129bc665e4aaae5cd8f232f18aefac39ee30d,444,5.332501662819903,443.5450191497803,42,40,120
hardened,1,j-reversible-sp-unigram-48k,kakikudashi,sha256:576f1acfc7eaffa338e4267aef0129bc665e4aaae5cd8f232f18aefac39ee30d,444,3.837479373061014,526.6677255630493,52,66,198
hardened,1,j-reversible-sp-unigram-48k,kanbun,sha256:2c4e47329c09ed5b2b522e6d700c1c1d4818da1c29be790db92b3222930ff699,445,6.119883332320897,509.0375852584839,51,40,120
hardened,1,j-reversible-sp-unigram-48k,kakikudashi,sha256:2c4e47329c09ed5b2b522e6d700c1c1d4818da1c29be790db92b3222930ff699,445,4.157456019599677,648.3890066146851,69,75,225
hardened,1,j-reversible-sp-unigram-48k,kanbun,sha256:d2b31d3ae5b88e3b425bde5fbbb1bf89b6d035c0498e983e3301a9c85b5ca961,448,4.488093504394396,373.3091230392456,36,40,120
hardened,1,j-reversible-sp-unigram-48k,kakikudashi,sha256:d2b31d3ae5b88e3b425bde5fbbb1bf89b6d035c0498e983e3301a9c85b5ca961,448,3.7644394574353273,446.19211196899414,46,57,171
hardened,1,j-reversible-sp-unigram-48k,kanbun,sha256:43b4dc0dc7976fa1b2c164b2340b1a088902ac66e0d6c96a0c4afff103c83188,449,5.118612870800118,425.7542495727539,41,40,120
hardened,1,j-reversible-sp-unigram-48k,kakikudashi,sha256:43b4dc0dc7976fa1b2c164b2340b1a088902ac66e0d6c96a0c4afff103c83188,449,3.4823579478701787,499.6538248062134,53,69,207
hardened,1,j-reversible-sp-unigram-48k,kanbun,sha256:664d8903ee8f792be469f73fddebc23c9d2aacb3f5915af4817d1af3ada3ae28,451,5.562724048484981,462.69437885284424,46,40,120
hardened,1,j-reversible-sp-unigram-48k,kakikudashi,sha256:664d8903ee8f792be469f73fddebc23c9d2aacb3f5915af4817d1af3ada3ae28,451,3.9167552930823106,586.4157838821411,60,72,216
hardened,1,j-reversible-sp-unigram-48k,kanbun,sha256:99c99adc100864ccb18d6c712779e221ef8572ad8b77f882871db5f0b874276f,452,5.3918693401051,448.4830837249756,43,40,120
hardened,1,j-reversible-sp-unigram-48k,kakikudashi,sha256:99c99adc100864ccb18d6c712779e221ef8572ad8b77f882871db5f0b874276f,452,3.98707144922191,505.7438020706177,51,61,183
hardened,1,j-reversible-sp-unigram-48k,kanbun,sha256:e65acc3e8061934a0c62c305c17268fbc60b310408b70342c2143c1e8c5c560f,453,4.905215570799969,408.0043611526489,39,40,120
hardened,1,j-reversible-sp-unigram-48k,kakikudashi,sha256:e65acc3e8061934a0c62c305c17268fbc60b310408b70342c2143c1e8c5c560f,453,3.674072917963659,534.8013896942139,55,70,210
hardened,1,j-reversible-sp-unigram-48k,kanbun,sha256:242d5791d033e4b7e594f665ba60730c72ae304ce3b6323775cb24d9a83496f4,454,6.345743228995209,527.8240833282471,52,40,120
hardened,1,j-reversible-sp-unigram-48k,kakikudashi,sha256:242d5791d033e4b7e594f665ba60730c72ae304ce3b6323775cb24d9a83496f4,454,4.679806055236038,632.5399026870728,64,65,195
hardened,1,j-reversible-sp-unigram-48k,kanbun,sha256:44cc0ad740218e58f85db210af55c17bb69d0a0291854e659300fa09c5f32d3c,455,6.052443259490111,503.4280776977539,49,40,120
hardened,1,j-reversible-sp-unigram-48k,kakikudashi,sha256:44cc0ad740218e58f85db210af55c17bb69d0a0291854e659300fa09c5f32d3c,455,5.02345871989314,553.6374034881592,54,53,159
hardened,1,j-reversible-sp-unigram-48k,kanbun,sha256:90c1cea75f187a7e60b0aae7fbef4eb659d55b3cd2023bfb6ecdec66f666ed71,456,4.4797036403408255,372.61127376556396,37,40,120
hardened,1,j-reversible-sp-unigram-48k,kakikudashi,sha256:90c1cea75f187a7e60b0aae7fbef4eb659d55b3cd2023bfb6ecdec66f666ed71,456,3.6544087064590856,486.3442735671997,51,64,192
hardened,1,j-reversible-sp-unigram-48k,kanbun,sha256:576b5a3e807326353c941ec3d06115e0aeb408e76137f9176f359c969c882d9f,3,5.047604077705358,419.84790420532227,40,40,120
hardened,1,j-reversible-sp-unigram-48k,kakikudashi,sha256:576b5a3e807326353c941ec3d06115e0aeb408e76137f9176f359c969c882d9f,3,3.6006553720773673,539.0893697738647,56,72,216
hardened,1,j-reversible-sp-unigram-48k,kanbun,sha256:e8c4f39600a3effaedbaaec139b9ecb10ca130bad351f3fa36b39ceff6da4bce,5,5.998727528318788,498.9601287841797,50,40,120
hardened,1,j-reversible-sp-unigram-48k,kakikudashi,sha256:e8c4f39600a3effaedbaaec139b9ecb10ca130bad351f3fa36b39ceff6da4bce,5,4.201009285496242,602.7669725418091,64,69,207
hardened,1,j-reversible-sp-unigram-48k,kanbun,sha256:09d039812ec2a4e20cb1a76fe5d431e21ba67b10da0e9d3a3cf5dbdb986731cc,6,5.376198200699911,447.1795949935913,44,40,120
hardened,1,j-reversible-sp-unigram-48k,kakikudashi,sha256:09d039812ec2a4e20cb1a76fe5d431e21ba67b10da0e9d3a3cf5dbdb986731cc,6,3.842464332757636,511.3715171813965,55,64,192
hardened,1,j-reversible-sp-unigram-48k,kanbun,sha256:fdc0dee80fbcfa7803520c3778a9f84e04873ebf07beba85d4f120e7a59acd6e,7,5.051228657934333,420.14938831329346,41,40,120
hardened,1,j-reversible-sp-unigram-48k,kakikudashi,sha256:fdc0dee80fbcfa7803520c3778a9f84e04873ebf07beba85d4f120e7a59acd6e,7,3.575779144685987,550.2361536026001,59,74,222
hardened,1,j-reversible-sp-unigram-48k,kanbun,sha256:a8a38304dee792315f059cf77319a599c0d5e78876b90f96ad189a05f585bda8,8,5.3356873203928545,443.8099946975708,43,40,120
hardened,1,j-reversible-sp-unigram-48k,kakikudashi,sha256:a8a38304dee792315f059cf77319a599c0d5e78876b90f96ad189a05f585bda8,8,4.022347548023696,585.496561050415,64,70,210
hardened,1,j-reversible-sp-unigram-48k,kanbun,sha256:c934a565300ae1211deca5d427aa9aeeb66262182c4b223b1dca794ef47e07c7,9,5.744662190265224,477.8275680541992,47,40,120
hardened,1,j-reversible-sp-unigram-48k,kakikudashi,sha256:c934a565300ae1211deca5d427aa9aeeb66262182c4b223b1dca794ef47e07c7,9,4.1550573580482055,578.8933248519897,58,67,201
hardened,1,j-reversible-sp-unigram-48k,kanbun,sha256:842b479765cf1914d872b780eb0bc3b2329f0e959678a68fde4c8b43d6269dcd,10,5.488556427110804,456.52528953552246,46,40,120
hardened,1,j-reversible-sp-unigram-48k,kakikudashi,sha256:842b479765cf1914d872b780eb0bc3b2329f0e959678a68fde4c8b43d6269dcd,10,3.8364806725817857,534.5083980560303,57,67,201
hardened,1,j-reversible-sp-unigram-48k,kanbun,sha256:bfe392a90f0f5060e4f9144835d49827ecbf01061f920f1c4311a947b673896e,11,5.242740603802196,436.0789041519165,43,40,120
hardened,1,j-reversible-sp-unigram-48k,kakikudashi,sha256:bfe392a90f0f5060e4f9144835d49827ecbf01061f920f1c4311a947b673896e,11,3.5553590250809655,554.4870939254761,55,75,225
hardened,1,j-reversible-sp-unigram-48k,kanbun,sha256:020128f8b3c10b1a88298732fd7044939179a2ad1a5720a7192c9d4c3a199c7c,12,4.819047871427349,400.8371334075928,38,40,120
hardened,1,j-reversible-sp-unigram-48k,kakikudashi,sha256:020128f8b3c10b1a88298732fd7044939179a2ad1a5720a7192c9d4c3a199c7c,12,3.5602968994109934,496.0297613143921,51,67,201
hardened,1,j-reversible-sp-unigram-48k,kanbun,sha256:b005d498034beea2fadc3c11572ab640c1781afa24ba01c9cc0033b0d7da295d,14,5.87456397706329,488.63249492645264,47,40,120
hardened,1,j-reversible-sp-unigram-48k,kakikudashi,sha256:b005d498034beea2fadc3c11572ab640c1781afa24ba01c9cc0033b0d7da295d,14,4.87846005454673,568.0904598236084,57,56,168
hardened,1,j-reversible-sp-unigram-48k,kanbun,sha256:52e6ff2ebca7434e960930b3c3ff47831b4850878d330dc984505295db4f26cb,15,4.738207506647857,394.1130208969116,40,40,120
hardened,1,j-reversible-sp-unigram-48k,kakikudashi,sha256:52e6ff2ebca7434e960930b3c3ff47831b4850878d330dc984505295db4f26cb,15,3.3361353203973403,478.67358779907227,50,69,207
hardened,1,j-reversible-sp-unigram-48k,kanbun,sha256:af88e18af6d83b22c097877ae06d8937db881c08bc1b2b2ad7fb40a1c5b65e97,16,5.846227771541832,486.27555561065674,48,40,120
hardened,1,j-reversible-sp-unigram-48k,kakikudashi,sha256:af88e18af6d83b22c097877ae06d8937db881c08bc1b2b2ad7fb40a1c5b65e97,16,4.374569780131385,573.089714050293,59,63,189
hardened,1,j-reversible-sp-unigram-48k,kanbun,sha256:14324a49d3f719dd89ab20f537970d1c674b0f618ee968570befa307e3eda7e7,18,6.468040645644095,941.4938688278198,92,70,210
hardened,1,j-reversible-sp-unigram-48k,kakikudashi,sha256:14324a49d3f719dd89ab20f537970d1c674b0f618ee968570befa307e3eda7e7,18,4.15482072088304,1149.0810050964355,121,133,399
hardened,1,j-reversible-sp-unigram-48k,kanbun,sha256:68aebf919c78c13784ae7b632d9e92b1ff1bea5b8b0989f053ccd56250403ecb,19,5.757007632357619,957.7088661193848,92,80,240
hardened,1,j-reversible-sp-unigram-48k,kakikudashi,sha256:68aebf919c78c13784ae7b632d9e92b1ff1bea5b8b0989f053ccd56250403ecb,19,3.869278829227187,1231.0286874771118,129,153,459
hardened,1,j-reversible-sp-unigram-48k,kanbun,sha256:cc27ddef95677ec9eb463798102c2354f2130cbc56071a2177a91ae7b9aefc4a,20,5.402340996819815,674.0311374664307,62,60,180
hardened,1,j-reversible-sp-unigram-48k,kakikudashi,sha256:cc27ddef95677ec9eb463798102c2354f2130cbc56071a2177a91ae7b9aefc4a,20,3.968173072481251,841.6615610122681,87,102,306
hardened,1,j-reversible-sp-unigram-48k,kanbun,sha256:73edb947af3beac143cfdebb31d7523b1b18401541b334e7015702efaf7ebd34,21,6.6701289250576385,1387.0143175125122,132,100,300
hardened,1,j-reversible-sp-unigram-48k,kakikudashi,sha256:73edb947af3beac143cfdebb31d7523b1b18401541b334e7015702efaf7ebd34,21,4.754597765391745,1690.661286354065,173,171,513
hardened,1,j-reversible-sp-unigram-48k,kanbun,sha256:3fffd90875d90dc35dbd966d90f54ce00bbfbb7829f3f95502729d16650f5f1f,22,5.4097893743368495,674.9604454040527,66,60,180
hardened,1,j-reversible-sp-unigram-48k,kakikudashi,sha256:3fffd90875d90dc35dbd966d90f54ce00bbfbb7829f3f95502729d16650f5f1f,22,4.212733256025789,858.4929885864258,86,98,294
hardened,1,j-reversible-sp-unigram-48k,kanbun,sha256:b9a53ac9e217bd800e645c8bca49dbe915fce5fba61572ef4c50a712ef3a1066,23,5.958951289103157,743.4774513244629,71,60,180
hardened,1,j-reversible-sp-unigram-48k,kakikudashi,sha256:b9a53ac9e217bd800e645c8bca49dbe915fce5fba61572ef4c50a712ef3a1066,23,4.175750734227345,929.1055612564087,96,107,321
hardened,1,j-reversible-sp-unigram-48k,kanbun,sha256:716e6145ba21fa5c3b0d5db778735b0d8988bf2a749f2e0de60cc468f1378b65,25,5.288757892771213,879.8130292892456,85,80,240
hardened,1,j-reversible-sp-unigram-48k,kakikudashi,sha256:716e6145ba21fa5c3b0d5db778735b0d8988bf2a749f2e0de60cc468f1378b65,25,3.925329962776794,1142.749186515808,119,140,420
hardened,1,j-reversible-sp-unigram-48k,kanbun,sha256:6f89247232a2b11cea5ccdf85bd932df82ab69435f3eec04f25ac1bba656f859,26,5.122284264706657,639.0894412994385,63,60,180
hardened,1,j-reversible-sp-unigram-48k,kakikudashi,sha256:6f89247232a2b11cea5ccdf85bd932df82ab69435f3eec04f25ac1bba656f859,26,3.6778416049126856,764.7856616973877,78,100,300
hardened,1,j-reversible-sp-unigram-48k,kanbun,sha256:f7732e38e3d5df7c26964f7f953e6d7b75ed26189a22198e7c583a46218dc67e,27,6.191234321206997,772.4585905075073,74,60,180
hardened,1,j-reversible-sp-unigram-48k,kakikudashi,sha256:f7732e38e3d5df7c26964f7f953e6d7b75ed26189a22198e7c583a46218dc67e,27,4.472755031332494,883.579098701477,90,95,285
hardened,1,j-reversible-sp-unigram-48k,kanbun,sha256:d4bd1b238fe19ce2b1c10ada1b991a2659823e00688c60440fba173421070394,28,5.386666864916501,672.0755310058594,67,60,180
hardened,1,j-reversible-sp-unigram-48k,kakikudashi,sha256:d4bd1b238fe19ce2b1c10ada1b991a2659823e00688c60440fba173421070394,28,4.116720368154309,838.9269762039185,91,98,294
hardened,1,j-reversible-sp-unigram-48k,kanbun,sha256:ba578fca09a318ec898554b9a4d71dec3f6c5a6d409a07fe0420a52fd5717a46,29,6.069912515728438,757.3216943740845,72,60,180
hardened,1,j-reversible-sp-unigram-48k,kakikudashi,sha256:ba578fca09a318ec898554b9a4d71dec3f6c5a6d409a07fe0420a52fd5717a46,29,4.2303799420038075,906.0732622146606,95,103,309
hardened,1,j-reversible-sp-unigram-48k,kanbun,sha256:f51c22f523276eec61cf985b16730a208de83fa205dac77c23d3b897cba3c30c,30,5.306301986304604,882.7315826416016,84,80,240
hardened,1,j-reversible-sp-unigram-48k,kakikudashi,sha256:f51c22f523276eec61cf985b16730a208de83fa205dac77c23d3b897cba3c30c,30,3.7856797246831975,1125.7102546691895,120,143,429
hardened,1,j-reversible-sp-unigram-48k,kanbun,sha256:9041b17768938557a357cbd5969d7c97e472be37c02dfacb62b84613ad7fc3b0,32,5.242221051857613,654.0535335540771,64,60,180
hardened,1,j-reversible-sp-unigram-48k,kakikudashi,sha256:9041b17768938557a357cbd5969d7c97e472be37c02dfacb62b84613ad7fc3b0,32,3.598971243870127,853.158935546875,90,114,342
hardened,1,j-reversible-sp-unigram-48k,kanbun,sha256:e3c6c86636a5116453905972b2ec9122d53da663799d40647a67cfb178febb51,33,5.793222279034696,722.8000240325928,70,60,180
hardened,1,j-reversible-sp-unigram-48k,kakikudashi,sha256:e3c6c86636a5116453905972b2ec9122d53da663799d40647a67cfb178febb51,33,4.2864934833171695,855.697211265564,86,96,288
hardened,1,j-reversible-sp-unigram-48k,kanbun,sha256:2fbdd594647ea710caa5eca32f66de189557e9d688a66d828b507fb8adc273a8,34,5.273420883171037,657.9462270736694,64,60,180
hardened,1,j-reversible-sp-unigram-48k,kakikudashi,sha256:2fbdd594647ea710caa5eca32f66de189557e9d688a66d828b507fb8adc273a8,34,3.948004427826181,812.7547969818115,85,99,297
hardened,1,j-reversible-sp-unigram-48k,kanbun,sha256:8aa6505fb46f6707f1d9f09be6acb7e3d3ea8b344f8ae326dbc0050c43bb7126,36,5.416249308320906,901.0219049453735,87,80,240
hardened,1,j-reversible-sp-unigram-48k,kakikudashi,sha256:8aa6505fb46f6707f1d9f09be6acb7e3d3ea8b344f8ae326dbc0050c43bb7126,36,4.048238009485304,1102.767731666565,113,131,393
hardened,1,j-reversible-sp-unigram-48k,kanbun,sha256:4eab4f6a47bc17954d8967f65446263c30e76916a868f337a5d21b3d238c4eec,39,5.8476916764004665,729.5959796905518,70,60,180
hardened,1,j-reversible-sp-unigram-48k,kakikudashi,sha256:4eab4f6a47bc17954d8967f65446263c30e76916a868f337a5d21b3d238c4eec,39,4.276329087441608,818.0986242294312,84,92,276
hardened,1,j-reversible-sp-unigram-48k,kanbun,sha256:63011cb7cdcc860576607532cbf6a2cd6f13cc9f5850ab1e0b846b4227eb7a9d,40,5.930519338929046,739.9300966262817,72,60,180
hardened,1,j-reversible-sp-unigram-48k,kakikudashi,sha256:63011cb7cdcc860576607532cbf6a2cd6f13cc9f5850ab1e0b846b4227eb7a9d,40,4.486090593943947,858.2278089523315,86,92,276
hardened,1,j-reversible-sp-unigram-48k,kanbun,sha256:74256a33b79a592140f1b077ea6b0f9ce01476bc9afb93f97b519af3fd1f1c04,41,4.993587927239508,623.0324506759644,62,60,180
hardened,1,j-reversible-sp-unigram-48k,kakikudashi,sha256:74256a33b79a592140f1b077ea6b0f9ce01476bc9afb93f97b519af3fd1f1c04,41,3.7367994554785384,808.1274261474609,83,104,312
hardened,1,j-reversible-sp-unigram-48k,kanbun,sha256:1139b20de4b4b769f75cf3054f0a0e14ca97c16112d7add058de09072b65be3e,42,5.526835920425159,689.5639324188232,66,60,180
hardened,1,j-reversible-sp-unigram-48k,kakikudashi,sha256:1139b20de4b4b769f75cf3054f0a0e14ca97c16112d7add058de09072b65be3e,42,3.8132753401007586,896.0315961837769,96,113,339
hardened,1,j-reversible-sp-unigram-48k,kanbun,sha256:7849fbfe1e04137df259356a4e3486f5acd5bfbf751f1f15a90d04cdb0ef6c38,43,5.562308693184882,925.3196611404419,89,80,240
hardened,1,j-reversible-sp-unigram-48k,kakikudashi,sha256:7849fbfe1e04137df259356a4e3486f5acd5bfbf751f1f15a90d04cdb0ef6c38,43,3.8114048495496546,1283.946159362793,135,162,486
hardened,1,j-reversible-sp-unigram-48k,kanbun,sha256:dc0c30d0c0091b28fc06daa34a125806b198647182e2c7c67593150039f72405,44,5.443789702343863,679.2025470733643,65,60,180
hardened,1,j-reversible-sp-unigram-48k,kakikudashi,sha256:dc0c30d0c0091b28fc06daa34a125806b198647182e2c7c67593150039f72405,44,3.8911162345214736,825.3175716400146,85,102,306
hardened,1,j-reversible-sp-unigram-48k,kanbun,sha256:cb15cb3e4f5e05908b053e5659f65ef7068a60c5f48aaf2a07171f666261f07c,45,5.9038492325360865,736.6025609970093,70,60,180
hardened,1,j-reversible-sp-unigram-48k,kakikudashi,sha256:cb15cb3e4f5e05908b053e5659f65ef7068a60c5f48aaf2a07171f666261f07c,45,3.8333302143463337,972.4847030639648,101,122,366
hardened,1,j-reversible-sp-unigram-48k,kanbun,sha256:cdfbf93503b9dcbdf078c8c29fdc90e3789c3a11094452f293bc3e7c23138ace,47,6.032698909734743,1505.3573665618896,144,120,360
hardened,1,j-reversible-sp-unigram-48k,kakikudashi,sha256:cdfbf93503b9dcbdf078c8c29fdc90e3789c3a11094452f293bc3e7c23138ace,47,4.522976976760052,1796.4058475494385,187,191,573
hardened,1,j-reversible-sp-unigram-48k,kanbun,sha256:7f560c618484b1f6273fe48b47723bbca6bc26c545fea86f931926dc9e7d49ac,48,5.59196220364246,697.689510345459,67,60,180
hardened,1,j-reversible-sp-unigram-48k,kakikudashi,sha256:7f560c618484b1f6273fe48b47723bbca6bc26c545fea86f931926dc9e7d49ac,48,4.229754934351862,809.1885871887207,81,92,276
hardened,1,j-reversible-sp-unigram-48k,kanbun,sha256:c0197a892648a76c96d8428f90c27fd452c53e9b8255595d376c1b97dc317409,49,5.448956726175365,679.8472185134888,64,60,180
hardened,1,j-reversible-sp-unigram-48k,kakikudashi,sha256:c0197a892648a76c96d8428f90c27fd452c53e9b8255595d376c1b97dc317409,49,4.003866203913757,832.5805711746216,85,100,300
hardened,1,j-reversible-sp-unigram-48k,kanbun,sha256:d5d02df795847ddd1913057e38c128f8a369e51f74a5e7d1c1670669cd4d47c3,50,5.392755517021119,672.8351907730103,62,60,180
hardened,1,j-reversible-sp-unigram-48k,kakikudashi,sha256:d5d02df795847ddd1913057e38c128f8a369e51f74a5e7d1c1670669cd4d47c3,50,3.3958024422425432,812.0578565597534,79,115,345
hardened,1,j-reversible-sp-unigram-48k,kanbun,sha256:2f8b16cbf223ba393f66e57ce4132eb505228eec334fc99d2254f56ab2396114,51,5.637116982419134,703.3233137130737,69,60,180
hardened,1,j-reversible-sp-unigram-48k,kakikudashi,sha256:2f8b16cbf223ba393f66e57ce4132eb505228eec334fc99d2254f56ab2396114,51,4.123574640690548,900.34690284729,95,105,315
hardened,1,j-reversible-sp-unigram-48k,kanbun,sha256:6b40e3e1b9e4e20cdbb9227a00793e5dbb63587ee72badf3eff64a8b1d6cf894,52,6.06661524905875,1261.5171766281128,120,100,300
hardened,1,j-reversible-sp-unigram-48k,kakikudashi,sha256:6b40e3e1b9e4e20cdbb9227a00793e5dbb63587ee72badf3eff64a8b1d6cf894,52,4.356743057478038,1467.6539850234985,148,162,486
hardened,1,j-reversible-sp-unigram-48k,kanbun,sha256:f53d5e68d3de433f750c42d52c09f5d7466f63d48e13b7828336d7ea759f93f2,53,6.166412604632916,1795.1772346496582,175,140,420
hardened,1,j-reversible-sp-unigram-48k,kakikudashi,sha256:f53d5e68d3de433f750c42d52c09f5d7466f63d48e13b7828336d7ea759f93f2,53,4.554190885993664,2130.789086341858,221,225,675
hardened,1,j-reversible-sp-unigram-48k,kanbun,sha256:9bf6479e7cc4d3c98d505c2039fa6033e137109bd63fd4c3b7218c7bf69a0cca,54,5.770591387754593,719.9764471054077,69,60,180
hardened,1,j-reversible-sp-unigram-48k,kakikudashi,sha256:9bf6479e7cc4d3c98d505c2039fa6033e137109bd63fd4c3b7218c7bf69a0cca,54,4.065616459168986,879.2380228042603,91,104,312
hardened,1,j-reversible-sp-unigram-48k,kanbun,sha256:35d08bcae4fcfc8158e0855d1478be567a904a3f7f38df896db3ad437458803c,55,5.417064775525482,675.8681716918945,67,60,180
hardened,1,j-reversible-sp-unigram-48k,kakikudashi,sha256:35d08bcae4fcfc8158e0855d1478be567a904a3f7f38df896db3ad437458803c,55,3.9412705554170206,811.3685302734375,85,99,297
hardened,1,j-reversible-sp-unigram-48k,kanbun,sha256:298485587949427333759e44d9c0b7e59024d7647b978fabdf21f7f1dfa6a7d9,56,5.078695995638122,633.6510858535767,64,60,180
hardened,1,j-reversible-sp-unigram-48k,kakikudashi,sha256:298485587949427333759e44d9c0b7e59024d7647b978fabdf21f7f1dfa6a7d9,56,3.586144743573398,775.5465488433838,82,104,312
hardened,1,j-reversible-sp-unigram-48k,kanbun,sha256:306c9b8a4fb6b813795898a24d4605bd3265be75cd16d93758a84e823765880a,58,5.621216947482075,935.1193628311157,90,80,240
hardened,1,j-reversible-sp-unigram-48k,kakikudashi,sha256:306c9b8a4fb6b813795898a24d4605bd3265be75cd16d93758a84e823765880a,58,4.23598452180523,1162.719648361206,122,132,396
hardened,1,j-reversible-sp-unigram-48k,kanbun,sha256:6a2df9cbdc6d033db05e6dabc548c93b3d69c51f5d6c203b158583edf3633030,59,6.2826748672471115,783.8673067092896,75,60,180
hardened,1,j-reversible-sp-unigram-48k,kakikudashi,sha256:6a2df9cbdc6d033db05e6dabc548c93b3d69c51f5d6c203b158583edf3633030,59,4.593980867700163,945.7385511398315,96,99,297
hardened,1,j-reversible-sp-unigram-48k,kanbun,sha256:3d332731f95bcc5133c1a66add2fc39b382da16cd685415de6101cd3c3005ac0,60,4.882794899646771,609.2091932296753,61,60,180
hardened,1,j-reversible-sp-unigram-48k,kakikudashi,sha256:3d332731f95bcc5133c1a66add2fc39b382da16cd685415de6101cd3c3005ac0,60,3.4873567951253945,812.1965141296387,88,112,336
hardened,1,j-reversible-sp-unigram-48k,kanbun,sha256:092f3bba9e87a548540fab399de7b9c81e9f60b800024f6393f1518223e8964a,61,5.6196850840884345,654.4051704406738,64,56,168
hardened,1,j-reversible-sp-unigram-48k,kakikudashi,sha256:092f3bba9e87a548540fab399de7b9c81e9f60b800024f6393f1518223e8964a,61,4.4999926758901525,739.2402648925781,77,79,237
hardened,1,j-reversible-sp-unigram-48k,kanbun,sha256:f3ae1158ed0f603adf43e7a42a70db40ab06d5864a1c56e37ce48a2610744fce,62,4.950932839310415,576.5298233032227,58,56,168
hardened,1,j-reversible-sp-unigram-48k,kakikudashi,sha256:f3ae1158ed0f603adf43e7a42a70db40ab06d5864a1c56e37ce48a2610744fce,62,3.5253717549632553,703.7572298049927,73,96,288
hardened,1,j-reversible-sp-unigram-48k,kanbun,sha256:2b96722eaa469cc87b4fbe7a52188aea35ff66ac224c0038f9242ac264d4e90b,63,5.53629096694351,644.6940317153931,62,56,168
hardened,1,j-reversible-sp-unigram-48k,kakikudashi,sha256:2b96722eaa469cc87b4fbe7a52188aea35ff66ac224c0038f9242ac264d4e90b,63,3.729681344875772,798.8323955535889,82,103,309
hardened,1,j-reversible-sp-unigram-48k,kanbun,sha256:6b191920129e9080079f2f454a04825fb630550c5cb7cc4c2aa4abb4754c9223,64,5.582680019343386,650.0959777832031,62,56,168
hardened,1,j-reversible-sp-unigram-48k,kakikudashi,sha256:6b191920129e9080079f2f454a04825fb630550c5cb7cc4c2aa4abb4754c9223,64,3.716614592992393,857.8615884780884,90,111,333
hardened,1,j-reversible-sp-unigram-48k,kanbun,sha256:ee2d139e384ade129e4410c078eddd0b0fdbfee9b17e574958a19fcd3524ff29,66,4.801216888720265,559.095591545105,55,56,168
hardened,1,j-reversible-sp-unigram-48k,kakikudashi,sha256:ee2d139e384ade129e4410c078eddd0b0fdbfee9b17e574958a19fcd3524ff29,66,3.394812381989565,734.1686449050903,74,104,312
hardened,1,j-reversible-sp-unigram-48k,kanbun,sha256:2f1e412ee51c6c28b903b97ec6fc751ad010531e7a8825de8e3d20155a8ab97b,67,6.8018877412094,792.0711641311646,76,56,168
hardened,1,j-reversible-sp-unigram-48k,kakikudashi,sha256:2f1e412ee51c6c28b903b97ec6fc751ad010531e7a8825de8e3d20155a8ab97b,67,4.597521158234044,984.708477973938,101,103,309
hardened,1,j-reversible-sp-unigram-48k,kanbun,sha256:836210e3506f400dd5fdfa5f079e477f47d803a071ee87f1a0fb6f8c8bf5a35d,69,6.357004969094197,740.2651319503784,73,56,168
hardened,1,j-reversible-sp-unigram-48k,kakikudashi,sha256:836210e3506f400dd5fdfa5f079e477f47d803a071ee87f1a0fb6f8c8bf5a35d,69,4.444003446291913,859.4172201156616,89,93,279
hardened,1,j-reversible-sp-unigram-48k,kanbun,sha256:e846ecba029d25a904a4a21ca0a158ae1a8e1cfff495b6138d32badff905dd2e,70,5.412679403014571,630.2996225357056,63,56,168
hardened,1,j-reversible-sp-unigram-48k,kakikudashi,sha256:e846ecba029d25a904a4a21ca0a158ae1a8e1cfff495b6138d32badff905dd2e,70,3.7186490383871393,827.4003219604492,88,107,321
hardened,1,j-reversible-sp-unigram-48k,kanbun,sha256:2791b779813ad457e83b2013d982eb2462c9282632bd2e8b5dd486479cf37f9c,71,6.085187920870085,708.612382888794,70,56,168
hardened,1,j-reversible-sp-unigram-48k,kakikudashi,sha256:2791b779813ad457e83b2013d982eb2462c9282632bd2e8b5dd486479cf37f9c,71,4.681969862792089,788.6064929962158,81,81,243
hardened,1,j-reversible-sp-unigram-48k,kanbun,sha256:effee488fe7322a551a8f8da77db78a2ba44d4f04b40de58634b78b28e3c8a3e,72,5.0754119410578555,591.0252561569214,59,56,168
hardened,1,j-reversible-sp-unigram-48k,kakikudashi,sha256:effee488fe7322a551a8f8da77db78a2ba44d4f04b40de58634b78b28e3c8a3e,72,3.5156740895286234,738.3745136260986,78,101,303
hardened,1,j-reversible-sp-unigram-48k,kanbun,sha256:9e72c8e6bffc21b2b402138bd9fee0e27ae7f4efe92b34c17be189343a2d271e,73,5.769381915121599,839.7964696884155,81,70,210
hardened,1,j-reversible-sp-unigram-48k,kakikudashi,sha256:9e72c8e6bffc21b2b402138bd9fee0e27ae7f4efe92b34c17be189343a2d271e,73,3.925645498706703,1118.3515949249268,120,137,411
hardened,1,j-reversible-sp-unigram-48k,kanbun,sha256:80624182daba6ae8e572a966c20af429593ffd8ce3013db390abaad669ee7623,74,6.1711384618442855,718.6212139129639,70,56,168
hardened,1,j-reversible-sp-unigram-48k,kakikudashi,sha256:80624182daba6ae8e572a966c20af429593ffd8ce3013db390abaad669ee7623,74,4.294835312699841,919.8784732818604,99,103,309
hardened,1,j-reversible-sp-unigram-48k,kanbun,sha256:102a3b6cc15262e788c50b823938622352b53ddc1e4b65c76ef74165c855ff86,75,5.511640374198992,641.8235015869141,62,56,168
hardened,1,j-reversible-sp-unigram-48k,kakikudashi,sha256:102a3b6cc15262e788c50b823938622352b53ddc1e4b65c76ef74165c855ff86,75,4.006245069404174,783.0907278060913,82,94,282
hardened,1,j-reversible-sp-unigram-48k,kanbun,sha256:4beb3ad4926d35254e0e20d481ad552b3b4516da6d341d5a3a713db3c81b05e2,76,5.019483928255424,584.5125102996826,57,56,168
hardened,1,j-reversible-sp-unigram-48k,kakikudashi,sha256:4beb3ad4926d35254e0e20d481ad552b3b4516da6d341d5a3a713db3c81b05e2,76,3.4281149866278033,670.0850830078125,72,94,282
hardened,1,j-reversible-sp-unigram-48k,kanbun,sha256:acc9ade9c5a940192e29f2d9b6f986e27d152000e3e3e618ab8033042b2b1ee0,77,5.0730650576145315,590.7519645690918,56,56,168
hardened,1,j-reversible-sp-unigram-48k,kakikudashi,sha256:acc9ade9c5a940192e29f2d9b6f986e27d152000e3e3e618ab8033042b2b1ee0,77,3.96985967619276,726.44801902771,71,88,264
hardened,1,j-reversible-sp-unigram-48k,kanbun,sha256:3514e4432dcb410c323e2e2f0b109585247fd62ae99c2edf6cd5ac9cb48a94e9,79,5.2726168631863,613.9895181655884,61,56,168
hardened,1,j-reversible-sp-unigram-48k,kakikudashi,sha256:3514e4432dcb410c323e2e2f0b109585247fd62ae99c2edf6cd5ac9cb48a94e9,79,3.7115786803989677,802.6731328964233,86,104,312
hardened,1,j-reversible-sp-unigram-48k,kanbun,sha256:3325b65e900b035579ffce0af5e1fd2450a467ffea82547d1ccddc1ff7c00752,80,5.099218303727889,593.7974767684937,60,56,168
hardened,1,j-reversible-sp-unigram-48k,kakikudashi,sha256:3325b65e900b035579ffce0af5e1fd2450a467ffea82547d1ccddc1ff7c00752,80,3.767189520302527,728.5294857025146,78,93,279
hardened,1,j-reversible-sp-unigram-48k,kanbun,sha256:6d2d5d266b9729e0f7fbc0240908d4407256ddad3fbe26fd76c53de8840f5aa4,83,4.883780518023473,568.7100210189819,55,56,168
hardened,1,j-reversible-sp-unigram-48k,kakikudashi,sha256:6d2d5d266b9729e0f7fbc0240908d4407256ddad3fbe26fd76c53de8840f5aa4,83,3.679068671625448,680.8863325119019,71,89,267
hardened,1,j-reversible-sp-unigram-48k,kanbun,sha256:9343f79b875d47ecbc336596adf2e24267faa9b958452d867f9538bf14d5f344,85,5.7703588224405395,671.9509353637695,66,56,168
hardened,1,j-reversible-sp-unigram-48k,kakikudashi,sha256:9343f79b875d47ecbc336596adf2e24267faa9b958452d867f9538bf14d5f344,85,4.037229238157515,822.7278547286987,85,98,294
hardened,1,j-reversible-sp-unigram-48k,kanbun,sha256:ce0e91f3fd1b91d41b9e2204a342215638a15eb37422f50194a78aacb43d4676,86,5.771160752972563,672.044319152832,66,56,168
hardened,1,j-reversible-sp-unigram-48k,kakikudashi,sha256:ce0e91f3fd1b91d41b9e2204a342215638a15eb37422f50194a78aacb43d4676,86,4.2507764923884865,822.0494337081909,86,93,279
hardened,1,j-reversible-sp-unigram-48k,kanbun,sha256:3dd05ced05ea77b91b31a785b91ba9a8a243174547ede65ccbc74f11fa6966fd,87,4.849660224746796,564.7367563247681,55,56,168
hardened,1,j-reversible-sp-unigram-48k,kakikudashi,sha256:3dd05ced05ea77b91b31a785b91ba9a8a243174547ede65ccbc74f11fa6966fd,87,3.446372629885554,738.1526327133179,76,103,309
hardened,1,j-reversible-sp-unigram-48k,kanbun,sha256:65fb07962b0f9241c46f4f24a552e0c8f57d874c783b23e2ec54dfc8f50301c4,88,6.003174521394538,699.0620269775391,68,56,168
hardened,1,j-reversible-sp-unigram-48k,kakikudashi,sha256:65fb07962b0f9241c46f4f24a552e0c8f57d874c783b23e2ec54dfc8f50301c4,88,4.136428715229856,920.3564023971558,97,107,321
hardened,1,j-reversible-sp-unigram-48k,kanbun,sha256:26e0e0e71eda003e00cddf03f376008c27768df218ac24a870ddc65b54830c33,90,5.084602063316911,592.0954341888428,59,56,168
hardened,1,j-reversible-sp-unigram-48k,kakikudashi,sha256:26e0e0e71eda003e00cddf03f376008c27768df218ac24a870ddc65b54830c33,90,3.7362915881974224,722.5541944503784,78,93,279
hardened,1,j-reversible-sp-unigram-48k,kanbun,sha256:ba91b580b20e56c784683b7baa4e66a902e4e7e592ddfdbc88c8d51605fd1ec5,91,5.41592819623762,630.6779403686523,63,56,168
hardened,1,j-reversible-sp-unigram-48k,kakikudashi,sha256:ba91b580b20e56c784683b7baa4e66a902e4e7e592ddfdbc88c8d51605fd1ec5,91,3.7800230180062977,738.8716678619385,80,94,282
hardened,1,j-reversible-sp-unigram-48k,kanbun,sha256:fec45e49c3d772566150b453ad25cbec4cecba5dbf83f3fdc235a75ce62cbe3c,92,5.450525176284587,634.706714630127,63,56,168
hardened,1,j-reversible-sp-unigram-48k,kakikudashi,sha256:fec45e49c3d772566150b453ad25cbec4cecba5dbf83f3fdc235a75ce62cbe3c,92,3.5822838731955398,804.508189201355,84,108,324
hardened,1,j-reversible-sp-unigram-48k,kanbun,sha256:71516a7f45038ebc728f25af90284aff39adae186c0591887f7028310d41d67b,93,4.995849294357103,581.7602872848511,57,56,168
hardened,1,j-reversible-sp-unigram-48k,kakikudashi,sha256:71516a7f45038ebc728f25af90284aff39adae186c0591887f7028310d41d67b,93,3.8651233432011542,723.3568239212036,74,90,270
hardened,1,j-reversible-sp-unigram-48k,kanbun,sha256:b74387bcb98180c4cb4e8324deba8f6f64ebdf842627f174b195877b7f851da9,94,5.2133131257748335,607.0836734771729,59,56,168
hardened,1,j-reversible-sp-unigram-48k,kakikudashi,sha256:b74387bcb98180c4cb4e8324deba8f6f64ebdf842627f174b195877b7f851da9,94,3.9714400299831336,726.7372093200684,72,88,264
hardened,1,j-reversible-sp-unigram-48k,kanbun,sha256:e18a1142ed3b580a8765642d6f11988df986d76b6e723c5369a77758d8398465,96,5.329461224121479,620.6089715957642,62,56,168
hardened,1,j-reversible-sp-unigram-48k,kakikudashi,sha256:e18a1142ed3b580a8765642d6f11988df986d76b6e723c5369a77758d8398465,96,3.707183028297868,763.1781687736511,84,99,297
hardened,1,j-reversible-sp-unigram-48k,kanbun,sha256:60ca61fb472cad61b59041ec3711dfffc9ba88ebd7f4eaa3a7aa8f034e5e637c,97,5.245755687344093,610.8615684509277,58,56,168
hardened,1,j-reversible-sp-unigram-48k,kakikudashi,sha256:60ca61fb472cad61b59041ec3711dfffc9ba88ebd7f4eaa3a7aa8f034e5e637c,97,3.324497749439494,760.4408597946167,77,110,330
hardened,1,j-reversible-sp-unigram-48k,kanbun,sha256:8d12b8a49cfbf0a973cdaec96296c069b9b81bd16e764a231f8369f0d94ef04e,98,5.423813559831429,631.5961809158325,64,56,168
hardened,1,j-reversible-sp-unigram-48k,kakikudashi,sha256:8d12b8a49cfbf0a973cdaec96296c069b9b81bd16e764a231f8369f0d94ef04e,98,3.9436446035713453,795.4561061859131,82,97,291
hardened,1,j-reversible-sp-unigram-48k,kanbun,sha256:ad3434015b458f5bfe093f04b7da4becb0b5a32a39dc6426c4c740c8b74bdbd6,99,5.69694215594067,663.4016580581665,64,56,168
hardened,1,j-reversible-sp-unigram-48k,kakikudashi,sha256:ad3434015b458f5bfe093f04b7da4becb0b5a32a39dc6426c4c740c8b74bdbd6,99,4.255754753068847,814.162576675415,87,92,276
hardened,1,j-reversible-sp-unigram-48k,kanbun,sha256:fbde96b9f0dbbbccd0eda5c0a90c33de61d0e4d9f5884c1d824f5c33c58f4c5d,101,5.051984783753675,588.2971935272217,57,56,168
hardened,1,j-reversible-sp-unigram-48k,kakikudashi,sha256:fbde96b9f0dbbbccd0eda5c0a90c33de61d0e4d9f5884c1d824f5c33c58f4c5d,101,3.6031069687026247,689.3054285049438,71,92,276
hardened,1,j-reversible-sp-unigram-48k,kanbun,sha256:a9a8c04997288819f79a1fcc74a97b94c091d8068b0c74d39af49106fee9c3d3,102,5.731073939296354,667.3762607574463,65,56,168
hardened,1,j-reversible-sp-unigram-48k,kakikudashi,sha256:a9a8c04997288819f79a1fcc74a97b94c091d8068b0c74d39af49106fee9c3d3,102,4.223092775984314,799.1323843002319,82,91,273
hardened,1,j-reversible-sp-unigram-48k,kanbun,sha256:0851bcd2deb2d319a9b9658423f25efa73a71a2b92475099613f411adf197376,105,4.984113116365725,580.3936243057251,55,56,168
hardened,1,j-reversible-sp-unigram-48k,kakikudashi,sha256:0851bcd2deb2d319a9b9658423f25efa73a71a2b92475099613f411adf197376,105,3.4417815531638913,751.4832715988159,78,105,315
hardened,1,j-reversible-sp-unigram-48k,kanbun,sha256:d7134b9bfc7714d5a1a8e854d84c1d55b29420f3c56e647b628a3847e00e468b,106,6.018524939362749,700.8495635986328,68,56,168
hardened,1,j-reversible-sp-unigram-48k,kakikudashi,sha256:d7134b9bfc7714d5a1a8e854d84c1d55b29420f3c56e647b628a3847e00e468b,106,4.085072772860352,806.99365234375,83,95,285
hardened,1,j-reversible-sp-unigram-48k,kanbun,sha256:1ae7e230884f1d1ed138fce46d520ec4c265640d51abaf7b50e59b0a2e8e00c3,107,5.8051143623019525,675.9981737136841,67,56,168
hardened,1,j-reversible-sp-unigram-48k,kakikudashi,sha256:1ae7e230884f1d1ed138fce46d520ec4c265640d51abaf7b50e59b0a2e8e00c3,107,4.254265680291359,831.5706977844238,90,94,282
hardened,1,j-reversible-sp-unigram-48k,kanbun,sha256:b21c58f6c7368e54b0f7282977e145aaaccfe40e80291bc4f219af55b665019f,108,6.18939605816338,720.7472877502441,72,56,168
hardened,1,j-reversible-sp-unigram-48k,kakikudashi,sha256:b21c58f6c7368e54b0f7282977e145aaaccfe40e80291bc4f219af55b665019f,108,4.298623210909769,867.0573606491089,93,97,291
hardened,1,j-reversible-sp-unigram-48k,kanbun,sha256:8cf9f81c3d2f5c485c33e13c42cadd4fd6711c3a8efa4152006ca3731840b10b,109,5.47120419824168,637.1147603988647,62,56,168
hardened,1,j-reversible-sp-unigram-48k,kakikudashi,sha256:8cf9f81c3d2f5c485c33e13c42cadd4fd6711c3a8efa4152006ca3731840b10b,109,3.8745784339436153,845.9807319641113,89,105,315
hardened,1,j-reversible-sp-unigram-48k,kanbun,sha256:b4c592753a39280ebfad02078a2b8ed25e571017aa656aeb61d62c854d2093d5,113,5.63030451321056,655.6417894363403,64,56,168
hardened,1,j-reversible-sp-unigram-48k,kakikudashi,sha256:b4c592753a39280ebfad02078a2b8ed25e571017aa656aeb61d62c854d2093d5,113,4.130255576612283,824.508002281189,84,96,288
hardened,1,j-reversible-sp-unigram-48k,kanbun,sha256:37c3ca7f410f6c280be86fcab026aa3c5701bc11b27ab6c99a44204b0ae05f0c,114,5.811883763232913,676.7864618301392,66,56,168
hardened,1,j-reversible-sp-unigram-48k,kakikudashi,sha256:37c3ca7f410f6c280be86fcab026aa3c5701bc11b27ab6c99a44204b0ae05f0c,114,3.94720267176183,820.7977209091187,82,100,300
hardened,1,j-reversible-sp-unigram-48k,kanbun,sha256:bcca021c7fd2e442aa26544a24f58c8d061bf060f295c425b18c8e979f6f0e94,115,5.719117787304872,665.9839820861816,65,56,168
hardened,1,j-reversible-sp-unigram-48k,kakikudashi,sha256:bcca021c7fd2e442aa26544a24f58c8d061bf060f295c425b18c8e979f6f0e94,115,3.7379757526371824,816.1547164916992,84,105,315
hardened,1,j-reversible-sp-unigram-48k,kanbun,sha256:8696556357d8362c810520aa50632814027c40ea61fab440c87c6eacb2a3d5c5,118,5.141566541849243,598.7288751602173,58,56,168
hardened,1,j-reversible-sp-unigram-48k,kakikudashi,sha256:8696556357d8362c810520aa50632814027c40ea61fab440c87c6eacb2a3d5c5,118,3.565013425975319,748.7369384765625,77,101,303
hardened,1,j-reversible-sp-unigram-48k,kanbun,sha256:ec967ff13021a35a13e3153f1cf0aa2dfd998654e65a3a148bf16ff4ec4b66dc,119,5.641084999990395,656.8971633911133,65,56,168
hardened,1,j-reversible-sp-unigram-48k,kakikudashi,sha256:ec967ff13021a35a13e3153f1cf0aa2dfd998654e65a3a148bf16ff4ec4b66dc,119,3.6011366442375063,853.6722574234009,90,114,342
hardened,1,j-reversible-sp-unigram-48k,kanbun,sha256:4001788b5e688a0118b4845f7b92da545247683f7a3a6c66aa2997dafc1b2415,120,5.23299429620197,609.3755207061768,62,56,168
hardened,1,j-reversible-sp-unigram-48k,kakikudashi,sha256:4001788b5e688a0118b4845f7b92da545247683f7a3a6c66aa2997dafc1b2415,120,3.8883803257556377,768.1376600265503,82,95,285
hardened,1,j-reversible-sp-unigram-48k,kanbun,sha256:58c0acb7888b74ca4740dd0c51fb6a293e387778b49c6e61a997b398b080bcd2,121,4.888842761834419,569.2995128631592,53,56,168
hardened,1,j-reversible-sp-unigram-48k,kakikudashi,sha256:58c0acb7888b74ca4740dd0c51fb6a293e387778b49c6e61a997b398b080bcd2,121,3.36323144153164,727.3388900756836,75,104,312
hardened,1,j-reversible-sp-unigram-48k,kanbun,sha256:6ca82aafcaba41c7b10dad6655d0e7afed685e90a54c6af050ef1388ca7bd3f1,122,5.2527039911802005,611.6706895828247,60,56,168
hardened,1,j-reversible-sp-unigram-48k,kakikudashi,sha256:6ca82aafcaba41c7b10dad6655d0e7afed685e90a54c6af050ef1388ca7bd3f1,122,4.028699121488256,712.082766532898,70,85,255
hardened,1,j-reversible-sp-unigram-48k,kanbun,sha256:b29056e54351984271d354223350c2c0e94dcae8431803e264550f6df5528ae0,125,5.930247178294973,690.569730758667,68,56,168
hardened,1,j-reversible-sp-unigram-48k,kakikudashi,sha256:b29056e54351984271d354223350c2c0e94dcae8431803e264550f6df5528ae0,125,4.313957867615344,843.2385807037354,88,94,282
hardened,1,j-reversible-sp-unigram-48k,kanbun,sha256:fdaf3e5c564d1fef3cb339a1a78ce321007ffcd4ae76634df06491404e2d790d,126,5.1840030643980395,603.6705541610718,59,56,168
hardened,1,j-reversible-sp-unigram-48k,kakikudashi,sha256:fdaf3e5c564d1fef3cb339a1a78ce321007ffcd4ae76634df06491404e2d790d,126,3.9481165301876366,706.049467086792,74,86,258
hardened,1,j-reversible-sp-unigram-48k,kanbun,sha256:c0d9a39e666a7ba3cb128c960ab59085693db00266fdb3598d712d408ad50f9e,127,4.838661762241469,563.4559993743896,55,56,168
hardened,1,j-reversible-sp-unigram-48k,kakikudashi,sha256:c0d9a39e666a7ba3cb128c960ab59085693db00266fdb3598d712d408ad50f9e,127,3.3259204889477454,719.2699518203735,73,104,312
hardened,1,j-reversible-sp-unigram-48k,kanbun,sha256:1d033e07cbbd2f56baeb0de3a7267aec96aa26f40a520548be699e34c6f593fb,128,5.126246138948432,596.9448337554932,58,56,168
hardened,1,j-reversible-sp-unigram-48k,kakikudashi,sha256:1d033e07cbbd2f56baeb0de3a7267aec96aa26f40a520548be699e34c6f593fb,128,4.482454103186454,652.4700889587402,68,70,210
hardened,1,j-reversible-sp-unigram-48k,kanbun,sha256:ef3091af73f81f7aa9ad98903d1a6564c5e70fc6bfac57c05e0216140de53019,129,4.685470050467032,545.6170196533203,53,56,168
hardened,1,j-reversible-sp-unigram-48k,kakikudashi,sha256:ef3091af73f81f7aa9ad98903d1a6564c5e70fc6bfac57c05e0216140de53019,129,3.3556240150531242,676.8489255905151,70,97,291
hardened,1,j-reversible-sp-unigram-48k,kanbun,sha256:e174fe180684df3732dfd1d6a206c5942d559b99d607abfc74a545d2f1500770,130,5.257258018068198,612.201000213623,59,56,168
hardened,1,j-reversible-sp-unigram-48k,kakikudashi,sha256:e174fe180684df3732dfd1d6a206c5942d559b99d607abfc74a545d2f1500770,130,3.7560706343853725,710.7581672668457,72,91,273
hardened,1,j-reversible-sp-unigram-48k,kanbun,sha256:3f340092ec4937ce4da75f03b7a9c1cf4575f5587981b6871f8c192d11518453,131,5.052412660209722,588.3470191955566,57,56,168
hardened,1,j-reversible-sp-unigram-48k,kakikudashi,sha256:3f340092ec4937ce4da75f03b7a9c1cf4575f5587981b6871f8c192d11518453,131,3.833506350853793,725.4112644195557,75,91,273
hardened,1,j-reversible-sp-unigram-48k,kanbun,sha256:91d058c7a65dd9d33e6dd58407e1488f3ba7826aa7baa09aaa0a5429aa8cc05d,132,5.295536221239683,616.6584482192993,58,56,168
hardened,1,j-reversible-sp-unigram-48k,kakikudashi,sha256:91d058c7a65dd9d33e6dd58407e1488f3ba7826aa7baa09aaa0a5429aa8cc05d,132,4.01513066087065,818.2244901657104,89,98,294
hardened,1,j-reversible-sp-unigram-48k,kanbun,sha256:5b5f45eb2388dab30abcd3256c93789b4918dffce8f69c674566013f3a27aba2,133,5.4128837347830965,630.3234167098999,62,56,168
hardened,1,j-reversible-sp-unigram-48k,kakikudashi,sha256:5b5f45eb2388dab30abcd3256c93789b4918dffce8f69c674566013f3a27aba2,133,4.060210737098758,726.095495223999,73,86,258
hardened,1,j-reversible-sp-unigram-48k,kanbun,sha256:02073f4ed359875da9e83585c0adbde6729e0f9ecc81c747f6ef45581130e11b,135,4.839131561516076,563.5107069015503,54,56,168
hardened,1,j-reversible-sp-unigram-48k,kakikudashi,sha256:02073f4ed359875da9e83585c0adbde6729e0f9ecc81c747f6ef45581130e11b,135,3.467234665979422,713.781268119812,76,99,297
hardened,1,j-reversible-sp-unigram-48k,kanbun,sha256:b54fd728dcb08f9a2f95f919a11295f926c265039dfdaca0b6895bc7ea755997,136,4.98965556030683,581.0390348434448,55,56,168
hardened,1,j-reversible-sp-unigram-48k,kakikudashi,sha256:b54fd728dcb08f9a2f95f919a11295f926c265039dfdaca0b6895bc7ea755997,136,3.515010578947996,789.3999738693237,82,108,324
hardened,1,j-reversible-sp-unigram-48k,kanbun,sha256:bfac3b8d09815884099ca4b763e3d17dfd63f946c3aa7658cb6f6c34b89519e0,137,5.449630923827651,634.6025800704956,59,56,168
hardened,1,j-reversible-sp-unigram-48k,kakikudashi,sha256:bfac3b8d09815884099ca4b763e3d17dfd63f946c3aa7658cb6f6c34b89519e0,137,3.942065631034694,803.3349132537842,83,98,294
hardened,1,j-reversible-sp-unigram-48k,kanbun,sha256:6c1c55a0b553530a2286c0f85a6c01232aadb888057449e668db93ec052e0c43,138,4.817658159884298,561.0101566314697,53,56,168
hardened,1,j-reversible-sp-unigram-48k,kakikudashi,sha256:6c1c55a0b553530a2286c0f85a6c01232aadb888057449e668db93ec052e0c43,138,3.507677993527951,700.2250881195068,73,96,288
hardened,1,j-reversible-sp-unigram-48k,kanbun,sha256:40390ea59b79592830d41047399a379e80ec9cf836a1366b3e62e790630c20ff,139,6.057647839418771,705.4053754806519,69,56,168
hardened,1,j-reversible-sp-unigram-48k,kakikudashi,sha256:40390ea59b79592830d41047399a379e80ec9cf836a1366b3e62e790630c20ff,139,4.401519870024131,832.8959970474243,86,91,273
hardened,1,j-reversible-sp-unigram-48k,kanbun,sha256:ebebd64bf0b5de4732dae311570358196fce950bbab9cecdef7c49808c0fa99f,141,6.260290805467529,260.35817527770996,25,20,60
hardened,1,j-reversible-sp-unigram-48k,kakikudashi,sha256:ebebd64bf0b5de4732dae311570358196fce950bbab9cecdef7c49808c0fa99f,141,4.188686498868258,339.69501972198486,35,39,117
hardened,1,j-reversible-sp-unigram-48k,kanbun,sha256:a710253a4182d22d7f68a0b8ce0d379b9f0b4ee8e8ce83fd3dff73f68a08fb08,142,4.886224248992322,203.21235370635986,20,20,60
hardened,1,j-reversible-sp-unigram-48k,kakikudashi,sha256:a710253a4182d22d7f68a0b8ce0d379b9f0b4ee8e8ce83fd3dff73f68a08fb08,142,3.9984991239450887,257.7540006637573,28,31,93
hardened,1,j-reversible-sp-unigram-48k,kanbun,sha256:725646d6032955b3d05f353f8bbaee87abbe9f31a68b8aa49702706d6e647ba0,143,5.682963918750635,236.347825050354,23,20,60
hardened,1,j-reversible-sp-unigram-48k,kakikudashi,sha256:725646d6032955b3d05f353f8bbaee87abbe9f31a68b8aa49702706d6e647ba0,143,4.232739011142821,316.86240005493164,33,36,108
hardened,1,j-reversible-sp-unigram-48k,kanbun,sha256:c82a7a1355653c92751da93125add2f0fa9212cec47b9a1d912e8106220e4b24,145,5.254390995209395,218.5239782333374,21,20,60
hardened,1,j-reversible-sp-unigram-48k,kakikudashi,sha256:c82a7a1355653c92751da93125add2f0fa9212cec47b9a1d912e8106220e4b24,145,3.5813869504454123,275.5495376586914,29,37,111
hardened,1,j-reversible-sp-unigram-48k,kanbun,sha256:95d997c8ce33b8c1dc8387c5da04b0c45cf859e5f09b827d78a186928532cc9b,146,4.534114651507546,188.5685272216797,19,20,60
hardened,1,j-reversible-sp-unigram-48k,kakikudashi,sha256:95d997c8ce33b8c1dc8387c5da04b0c45cf859e5f09b827d78a186928532cc9b,146,3.1255893916228725,246.98025608062744,25,38,114
hardened,1,j-reversible-sp-unigram-48k,kanbun,sha256:c92387cbae2b90fa7d8bab25d67e9c636fdb3cba0887b1b7b0d13f1fa3ab0cb8,147,4.956819091311965,206.14831066131592,20,20,60
hardened,1,j-reversible-sp-unigram-48k,kakikudashi,sha256:c92387cbae2b90fa7d8bab25d67e9c636fdb3cba0887b1b7b0d13f1fa3ab0cb8,147,3.890828871783896,234.6317844390869,24,29,87
hardened,1,j-reversible-sp-unigram-48k,kanbun,sha256:93e4fcc5ba6b74de227ba1b803ecc0ca5117d2d9d57875f7a0fe545f28bab9bc,148,4.597160028729815,191.1905107498169,19,20,60
hardened,1,j-reversible-sp-unigram-48k,kakikudashi,sha256:93e4fcc5ba6b74de227ba1b803ecc0ca5117d2d9d57875f7a0fe545f28bab9bc,148,3.863182570853951,224.9313449859619,24,28,84
hardened,1,j-reversible-sp-unigram-48k,kanbun,sha256:f3f9371b02ca1e1bd14201a06b99a374f12942a3c9b6998dfaac30c83bd4a481,150,4.409935908451223,183.40407848358154,18,20,60
hardened,1,j-reversible-sp-unigram-48k,kakikudashi,sha256:f3f9371b02ca1e1bd14201a06b99a374f12942a3c9b6998dfaac30c83bd4a481,150,2.7149642905788407,231.46999073028564,24,41,123
hardened,1,j-reversible-sp-unigram-48k,kanbun,sha256:37d69a2bb02637d1b267db8e41d353b8cba11b1554864e0d823a2a734f4f1e69,151,4.200656870612104,174.70040798187256,17,20,60
hardened,1,j-reversible-sp-unigram-48k,kakikudashi,sha256:37d69a2bb02637d1b267db8e41d353b8cba11b1554864e0d823a2a734f4f1e69,151,2.89439238751673,240.7487907409668,26,40,120
hardened,1,j-reversible-sp-unigram-48k,kanbun,sha256:d0f0fb23274d9b86a466b29e9ce6740f553deb34661507ee079726f4cdcdf8d6,155,4.969653904304636,206.68209552764893,20,20,60
hardened,1,j-reversible-sp-unigram-48k,kakikudashi,sha256:d0f0fb23274d9b86a466b29e9ce6740f553deb34661507ee079726f4cdcdf8d6,155,3.4623673392311267,259.1924571990967,26,36,108
hardened,1,j-reversible-sp-unigram-48k,kanbun,sha256:2297055a181a7d119623c331debcddb1c40a1086ed01997f39043746ad467ba2,156,4.574254393254041,190.2378921508789,18,20,60
hardened,1,j-reversible-sp-unigram-48k,kakikudashi,sha256:2297055a181a7d119623c331debcddb1c40a1086ed01997f39043746ad467ba2,156,3.3407904110730278,257.03819942474365,26,37,111
hardened,1,j-reversible-sp-unigram-48k,kanbun,sha256:f2a324305c2fb3858679ae70e310a30b8480f731708f91979782f3feab66f0e9,157,4.809702357110485,200.02989768981934,20,20,60
hardened,1,j-reversible-sp-unigram-48k,kakikudashi,sha256:f2a324305c2fb3858679ae70e310a30b8480f731708f91979782f3feab66f0e9,157,3.149050928688943,268.47896003723145,29,41,123
hardened,1,j-reversible-sp-unigram-48k,kanbun,sha256:63138c8df014f107c380b0cf80cdeafef7f67d366132b8366c45bc3932922676,158,4.928802865245192,204.9831485748291,20,20,60
hardened,1,j-reversible-sp-unigram-48k,kakikudashi,sha256:63138c8df014f107c380b0cf80cdeafef7f67d366132b8366c45bc3932922676,158,3.225287455813629,261.56507205963135,27,39,117
hardened,1,j-reversible-sp-unigram-48k,kanbun,sha256:b5433f104d7c7fee81ae0f709efb0e59885b2782d555f6e7a1e46d58b12fa53e,160,5.3871949663097505,224.04714012145996,22,20,60
hardened,1,j-reversible-sp-unigram-48k,kakikudashi,sha256:b5433f104d7c7fee81ae0f709efb0e59885b2782d555f6e7a1e46d58b12fa53e,160,3.92321661584075,269.21728706359863,27,33,99
hardened,1,j-reversible-sp-unigram-48k,kanbun,sha256:58b50a9961a5c0c47285ddf483922e3341fc7d56bc5998b16a06aea67e9e6b65,161,4.624165065602575,192.31361865997314,20,20,60
hardened,1,j-reversible-sp-unigram-48k,kakikudashi,sha256:58b50a9961a5c0c47285ddf483922e3341fc7d56bc5998b16a06aea67e9e6b65,161,3.5173069820709375,234.0490961074829,24,32,96
hardened,1,j-reversible-sp-unigram-48k,kanbun,sha256:46cfbe016161f539c76c0eadae3251504d8ddc1b1f2da8a2c4b5df05e1b10a54,162,4.444215467490177,184.82972526550293,18,20,60
hardened,1,j-reversible-sp-unigram-48k,kakikudashi,sha256:46cfbe016161f539c76c0eadae3251504d8ddc1b1f2da8a2c4b5df05e1b10a54,162,3.503179387912701,218.5397024154663,22,30,90
hardened,1,j-reversible-sp-unigram-48k,kanbun,sha256:b4d24acf51e9b6d9b6333dbc44b08b2e8d3a2c225ef8d782960a18bee55391ac,164,4.905263141201197,204.00415897369385,20,20,60
hardened,1,j-reversible-sp-unigram-48k,kakikudashi,sha256:b4d24acf51e9b6d9b6333dbc44b08b2e8d3a2c225ef8d782960a18bee55391ac,164,3.4892708410746667,282.9736547470093,29,39,117
hardened,1,j-reversible-sp-unigram-48k,kanbun,sha256:d9148e62ba7d224cec49e8c2d03eebe88c4e917c46770162b98f1c252aacbbcb,165,4.979718627136388,207.10067558288574,20,20,60
hardened,1,j-reversible-sp-unigram-48k,kakikudashi,sha256:d9148e62ba7d224cec49e8c2d03eebe88c4e917c46770162b98f1c252aacbbcb,165,3.847375513286796,240.01177406311035,25,30,90
hardened,1,j-reversible-sp-unigram-48k,kanbun,sha256:1cdb06ba578c18a0d92a5d2b673ada1f2bbd306ad128e71590475f97181af08d,166,5.947879963281414,247.3653736114502,24,20,60
hardened,1,j-reversible-sp-unigram-48k,kakikudashi,sha256:1cdb06ba578c18a0d92a5d2b673ada1f2bbd306ad128e71590475f97181af08d,166,3.7930325379107797,276.058629989624,28,35,105
hardened,1,j-reversible-sp-unigram-48k,kanbun,sha256:efd8c8b4f2379cf233f2447c3caa970976e4ce7c343d8e15de25fabbc90d8ea5,167,5.110384785093459,212.53492832183838,21,20,60
hardened,1,j-reversible-sp-unigram-48k,kakikudashi,sha256:efd8c8b4f2379cf233f2447c3caa970976e4ce7c343d8e15de25fabbc90d8ea5,167,3.840097081258386,247.54297924041748,25,31,93
hardened,1,j-reversible-sp-unigram-48k,kanbun,sha256:08cc3131bd9ab70eefb959fd2084c0e6e730dc7282b6b2cfd773b6c62ef623b1,168,5.452383063913608,226.7582368850708,23,20,60
hardened,1,j-reversible-sp-unigram-48k,kakikudashi,sha256:08cc3131bd9ab70eefb959fd2084c0e6e730dc7282b6b2cfd773b6c62ef623b1,168,4.401755198232121,274.595778465271,29,30,90
hardened,1,j-reversible-sp-unigram-48k,kanbun,sha256:541f1d6c550da5f769a4fa1633129030f6345608bfd24cbc284a0d5d993ba39e,170,5.639688382934428,234.54804611206055,23,20,60
hardened,1,j-reversible-sp-unigram-48k,kakikudashi,sha256:541f1d6c550da5f769a4fa1633129030f6345608bfd24cbc284a0d5d993ba39e,170,3.9355120743179577,278.2446880340576,29,34,102
hardened,1,j-reversible-sp-unigram-48k,kanbun,sha256:27e9e2d2d1822853dc9cbea63f6da0af913dc5d06bc057116d102dd86818c903,171,5.067047381384983,210.73257637023926,21,20,60
hardened,1,j-reversible-sp-unigram-48k,kakikudashi,sha256:27e9e2d2d1822853dc9cbea63f6da0af913dc5d06bc057116d102dd86818c903,171,4.076896523989957,262.80770778656006,28,31,93
hardened,1,j-reversible-sp-unigram-48k,kanbun,sha256:6003bd819db6d1b6be1af44a06c35c90279c5ab069232dd647c7895a664ac21c,172,5.0504092064650115,210.0406141281128,21,20,60
hardened,1,j-reversible-sp-unigram-48k,kakikudashi,sha256:6003bd819db6d1b6be1af44a06c35c90279c5ab069232dd647c7895a664ac21c,172,4.371901492472259,354.55342960357666,36,39,117
hardened,1,j-reversible-sp-unigram-48k,kanbun,sha256:20dd2aad581146d93facd1bf8ebb5fd2db2ab82b03d63159dd64c1ac8ad32d69,174,5.266280316380681,219.01844120025635,21,20,60
hardened,1,j-reversible-sp-unigram-48k,kakikudashi,sha256:20dd2aad581146d93facd1bf8ebb5fd2db2ab82b03d63159dd64c1ac8ad32d69,174,3.028242183843037,283.3673667907715,28,45,135
hardened,1,j-reversible-sp-unigram-48k,kanbun,sha256:ec3fcaa5389562f70e9352f004b5a58f35e5aa32e106c2d68b7ef4093c1c1154,175,6.356701115060443,264.3677673339844,25,20,60
hardened,1,j-reversible-sp-unigram-48k,kakikudashi,sha256:ec3fcaa5389562f70e9352f004b5a58f35e5aa32e106c2d68b7ef4093c1c1154,175,4.026635520627172,343.299280166626,37,41,123
hardened,1,j-reversible-sp-unigram-48k,kanbun,sha256:b03e4f3d5c59272c852f4424c6b0ca33d74773d02cfd03076bbb0a63f6ece36c,176,4.5481247022121325,189.15118885040283,19,20,60
hardened,1,j-reversible-sp-unigram-48k,kakikudashi,sha256:b03e4f3d5c59272c852f4424c6b0ca33d74773d02cfd03076bbb0a63f6ece36c,176,3.6821553533457556,260.3321113586426,27,34,102
hardened,1,j-reversible-sp-unigram-48k,kanbun,sha256:c12052fac471416f40bdd8e54f982ef43af92421536d06be6728913a1c3b2a74,177,4.645232252402665,193.1897783279419,19,20,60
hardened,1,j-reversible-sp-unigram-48k,kakikudashi,sha256:c12052fac471416f40bdd8e54f982ef43af92421536d06be6728913a1c3b2a74,177,2.812214903488819,280.69615173339844,29,48,144
hardened,1,j-reversible-sp-unigram-48k,kanbun,sha256:17e4cde680a171bb0bc06d0b374e0a35309d940ee80bbe1877e616a58b9b5f65,178,5.629187626755187,234.11133193969727,23,20,60
hardened,1,j-reversible-sp-unigram-48k,kakikudashi,sha256:17e4cde680a171bb0bc06d0b374e0a35309d940ee80bbe1877e616a58b9b5f65,178,3.5460914121646114,324.45115089416504,34,44,132
hardened,1,j-reversible-sp-unigram-48k,kanbun,sha256:537c4deb49b8fbf57d7d533af3f71cb584a24f292df4003eaa93dcb8bf9f656b,180,5.282739078999272,219.70294189453125,22,20,60
hardened,1,j-reversible-sp-unigram-48k,kakikudashi,sha256:537c4deb49b8fbf57d7d533af3f71cb584a24f292df4003eaa93dcb8bf9f656b,180,4.0379250518841046,235.1056146621704,24,28,84
hardened,1,j-reversible-sp-unigram-48k,kanbun,sha256:1543f0eb0ec3c87a0857c70479c3763ac032cb6b01385db68e9c36abe64965d8,181,5.147589035230947,214.08220958709717,20,20,60
hardened,1,j-reversible-sp-unigram-48k,kakikudashi,sha256:1543f0eb0ec3c87a0857c70479c3763ac032cb6b01385db68e9c36abe64965d8,181,3.2392859616315492,262.70032596588135,28,39,117
hardened,1,j-reversible-sp-unigram-48k,kanbun,sha256:f599ca22e241d5642b42db0e5265206745023ee703e328c7e4a2ccc8b679f324,182,4.600255647652285,191.3192539215088,19,20,60
hardened,1,j-reversible-sp-unigram-48k,kakikudashi,sha256:f599ca22e241d5642b42db0e5265206745023ee703e328c7e4a2ccc8b679f324,182,3.5736813510250487,304.68171977996826,33,41,123
hardened,1,j-reversible-sp-unigram-48k,kanbun,sha256:ef20c949f74f9a74bbf1bbd7aa10f372e25ef2f3a5625829c418798b7e90418b,183,4.932707031936919,205.14551830291748,19,20,60
hardened,1,j-reversible-sp-unigram-48k,kakikudashi,sha256:ef20c949f74f9a74bbf1bbd7aa10f372e25ef2f3a5625829c418798b7e90418b,183,3.208984770537564,260.2429533004761,25,39,117
hardened,1,j-reversible-sp-unigram-48k,kanbun,sha256:26f643e5ddb3ec96ed43c0a51a63fc966a990dce828b1aef189e7ff561f2c9cc,185,7.258996741957211,301.8931875228882,30,20,60
hardened,1,j-reversible-sp-unigram-48k,kakikudashi,sha256:26f643e5ddb3ec96ed43c0a51a63fc966a990dce828b1aef189e7ff561f2c9cc,185,4.611697751955599,354.82096767425537,37,37,111
hardened,1,j-reversible-sp-unigram-48k,kanbun,sha256:1fde20099244cbf0268af498731d9c131d6053dba57b8ed220e16b805ecc4aa5,186,7.200788915669432,299.47239208221436,28,20,60
hardened,1,j-reversible-sp-unigram-48k,kakikudashi,sha256:1fde20099244cbf0268af498731d9c131d6053dba57b8ed220e16b805ecc4aa5,186,4.821568278986088,380.9944362640381,38,38,114
hardened,1,j-reversible-sp-unigram-48k,kanbun,sha256:a60bb7c868c16d0b2085e5781ee0922037c79c60f7021ffe169f6b00413949ff,188,5.470523404099275,227.5126724243164,22,20,60
hardened,1,j-reversible-sp-unigram-48k,kakikudashi,sha256:a60bb7c868c16d0b2085e5781ee0922037c79c60f7021ffe169f6b00413949ff,188,3.830372459279875,262.8461751937866,27,33,99
hardened,1,j-reversible-sp-unigram-48k,kanbun,sha256:7bdae5cf4a3e33c59c8885ca731088d3471afa0c8cd5d7ac0ed43e5e4833cec8,189,6.400102175280759,266.17276668548584,25,20,60
hardened,1,j-reversible-sp-unigram-48k,kakikudashi,sha256:7bdae5cf4a3e33c59c8885ca731088d3471afa0c8cd5d7ac0ed43e5e4833cec8,189,4.742118085257473,335.2725496292114,34,34,102
hardened,1,j-reversible-sp-unigram-48k,kanbun,sha256:2d3a39431d0e3e54c00957a911c0b56d8cb87cc6d716198e3e7c1334ce30d3a7,190,4.486458740504885,186.58657360076904,19,20,60
hardened,1,j-reversible-sp-unigram-48k,kakikudashi,sha256:2d3a39431d0e3e54c00957a911c0b56d8cb87cc6d716198e3e7c1334ce30d3a7,190,3.324670182067137,283.4517488479614,30,41,123
hardened,1,j-reversible-sp-unigram-48k,kanbun,sha256:532a7b2271df1f5aff396fde6fa067129d53514d8c3e188471baea07844a2a7b,191,5.478672125545316,227.8515682220459,22,20,60
hardened,1,j-reversible-sp-unigram-48k,kakikudashi,sha256:532a7b2271df1f5aff396fde6fa067129d53514d8c3e188471baea07844a2a7b,191,3.2749944382277913,292.83685779571533,30,43,129
hardened,1,j-reversible-sp-unigram-48k,kanbun,sha256:317029be6482e79a4f0eab267d258b282d08dc6d6e488dd9b7504045b9634251,192,5.69346758716943,236.78466033935547,23,20,60
hardened,1,j-reversible-sp-unigram-48k,kakikudashi,sha256:317029be6482e79a4f0eab267d258b282d08dc6d6e488dd9b7504045b9634251,192,3.8839768326526323,282.67759704589844,30,35,105
hardened,1,j-reversible-sp-unigram-48k,kanbun,sha256:aff1efedbcf7c2745d2aed3393452d82217b77a0471588f975ef7780c2e4affb,193,5.088297488932531,211.61634349822998,19,20,60
hardened,1,j-reversible-sp-unigram-48k,kakikudashi,sha256:aff1efedbcf7c2745d2aed3393452d82217b77a0471588f975ef7780c2e4affb,193,3.460427682860236,251.85149765014648,24,35,105
hardened,1,j-reversible-sp-unigram-48k,kanbun,sha256:9b38a73001aa60bbb7725572f504f25dec15ed5ef0706da0086f73cff35849c6,194,5.077228937764222,211.15601539611816,20,20,60
hardened,1,j-reversible-sp-unigram-48k,kakikudashi,sha256:9b38a73001aa60bbb7725572f504f25dec15ed5ef0706da0086f73cff35849c6,194,4.083257055916116,271.7086191177368,28,32,96
hardened,1,j-reversible-sp-unigram-48k,kanbun,sha256:4b809b255a7b09ef0856a3fd244bac5efb2d6d4d7aaa88c8b196b55d0dc24338,196,5.196860276083572,216.13134288787842,21,20,60
hardened,1,j-reversible-sp-unigram-48k,kakikudashi,sha256:4b809b255a7b09ef0856a3fd244bac5efb2d6d4d7aaa88c8b196b55d0dc24338,196,3.67780063700732,267.67199993133545,28,35,105
hardened,1,j-reversible-sp-unigram-48k,kanbun,sha256:b86b595ab18b83df5bcd05904ef45ba3b215ef461ac2e6b07901a4750982c9f1,197,5.739909529967201,238.71612644195557,23,20,60
hardened,1,j-reversible-sp-unigram-48k,kakikudashi,sha256:b86b595ab18b83df5bcd05904ef45ba3b215ef461ac2e6b07901a4750982c9f1,197,3.765508631018297,274.05542755126953,27,35,105
hardened,1,j-reversible-sp-unigram-48k,kanbun,sha256:fa846c61bf98b31eec936ff30e32da64298e852253448ae6b7431d84ff91a93c,198,5.476561348074746,227.76378345489502,22,20,60
hardened,1,j-reversible-sp-unigram-48k,kakikudashi,sha256:fa846c61bf98b31eec936ff30e32da64298e852253448ae6b7431d84ff91a93c,198,3.6081749968642636,307.6225481033325,33,41,123
hardened,1,j-reversible-sp-unigram-48k,kanbun,sha256:e7facfb844725166b3323bb18bc7c8d0a103741c543ad23a6b0872312c27b00a,199,4.372336258733891,181.84035301208496,18,20,60
hardened,1,j-reversible-sp-unigram-48k,kakikudashi,sha256:e7facfb844725166b3323bb18bc7c8d0a103741c543ad23a6b0872312c27b00a,199,2.9321170473281484,256.0809717178345,26,42,126
hardened,1,j-reversible-sp-unigram-48k,kanbun,sha256:cb9fa44825fdf64ca0cc20b43e52b6794cdaa8f9281d5127111a3e7db5152e1a,200,5.924907392157925,246.40997123718262,24,20,60
hardened,1,j-reversible-sp-unigram-48k,kakikudashi,sha256:cb9fa44825fdf64ca0cc20b43e52b6794cdaa8f9281d5127111a3e7db5152e1a,200,4.239389528544485,299.7291316986084,32,34,102
hardened,1,j-reversible-sp-unigram-48k,kanbun,sha256:d6e2432872cc14e525892992dba6be69f57465e92100f664763ac948afad6ca6,201,5.767661315510007,239.8702907562256,22,20,60
hardened,1,j-reversible-sp-unigram-48k,kakikudashi,sha256:d6e2432872cc14e525892992dba6be69f57465e92100f664763ac948afad6ca6,201,4.269791473214494,266.36345291137695,23,30,90
hardened,1,j-reversible-sp-unigram-48k,kanbun,sha256:5f5b3982dab2403ac9654c377bda065e729fe09856a43043f143e68a8a6400ee,202,5.9225960599854295,246.31384563446045,23,20,60
hardened,1,j-reversible-sp-unigram-48k,kakikudashi,sha256:5f5b3982dab2403ac9654c377bda065e729fe09856a43043f143e68a8a6400ee,202,4.555959679221828,293.6894063949585,29,31,93
hardened,1,j-reversible-sp-unigram-48k,kanbun,sha256:0f84e76693e8fbf368fe0c04314a40e46d2eefca885c9796f874cadef3c1330d,203,4.700802873791094,195.5008955001831,19,20,60
hardened,1,j-reversible-sp-unigram-48k,kakikudashi,sha256:0f84e76693e8fbf368fe0c04314a40e46d2eefca885c9796f874cadef3c1330d,203,3.589488143633721,238.8521842956543,23,32,96
hardened,1,j-reversible-sp-unigram-48k,kanbun,sha256:31b0bc057ce4440bc36fe72505c6bc4a0d66b128b0b6577d1fb6877d51956894,204,4.724732379315005,196.49609565734863,18,20,60
hardened,1,j-reversible-sp-unigram-48k,kakikudashi,sha256:31b0bc057ce4440bc36fe72505c6bc4a0d66b128b0b6577d1fb6877d51956894,204,3.22256108785638,241.24058628082275,24,36,108
hardened,1,j-reversible-sp-unigram-48k,kanbun,sha256:b69b0b5bb921e91c08a90a0c477ed443dddc07adcc03a27e44adbf5114a8c4f3,205,4.758800468486458,197.91294765472412,20,20,60
hardened,1,j-reversible-sp-unigram-48k,kakikudashi,sha256:b69b0b5bb921e91c08a90a0c477ed443dddc07adcc03a27e44adbf5114a8c4f3,205,3.384090319209636,239.25861167907715,25,34,102
hardened,1,j-reversible-sp-unigram-48k,kanbun,sha256:f2527f6afd47070aebc0483c349437b1252993e2783bdfdf91660f614192b86b,207,5.399123797628695,224.54324626922607,21,20,60
hardened,1,j-reversible-sp-unigram-48k,kakikudashi,sha256:f2527f6afd47070aebc0483c349437b1252993e2783bdfdf91660f614192b86b,207,3.156979608092871,328.23772716522217,35,50,150
hardened,1,j-reversible-sp-unigram-48k,kanbun,sha256:5ea56c919858c6b27fc31fafeef6d65215312c432b7dcd42c15da4fc1dba28e7,208,4.447470548726527,184.9651002883911,18,20,60
hardened,1,j-reversible-sp-unigram-48k,kakikudashi,sha256:5ea56c919858c6b27fc31fafeef6d65215312c432b7dcd42c15da4fc1dba28e7,208,2.993086368217967,273.8537178039551,30,44,132
hardened,1,j-reversible-sp-unigram-48k,kanbun,sha256:89ef6c35503bd77477e7e6111767b655e2b57b714375233b40ef9dc5dd12dc3b,209,5.221020169566579,217.13612461090088,22,20,60
hardened,1,j-reversible-sp-unigram-48k,kakikudashi,sha256:89ef6c35503bd77477e7e6111767b655e2b57b714375233b40ef9dc5dd12dc3b,209,4.010773161892152,266.88538646698,29,32,96
hardened,1,j-reversible-sp-unigram-48k,kanbun,sha256:0097773272bafa08c1d34bbcbc1cf8baaca409b3f77d60dd34c0ad2bc423065d,210,5.068145777248493,210.77825736999512,21,20,60
hardened,1,j-reversible-sp-unigram-48k,kakikudashi,sha256:0097773272bafa08c1d34bbcbc1cf8baaca409b3f77d60dd34c0ad2bc423065d,210,4.210775083870112,262.68181896209717,28,30,90
hardened,1,j-reversible-sp-unigram-48k,kanbun,sha256:de9c54959008529be09eeafb3dd818251358e47c8f81d934422c2d98f8bb75f8,212,4.677755157714687,194.54236793518066,19,20,60
hardened,1,j-reversible-sp-unigram-48k,kakikudashi,sha256:de9c54959008529be09eeafb3dd818251358e47c8f81d934422c2d98f8bb75f8,212,3.611902738066588,247.8544397354126,25,33,99
hardened,1,j-reversible-sp-unigram-48k,kanbun,sha256:cc64249aee5bb59284feb51e63b4f9f64c8d600fd0940bb849a1d8783e4c936e,213,5.224997600867573,217.30154132843018,21,20,60
hardened,1,j-reversible-sp-unigram-48k,kakikudashi,sha256:cc64249aee5bb59284feb51e63b4f9f64c8d600fd0940bb849a1d8783e4c936e,213,3.736793749182379,279.7359895706177,28,36,108
hardened,1,j-reversible-sp-unigram-48k,kanbun,sha256:49d865d062b9cf63e5e9dd51201c423717648afa2c34023c8fca99bbca4788cb,219,5.697217500164702,331.7168607711792,32,28,84
hardened,1,j-reversible-sp-unigram-48k,kakikudashi,sha256:49d865d062b9cf63e5e9dd51201c423717648afa2c34023c8fca99bbca4788cb,219,3.839188330052299,415.1351203918457,43,52,156
hardened,1,j-reversible-sp-unigram-48k,kanbun,sha256:5d0454ada80259405a8f4fd7bda31dce43b2f0b6e250342a507db9eeca304436,220,5.760033131496438,335.3742609024048,32,28,84
hardened,1,j-reversible-sp-unigram-48k,kakikudashi,sha256:5d0454ada80259405a8f4fd7bda31dce43b2f0b6e250342a507db9eeca304436,220,4.107009367454263,375.77257919311523,36,44,132
hardened,1,j-reversible-sp-unigram-48k,kanbun,sha256:28513e5ad1186259987a958686b2320f11d126d7c45d7a6cdd0ea1ba13fc756f,221,5.308292837815831,309.0719699859619,29,28,84
hardened,1,j-reversible-sp-unigram-48k,kakikudashi,sha256:28513e5ad1186259987a958686b2320f11d126d7c45d7a6cdd0ea1ba13fc756f,221,3.946144002475776,385.6714611053467,39,47,141
hardened,1,j-reversible-sp-unigram-48k,kanbun,sha256:3dc06076dde9bd9704d511b47a64df2189524d639d1f9aacc4346888bd01298b,222,5.386137525248165,313.6044273376465,32,28,84
hardened,1,j-reversible-sp-unigram-48k,kakikudashi,sha256:3dc06076dde9bd9704d511b47a64df2189524d639d1f9aacc4346888bd01298b,222,4.573771435395725,342.39205169677734,35,36,108
hardened,1,j-reversible-sp-unigram-48k,kanbun,sha256:a250008bb9fa367a44aec9bec894c189ec392ec3151d58555aed7af16ac75de0,223,5.903996368880677,343.7564287185669,33,28,84
hardened,1,j-reversible-sp-unigram-48k,kakikudashi,sha256:a250008bb9fa367a44aec9bec894c189ec392ec3151d58555aed7af16ac75de0,223,4.503196481914196,365.2012195587158,36,39,117
hardened,1,j-reversible-sp-unigram-48k,kanbun,sha256:91ad91f72087c5f28e8edf719c1616dd688ec1d7832d1c995de2fdb6e2b77176,225,4.3283600983566695,252.01601028442383,23,28,84
hardened,1,j-reversible-sp-unigram-48k,kakikudashi,sha256:91ad91f72087c5f28e8edf719c1616dd688ec1d7832d1c995de2fdb6e2b77176,225,3.293817644591741,335.61576080322266,34,49,147
hardened,1,j-reversible-sp-unigram-48k,kanbun,sha256:98c328acb7c32e7e7fb28214b3fb33c8d0b4874bef214aa80cdd8273727893ac,226,4.847419151582003,282.2378931045532,28,28,84
hardened,1,j-reversible-sp-unigram-48k,kakikudashi,sha256:98c328acb7c32e7e7fb28214b3fb33c8d0b4874bef214aa80cdd8273727893ac,226,3.243232851963615,377.670334815979,39,56,168
hardened,1,j-reversible-sp-unigram-48k,kanbun,sha256:55bcc611a9d612c5994242c986eb6a19e1ea6431d49cfe71dcc4e153b2da87c5,231,5.331795429986539,310.440393447876,32,28,84
hardened,1,j-reversible-sp-unigram-48k,kakikudashi,sha256:55bcc611a9d612c5994242c986eb6a19e1ea6431d49cfe71dcc4e153b2da87c5,231,3.6388534228922094,355.6387996673584,38,47,141
hardened,1,j-reversible-sp-unigram-48k,kanbun,sha256:011ced071397b102825c666ca6715f8dc7d49722ce4a635d7e60d1cc92407de2,232,4.837797017093631,281.67765045166016,29,28,84
hardened,1,j-reversible-sp-unigram-48k,kakikudashi,sha256:011ced071397b102825c666ca6715f8dc7d49722ce4a635d7e60d1cc92407de2,232,3.678572925685995,374.81949043273926,43,49,147
hardened,1,j-reversible-sp-unigram-48k,kanbun,sha256:4a060945067101babd48b243fe9999e1384236908b24b497ffca4e21957f2c59,233,5.039940380093351,293.4473190307617,29,28,84
hardened,1,j-reversible-sp-unigram-48k,kakikudashi,sha256:4a060945067101babd48b243fe9999e1384236908b24b497ffca4e21957f2c59,233,3.8054391233347706,348.1802806854248,38,44,132
hardened,1,j-reversible-sp-unigram-48k,kanbun,sha256:9bca45cf9879b9d4f102cb00865554ffd97772b9e3dda8343077cd79b5ccb96d,234,4.96941553635054,289.34105491638184,28,28,84
hardened,1,j-reversible-sp-unigram-48k,kakikudashi,sha256:9bca45cf9879b9d4f102cb00865554ffd97772b9e3dda8343077cd79b5ccb96d,234,3.4602760852310834,359.77209186553955,36,50,150
hardened,1,j-reversible-sp-unigram-48k,kanbun,sha256:c582349e2254b7cf39f10b21ad92a867a77db9cd81f11667938bb32c9d5f2934,235,4.687655294787494,272.9357442855835,26,28,84
hardened,1,j-reversible-sp-unigram-48k,kakikudashi,sha256:c582349e2254b7cf39f10b21ad92a867a77db9cd81f11667938bb32c9d5f2934,235,3.643070152561243,340.8998136520386,36,45,135
hardened,1,j-reversible-sp-unigram-48k,kanbun,sha256:24ad7d00c56bacf8c60d59eedf9dc5937074dec6ca528f34664779dcef0c27a6,236,4.9143433993049515,286.1345148086548,29,28,84
hardened,1,j-reversible-sp-unigram-48k,kakikudashi,sha256:24ad7d00c56bacf8c60d59eedf9dc5937074dec6ca528f34664779dcef0c27a6,236,3.6996702770527494,353.8894109725952,36,46,138
hardened,1,j-reversible-sp-unigram-48k,kanbun,sha256:4ff6cf6c1379cc59f9ee8249ac486580414fafab8f72da7c471c72c0821bfe6b,237,4.208271525323805,245.02392959594727,24,28,84
hardened,1,j-reversible-sp-unigram-48k,kakikudashi,sha256:4ff6cf6c1379cc59f9ee8249ac486580414fafab8f72da7c471c72c0821bfe6b,237,3.236443034235102,282.65975189208984,29,42,126
hardened,1,j-reversible-sp-unigram-48k,kanbun,sha256:152c453dfb635e2b4709610fb4b17e9053700561274b3da2a7da25ec0b7fdab2,239,4.555071166652842,265.2161178588867,26,28,84
hardened,1,j-reversible-sp-unigram-48k,kakikudashi,sha256:152c453dfb635e2b4709610fb4b17e9053700561274b3da2a7da25ec0b7fdab2,239,3.670605589025046,343.47643852233887,37,45,135
hardened,1,j-reversible-sp-unigram-48k,kanbun,sha256:4dbdcd5b15cf9a227576f5729dd00841052f1401389ca7f676dad6c85d8f8897,240,6.490804154657195,377.9229383468628,39,28,84
hardened,1,j-reversible-sp-unigram-48k,kakikudashi,sha256:4dbdcd5b15cf9a227576f5729dd00841052f1401389ca7f676dad6c85d8f8897,240,4.211294753803738,411.58563899993896,43,47,141
hardened,1,j-reversible-sp-unigram-48k,kanbun,sha256:b12e675fb4af745d9f089c70b50887201d49ad540e829401f5d30a8bf5302324,243,4.5114176784872395,262.6744213104248,27,28,84
hardened,1,j-reversible-sp-unigram-48k,kakikudashi,sha256:b12e675fb4af745d9f089c70b50887201d49ad540e829401f5d30a8bf5302324,243,3.4879877692053123,333.6410665512085,36,46,138
hardened,1,j-reversible-sp-unigram-48k,kanbun,sha256:78abfa26e0852f975281bfbe3d8b16fe1f137fe6efcb5d4fcc3c1d4f843aeede,244,4.510718937545734,262.6337375640869,26,28,84
hardened,1,j-reversible-sp-unigram-48k,kakikudashi,sha256:78abfa26e0852f975281bfbe3d8b16fe1f137fe6efcb5d4fcc3c1d4f843aeede,244,3.1360602673813487,332.5839538574219,34,51,153
hardened,1,j-reversible-sp-unigram-48k,kanbun,sha256:41ddde068c507811a62d55e4a7441e85ed6e0ad61265b5b78af9dc9a10e56cb3,245,5.072935759419683,295.3684539794922,29,28,84
hardened,1,j-reversible-sp-unigram-48k,kakikudashi,sha256:41ddde068c507811a62d55e4a7441e85ed6e0ad61265b5b78af9dc9a10e56cb3,245,3.991569192135845,356.91009616851807,37,43,129
hardened,1,j-reversible-sp-unigram-48k,kanbun,sha256:844d3f5bd41cbe9bb6a34a2c2735fc07761b20b9c9fd9392b6a5c24c7edc0b3c,246,4.991423238940648,290.62243938446045,28,28,84
hardened,1,j-reversible-sp-unigram-48k,kakikudashi,sha256:844d3f5bd41cbe9bb6a34a2c2735fc07761b20b9c9fd9392b6a5c24c7edc0b3c,246,3.1549722075677464,354.2713346481323,36,54,162
hardened,1,j-reversible-sp-unigram-48k,kanbun,sha256:cd026f6ff2864d5b076323ac4102e894b100f87df6a30d4acb8f5573710a99f7,247,5.255131935779631,305.97671031951904,29,28,84
hardened,1,j-reversible-sp-unigram-48k,kakikudashi,sha256:cd026f6ff2864d5b076323ac4102e894b100f87df6a30d4acb8f5573710a99f7,247,3.4090945733197837,361.5396566390991,38,51,153
hardened,1,j-reversible-sp-unigram-48k,kanbun,sha256:9eb52885ad9a2366c827dd8a4c32b6559149c8907d5d4e1edf180f81cf2431bc,248,4.47674463297069,260.6556053161621,26,28,84
hardened,1,j-reversible-sp-unigram-48k,kakikudashi,sha256:9eb52885ad9a2366c827dd8a4c32b6559149c8907d5d4e1edf180f81cf2431bc,248,3.288165084522768,369.22754192352295,40,54,162
hardened,1,j-reversible-sp-unigram-48k,kanbun,sha256:ed84cf4c7c8f6218ec2504a795d3a1087778ccca943f35ebb73cb43ef99e090e,250,5.481516482728665,319.1578063964844,31,28,84
hardened,1,j-reversible-sp-unigram-48k,kakikudashi,sha256:ed84cf4c7c8f6218ec2504a795d3a1087778ccca943f35ebb73cb43ef99e090e,250,3.537108190246139,353.0500659942627,35,48,144
hardened,1,j-reversible-sp-unigram-48k,kanbun,sha256:7f64a1b51c76c43fc7e8384d048522ff6441f753c4b021ca3065ff6222e524d9,251,6.084207947346169,354.2491331100464,33,28,84
hardened,1,j-reversible-sp-unigram-48k,kakikudashi,sha256:7f64a1b51c76c43fc7e8384d048522ff6441f753c4b021ca3065ff6222e524d9,251,3.9821880778349006,447.15927505493164,45,54,162
hardened,1,j-reversible-sp-unigram-48k,kanbun,sha256:9ca411772023aecfd281495631b4fe5f1a959688a8121f1819654d0e3a0cfcc5,252,4.482152750271822,260.9704895019531,27,28,84
hardened,1,j-reversible-sp-unigram-48k,kakikudashi,sha256:9ca411772023aecfd281495631b4fe5f1a959688a8121f1819654d0e3a0cfcc5,252,3.339902697572075,333.3663558959961,36,48,144
hardened,1,j-reversible-sp-unigram-48k,kanbun,sha256:ee3d7c09d5783b0be2c5b0baad1a146c0740839732fa870dee429c224979bf67,253,5.393008461460335,314.0044832229614,31,28,84
hardened,1,j-reversible-sp-unigram-48k,kakikudashi,sha256:ee3d7c09d5783b0be2c5b0baad1a146c0740839732fa870dee429c224979bf67,253,4.0414055834443126,361.36626625061035,38,43,129
hardened,1,j-reversible-sp-unigram-48k,kanbun,sha256:3e9c81f0b0f35900a18278d505dbb3f251de08f2fa5954eb278bac211c9acbd7,254,4.7585402702012125,277.0629768371582,28,28,84
hardened,1,j-reversible-sp-unigram-48k,kakikudashi,sha256:3e9c81f0b0f35900a18278d505dbb3f251de08f2fa5954eb278bac211c9acbd7,254,3.83976318552766,335.3516492843628,34,42,126
hardened,1,j-reversible-sp-unigram-48k,kanbun,sha256:6c65378a07d4a5ff25d50d6015469aaeae8665d97481c30ac22462ad6a2928f2,255,4.652622117600039,270.895959854126,28,28,84
hardened,1,j-reversible-sp-unigram-48k,kakikudashi,sha256:6c65378a07d4a5ff25d50d6015469aaeae8665d97481c30ac22462ad6a2928f2,255,3.298936391138221,336.1373233795166,34,49,147
hardened,1,j-reversible-sp-unigram-48k,kanbun,sha256:1b7f67baed98aa6c3ccc8e00c68e01db20a3dfb6bc1b98575ed28f6a60a6536d,256,5.09537757897917,296.67511463165283,29,28,84
hardened,1,j-reversible-sp-unigram-48k,kakikudashi,sha256:1b7f67baed98aa6c3ccc8e00c68e01db20a3dfb6bc1b98575ed28f6a60a6536d,256,3.711064093608214,370.4131603240967,38,48,144
hardened,1,j-reversible-sp-unigram-48k,kanbun,sha256:10048951ca6f4c53dcbac41a4f10f3f3bb862541aedfc94b0644185572994c0c,257,4.615692053670067,268.74573040008545,26,28,84
hardened,1,j-reversible-sp-unigram-48k,kakikudashi,sha256:10048951ca6f4c53dcbac41a4f10f3f3bb862541aedfc94b0644185572994c0c,257,3.6571456872802712,349.82175064086914,38,46,138
hardened,1,j-reversible-sp-unigram-48k,kanbun,sha256:e695c03a29cdb807cd78f0bdd0d8c3d5d125d189aa9ff44a967a8e43e399426f,258,5.839308567170249,339.99002265930176,33,28,84
hardened,1,j-reversible-sp-unigram-48k,kakikudashi,sha256:e695c03a29cdb807cd78f0bdd0d8c3d5d125d189aa9ff44a967a8e43e399426f,258,4.5119211310313405,384.67332553863525,39,41,123
hardened,1,j-reversible-sp-unigram-48k,kanbun,sha256:3cd91dee89aca8d2e95bdc7b9caaac2c0d628123d0345f03ab4545d8664d835f,259,5.261163662172792,306.3279037475586,30,28,84
hardened,1,j-reversible-sp-unigram-48k,kakikudashi,sha256:3cd91dee89aca8d2e95bdc7b9caaac2c0d628123d0345f03ab4545d8664d835f,259,3.4384684892627218,407.55537033081055,41,57,171
hardened,1,j-reversible-sp-unigram-48k,kanbun,sha256:6e28a2c43a73753870c2b301c1d1b5de5fe64780b33015beb31d67a778801ed7,261,5.758134524927413,335.26371574401855,32,28,84
hardened,1,j-reversible-sp-unigram-48k,kakikudashi,sha256:6e28a2c43a73753870c2b301c1d1b5de5fe64780b33015beb31d67a778801ed7,261,3.8782717580454,443.55516719818115,47,55,165
hardened,1,j-reversible-sp-unigram-48k,kanbun,sha256:ada7f062d18c598fa60c2927db59c0c75b9316ec19073d5b9635b1a024186695,262,4.670436031438508,271.9331636428833,26,28,84
hardened,1,j-reversible-sp-unigram-48k,kakikudashi,sha256:ada7f062d18c598fa60c2927db59c0c75b9316ec19073d5b9635b1a024186695,262,3.5139200771271586,358.0425777435303,37,49,147
hardened,1,j-reversible-sp-unigram-48k,kanbun,sha256:e2a39fdcdaac6f53dba56792852353aeeee09a7b63c32e7d64012d17a92635f4,264,5.410864289927715,315.04412746429443,30,28,84
hardened,1,j-reversible-sp-unigram-48k,kakikudashi,sha256:e2a39fdcdaac6f53dba56792852353aeeee09a7b63c32e7d64012d17a92635f4,264,3.8916170116912165,428.89667415618896,45,53,159
hardened,1,j-reversible-sp-unigram-48k,kanbun,sha256:3154de6aa777321b7ecd20304242f6b405a590effd9343f1a8fa9e48d97764bf,265,5.088020898243763,296.24677658081055,30,28,84
hardened,1,j-reversible-sp-unigram-48k,kakikudashi,sha256:3154de6aa777321b7ecd20304242f6b405a590effd9343f1a8fa9e48d97764bf,265,3.6222350185123084,376.6112985610962,40,50,150
hardened,1,j-reversible-sp-unigram-48k,kanbun,sha256:606525302a104e1d2238769c5c54d63a83928e31ad83fe7d93494daa61249ecf,266,4.776110754881861,278.0860071182251,27,28,84
hardened,1,j-reversible-sp-unigram-48k,kakikudashi,sha256:606525302a104e1d2238769c5c54d63a83928e31ad83fe7d93494daa61249ecf,266,3.359186866087039,349.2616357803345,34,50,150
hardened,1,j-reversible-sp-unigram-48k,kanbun,sha256:84567b97344a2bbc150b54ff37aaa157f04a74611ba9905ebfe664f8e332471c,268,4.686122945747607,272.8465242385864,27,28,84
hardened,1,j-reversible-sp-unigram-48k,kakikudashi,sha256:84567b97344a2bbc150b54ff37aaa157f04a74611ba9905ebfe664f8e332471c,268,3.364935434347271,349.85932636260986,37,50,150
hardened,1,j-reversible-sp-unigram-48k,kanbun,sha256:22edf62e83887b858e884bc488b93db8fd0e9d90376ac6e16d9f37078c76ba84,269,6.196351822770676,360.7786388397217,35,28,84
hardened,1,j-reversible-sp-unigram-48k,kakikudashi,sha256:22edf62e83887b858e884bc488b93db8fd0e9d90376ac6e16d9f37078c76ba84,269,4.689969101872233,390.10066318511963,39,40,120
hardened,1,j-reversible-sp-unigram-48k,kanbun,sha256:f6c2a39a294ff98dff6be57da2037d8c541144d442f2f92779ac3ad74e3c3bf9,270,5.179436294414579,301.56937980651855,30,28,84
hardened,1,j-reversible-sp-unigram-48k,kakikudashi,sha256:f6c2a39a294ff98dff6be57da2037d8c541144d442f2f92779ac3ad74e3c3bf9,270,3.339937186138315,340.31500244140625,34,49,147
hardened,1,j-reversible-sp-unigram-48k,kanbun,sha256:cf3eb8ec3ab8f190a0a2ba93b65e6406ef6b6c248a16da4728028c1f921e06b9,272,5.368917377416974,312.6017951965332,30,28,84
hardened,1,j-reversible-sp-unigram-48k,kakikudashi,sha256:cf3eb8ec3ab8f190a0a2ba93b65e6406ef6b6c248a16da4728028c1f921e06b9,272,4.2719984649575515,364.2182140350342,36,41,123
hardened,1,j-reversible-sp-unigram-48k,kanbun,sha256:5c695da1c550a8a4884a42d387789dcef5cd0fb000950450dd8b2d9007c0d79b,273,4.514323235287416,262.84359550476074,26,28,84
hardened,1,j-reversible-sp-unigram-48k,kakikudashi,sha256:5c695da1c550a8a4884a42d387789dcef5cd0fb000950450dd8b2d9007c0d79b,273,3.4679697001409604,317.30337142944336,31,44,132
hardened,1,j-reversible-sp-unigram-48k,kanbun,sha256:b5638ce33f23646019dca08f2a00a968e719f0045f830409f8e96a07f6080e36,274,4.889032991025573,284.66083240509033,26,28,84
hardened,1,j-reversible-sp-unigram-48k,kakikudashi,sha256:b5638ce33f23646019dca08f2a00a968e719f0045f830409f8e96a07f6080e36,274,3.900312633483063,356.86077308654785,36,44,132
hardened,1,j-reversible-sp-unigram-48k,kanbun,sha256:3b1f52da85d3d3935b548c3ea5b3305433c23fded5f370f6ff905c97f4165749,275,5.809387009193838,338.24785900115967,32,28,84
hardened,1,j-reversible-sp-unigram-48k,kakikudashi,sha256:3b1f52da85d3d3935b548c3ea5b3305433c23fded5f370f6ff905c97f4165749,275,4.236970812184168,414.0950565338135,41,47,141
hardened,1,j-reversible-sp-unigram-48k,kanbun,sha256:57c1686b4a8c9fd318957ecaa6a85e66d236800c20b9b407dc5dba5eebd6af07,276,5.437850153191799,316.6153621673584,32,28,84
hardened,1,j-reversible-sp-unigram-48k,kakikudashi,sha256:57c1686b4a8c9fd318957ecaa6a85e66d236800c20b9b407dc5dba5eebd6af07,276,3.7821837065904345,377.5118360519409,38,48,144
hardened,1,j-reversible-sp-unigram-48k,kanbun,sha256:13e7eb09fc259541192ec679020e19453d822e5b9af112e03ae2118502555828,277,6.5727345438399265,382.6932830810547,37,28,84
hardened,1,j-reversible-sp-unigram-48k,kakikudashi,sha256:13e7eb09fc259541192ec679020e19453d822e5b9af112e03ae2118502555828,277,5.092310067088007,455.333927154541,46,43,129
hardened,1,j-reversible-sp-unigram-48k,kanbun,sha256:6351ce933135ea9531cdbd4f1dcd80a8a8e562bc2b093163444b5b8d6afed9dc,278,4.517061821502555,263.00304794311523,25,28,84
hardened,1,j-reversible-sp-unigram-48k,kakikudashi,sha256:6351ce933135ea9531cdbd4f1dcd80a8a8e562bc2b093163444b5b8d6afed9dc,278,3.2653895570465714,380.2504549026489,40,56,168
hardened,1,j-reversible-sp-unigram-48k,kanbun,sha256:f19dbbe6a04c7d8ecfdd6cdaee9c62765f9c0d832caae3ab4f8fb05e9d17a64b,279,5.044628152156169,293.7202615737915,28,28,84
hardened,1,j-reversible-sp-unigram-48k,kakikudashi,sha256:f19dbbe6a04c7d8ecfdd6cdaee9c62765f9c0d832caae3ab4f8fb05e9d17a64b,279,3.7742470790513587,361.02300357818604,36,46,138
hardened,1,j-reversible-sp-unigram-48k,kanbun,sha256:9ce5d9be64e38f486c10bc9413905e2425c79a1b00832565dda658cdd71b207b,280,4.299838790364983,250.355375289917,26,28,84
hardened,1,j-reversible-sp-unigram-48k,kakikudashi,sha256:9ce5d9be64e38f486c10bc9413905e2425c79a1b00832565dda658cdd71b207b,280,2.9920563015828034,348.42114543914795,37,56,168
hardened,1,j-reversible-sp-unigram-48k,kanbun,sha256:26f7146c6a32da6d02654d965d0caf7cdd032352c8eec79349b0a1bf2c70250d,281,4.923455400492265,286.6650552749634,28,28,84
hardened,1,j-reversible-sp-unigram-48k,kakikudashi,sha256:26f7146c6a32da6d02654d965d0caf7cdd032352c8eec79349b0a1bf2c70250d,281,3.7161237983953175,363.19072341918945,38,47,141
hardened,1,j-reversible-sp-unigram-48k,kanbun,sha256:f0b83a464b9a058a31b26d0c3e0453ae09909c1e54328ca92580b1a0bdbb4acf,285,5.1265107956791605,298.4878263473511,30,28,84
hardened,1,j-reversible-sp-unigram-48k,kakikudashi,sha256:f0b83a464b9a058a31b26d0c3e0453ae09909c1e54328ca92580b1a0bdbb4acf,285,4.057844819575539,354.3981456756592,38,42,126
hardened,1,j-reversible-sp-unigram-48k,kanbun,sha256:bfa6a8b825c2504e22fe2b21adc34429544d75877cbcabec0640163cebae8718,286,4.415569716128186,257.09373474121094,26,28,84
hardened,1,j-reversible-sp-unigram-48k,kakikudashi,sha256:bfa6a8b825c2504e22fe2b21adc34429544d75877cbcabec0640163cebae8718,286,3.197432211505407,332.4436683654785,36,50,150
hardened,1,j-reversible-sp-unigram-48k,kanbun,sha256:ce6c9a95217f9aa12ad1daa4a80618412b5df51e3b6a33c39e2ac24f9236abb9,287,4.551926635864466,265.0330295562744,26,28,84
hardened,1,j-reversible-sp-unigram-48k,kakikudashi,sha256:ce6c9a95217f9aa12ad1daa4a80618412b5df51e3b6a33c39e2ac24f9236abb9,287,3.6320856321161457,302.10838985443115,32,40,120
hardened,1,j-reversible-sp-unigram-48k,kanbun,sha256:a5b3d14933ba9c3cb1c94d03c6c781290e908104eb4dd7205a84cbc0fa59f29e,289,4.8544397454590245,282.64666271209717,28,28,84
hardened,1,j-reversible-sp-unigram-48k,kakikudashi,sha256:a5b3d14933ba9c3cb1c94d03c6c781290e908104eb4dd7205a84cbc0fa59f29e,289,3.3152548931304078,344.69393730163574,36,50,150
hardened,1,j-reversible-sp-unigram-48k,kanbun,sha256:4797cac5044de7738911e1327351945389d7f1c0ba19e3bc1ae07974be7826d2,291,6.267130398251061,364.899676322937,35,28,84
hardened,1,j-reversible-sp-unigram-48k,kakikudashi,sha256:4797cac5044de7738911e1327351945389d7f1c0ba19e3bc1ae07974be7826d2,291,4.267369688433043,443.6872901916504,45,50,150
hardened,1,j-reversible-sp-unigram-48k,kanbun,sha256:84f043ddab6fae18d9a113435e6994c20979e8c4bf3e54c63b76d16a81323aeb,292,5.486838117325363,319.46765518188477,30,28,84
hardened,1,j-reversible-sp-unigram-48k,kakikudashi,sha256:84f043ddab6fae18d9a113435e6994c20979e8c4bf3e54c63b76d16a81323aeb,292,3.9231851837511744,399.74367809295654,40,49,147
hardened,1,j-reversible-sp-unigram-48k,kanbun,sha256:15d5252ccb091123dce9d507a42d69e81e342a7d8cfa2e9c2694897e2d71e8b8,294,5.306744174993061,308.9818000793457,30,28,84
hardened,1,j-reversible-sp-unigram-48k,kakikudashi,sha256:15d5252ccb091123dce9d507a42d69e81e342a7d8cfa2e9c2694897e2d71e8b8,294,3.905569468218324,389.8273630142212,40,48,144
hardened,1,j-reversible-sp-unigram-48k,kanbun,sha256:ee53a3fbd722c59c22bdbeb52c5019bd04825f21b986c91ed87e75086c19b587,296,5.341958982239128,311.03215980529785,31,28,84
hardened,1,j-reversible-sp-unigram-48k,kakikudashi,sha256:ee53a3fbd722c59c22bdbeb52c5019bd04825f21b986c91ed87e75086c19b587,296,3.5606491807078364,325.7831201553345,32,44,132
hardened,1,j-reversible-sp-unigram-48k,kanbun,sha256:4694fd5b06af782102e95b6b6ed4dd158c912030cb1aeb16ad75a23f97e31db8,297,4.927089115456894,286.8766260147095,28,28,84
hardened,1,j-reversible-sp-unigram-48k,kakikudashi,sha256:4694fd5b06af782102e95b6b6ed4dd158c912030cb1aeb16ad75a23f97e31db8,297,4.042034522938796,327.8018054962158,33,39,117
hardened,1,j-reversible-sp-unigram-48k,kanbun,sha256:71787239d84200daea855da14615f92021caad2f2595da06ff623d003a7aa257,299,5.1585577152549345,300.3537378311157,29,28,84
hardened,1,j-reversible-sp-unigram-48k,kakikudashi,sha256:71787239d84200daea855da14615f92021caad2f2595da06ff623d003a7aa257,299,3.84588467750497,391.8673257827759,41,49,147
hardened,1,j-reversible-sp-unigram-48k,kanbun,sha256:1adfa99587e2df25aabc70ce467dd514b304bc2e1c674e01ad764f295d63c309,300,4.832340220512655,281.3599319458008,27,28,84
hardened,1,j-reversible-sp-unigram-48k,kakikudashi,sha256:1adfa99587e2df25aabc70ce467dd514b304bc2e1c674e01ad764f295d63c309,300,3.798999674171996,276.4929208755493,28,35,105
hardened,1,j-reversible-sp-unigram-48k,kanbun,sha256:5406a4c84da9e52501972cb84769d459e4092bfb634de5090fa8418e2854261e,301,5.193970990480097,302.41565322875977,30,28,84
hardened,1,j-reversible-sp-unigram-48k,kakikudashi,sha256:5406a4c84da9e52501972cb84769d459e4092bfb634de5090fa8418e2854261e,301,3.7400886332741146,396.6420793533325,40,51,153
hardened,1,j-reversible-sp-unigram-48k,kanbun,sha256:9d80419ac012f4b87c30185a379327160482f6a058c63af4d8f4ceedfac026de,303,5.571715082535444,243.30717182159424,23,21,63
hardened,1,j-reversible-sp-unigram-48k,kakikudashi,sha256:9d80419ac012f4b87c30185a379327160482f6a058c63af4d8f4ceedfac026de,303,3.872890192357726,306.0310525894165,30,38,114
hardened,1,j-reversible-sp-unigram-48k,kanbun,sha256:da046e5b10cae95bae697f791d97ac6703eb750140535962c2197c50f9d1f7ab,309,5.2090618620592055,303.29430961608887,30,28,84
hardened,1,j-reversible-sp-unigram-48k,kakikudashi,sha256:da046e5b10cae95bae697f791d97ac6703eb750140535962c2197c50f9d1f7ab,309,4.283389342654349,356.2823095321655,36,40,120
hardened,1,j-reversible-sp-unigram-48k,kanbun,sha256:f2be46d7d95d3fdd960ce942581fbbf50d51e4d5b907600f90a1c2238c5e2391,310,4.9823664523739115,290.09511375427246,27,28,84
hardened,1,j-reversible-sp-unigram-48k,kakikudashi,sha256:f2be46d7d95d3fdd960ce942581fbbf50d51e4d5b907600f90a1c2238c5e2391,310,3.321343338855846,414.3923587799072,44,60,180
hardened,1,j-reversible-sp-unigram-48k,kanbun,sha256:b45994dcbcfd0adceee5b959d1bdc409623ec38ee9c5405c6e58825a0207b76f,311,5.0423054527494156,293.5850238800049,28,28,84
hardened,1,j-reversible-sp-unigram-48k,kakikudashi,sha256:b45994dcbcfd0adceee5b959d1bdc409623ec38ee9c5405c6e58825a0207b76f,311,3.5752808873758806,349.4256172180176,33,47,141
hardened,1,j-reversible-sp-unigram-48k,kanbun,sha256:a14447b66a174ce657e5251d2434feb8fc7dbcf12072e6eb68c40528bfa93bfe,312,4.863322420065888,283.16385078430176,28,28,84
hardened,1,j-reversible-sp-unigram-48k,kakikudashi,sha256:a14447b66a174ce657e5251d2434feb8fc7dbcf12072e6eb68c40528bfa93bfe,312,3.58662422356033,335.61789321899414,34,45,135
hardened,1,j-reversible-sp-unigram-48k,kanbun,sha256:31a98663fb1c627a3e654a645a7da2f2aec4c2f786f3c79ad81540f14cdf801b,314,4.723771176468982,275.0385684967041,26,28,84
hardened,1,j-reversible-sp-unigram-48k,kakikudashi,sha256:31a98663fb1c627a3e654a645a7da2f2aec4c2f786f3c79ad81540f14cdf801b,314,3.376457311010448,358.07842540740967,35,51,153
hardened,1,j-reversible-sp-unigram-48k,kanbun,sha256:7abc00f3a801b9832ab595ea226aba2f38f5ee81b57ee9f43930244e588dc857,317,5.144688461013855,299.54620933532715,29,28,84
hardened,1,j-reversible-sp-unigram-48k,kakikudashi,sha256:7abc00f3a801b9832ab595ea226aba2f38f5ee81b57ee9f43930244e588dc857,317,3.902784430680409,357.0869312286377,38,44,132
hardened,1,j-reversible-sp-unigram-48k,kanbun,sha256:64ae9d741f6a83d2d64a058978e596c190f1ee6776e1533b9f9c07b6cf3a3759,318,5.597318494654225,325.9003047943115,33,28,84
hardened,1,j-reversible-sp-unigram-48k,kakikudashi,sha256:64ae9d741f6a83d2d64a058978e596c190f1ee6776e1533b9f9c07b6cf3a3759,318,4.202402327747306,384.5005989074707,40,44,132
hardened,1,j-reversible-sp-unigram-48k,kanbun,sha256:58be24a0af02d2def8b8725e125189db45e302fc68fc2378b1eeec3dd645c37d,319,5.000704487435711,291.16283416748047,28,28,84
hardened,1,j-reversible-sp-unigram-48k,kakikudashi,sha256:58be24a0af02d2def8b8725e125189db45e302fc68fc2378b1eeec3dd645c37d,319,3.779262304962337,385.0789966583252,40,49,147
hardened,1,j-reversible-sp-unigram-48k,kanbun,sha256:caae78fd86a46160b8c947aa9ece8025378957c3db78f53f308fad1ed66c71c9,321,4.585540923423704,266.9902000427246,26,28,84
hardened,1,j-reversible-sp-unigram-48k,kakikudashi,sha256:caae78fd86a46160b8c947aa9ece8025378957c3db78f53f308fad1ed66c71c9,321,3.0632245417820934,312.12002182006836,30,49,147
hardened,1,j-reversible-sp-unigram-48k,kanbun,sha256:f1982863dbe53fc5ec4bfc36d7ce4c66e3bc2834548a9ce502b0b508969a9283,323,5.430677837858116,316.1977586746216,31,28,84
hardened,1,j-reversible-sp-unigram-48k,kakikudashi,sha256:f1982863dbe53fc5ec4bfc36d7ce4c66e3bc2834548a9ce502b0b508969a9283,323,3.779096007075612,400.77887058258057,40,51,153
hardened,1,j-reversible-sp-unigram-48k,kanbun,sha256:c0ea51c46681ccf1d96574e5b68290e387139d76a656e2b108b86f32fbf72da1,324,4.977667313076837,289.8215093612671,29,28,84
hardened,1,j-reversible-sp-unigram-48k,kakikudashi,sha256:c0ea51c46681ccf1d96574e5b68290e387139d76a656e2b108b86f32fbf72da1,324,3.462711159459052,352.8247661590576,37,49,147
hardened,1,j-reversible-sp-unigram-48k,kanbun,sha256:241fb41c6b0fc0890521bcb90ae877d36d315693ad862e5e2c22043116a47068,325,5.2173750939194115,303.7783422470093,31,28,84
hardened,1,j-reversible-sp-unigram-48k,kakikudashi,sha256:241fb41c6b0fc0890521bcb90ae877d36d315693ad862e5e2c22043116a47068,325,4.2223160904895245,351.20237922668457,36,40,120
hardened,1,j-reversible-sp-unigram-48k,kanbun,sha256:7478d40e002f983c02d9e98f2a1a7198f46f1ed2b4ebb4c8cebcb29ecc239f0f,328,4.898097770690749,285.1886234283447,28,28,84
hardened,1,j-reversible-sp-unigram-48k,kakikudashi,sha256:7478d40e002f983c02d9e98f2a1a7198f46f1ed2b4ebb4c8cebcb29ecc239f0f,328,3.3220380570412513,331.5832290649414,36,48,144
hardened,1,j-reversible-sp-unigram-48k,kanbun,sha256:9ab98dc9e77f08fd65387df12ab41e7f32500fcffd7bcb1748b7e10d5c411c31,329,4.981511616702623,290.0453414916992,28,28,84
hardened,1,j-reversible-sp-unigram-48k,kakikudashi,sha256:9ab98dc9e77f08fd65387df12ab41e7f32500fcffd7bcb1748b7e10d5c411c31,329,3.5287764205280903,359.55632972717285,38,49,147
hardened,1,j-reversible-sp-unigram-48k,kanbun,sha256:b051eac4274a1ed1236b3436bca300cc58a2c25bce1bb0140f0cbe74217a5326,330,4.750841966403992,276.61474800109863,27,28,84
hardened,1,j-reversible-sp-unigram-48k,kakikudashi,sha256:b051eac4274a1ed1236b3436bca300cc58a2c25bce1bb0140f0cbe74217a5326,330,3.969854833150621,321.9481611251831,33,39,117
hardened,1,j-reversible-sp-unigram-48k,kanbun,sha256:79a221b810d6d6ece4bb17456a05eae5c4b9f564171449ae95cc609bbaf626ba,331,4.4102485892897905,256.78391551971436,26,28,84
hardened,1,j-reversible-sp-unigram-48k,kakikudashi,sha256:79a221b810d6d6ece4bb17456a05eae5c4b9f564171449ae95cc609bbaf626ba,331,3.651078309091151,311.2803602218628,33,41,123
hardened,1,j-reversible-sp-unigram-48k,kanbun,sha256:0f23385eaa1b352112e0481918a638150e0c4f4b03c5512cf6e1025aa5a74f8f,332,4.60670695929979,268.22257900238037,26,28,84
hardened,1,j-reversible-sp-unigram-48k,kakikudashi,sha256:0f23385eaa1b352112e0481918a638150e0c4f4b03c5512cf6e1025aa5a74f8f,332,3.433858080944534,342.7443428039551,36,48,144
hardened,1,j-reversible-sp-unigram-48k,kanbun,sha256:83a98b9cb75cdd20948000956fc8dc8fbb9fc20be7594b7e821962b1095ca118,333,5.48601420577263,319.4196834564209,31,28,84
hardened,1,j-reversible-sp-unigram-48k,kakikudashi,sha256:83a98b9cb75cdd20948000956fc8dc8fbb9fc20be7594b7e821962b1095ca118,333,4.784945151019988,338.3004665374756,33,34,102
hardened,1,j-reversible-sp-unigram-48k,kanbun,sha256:7aa2ecd80d925b53947a6b07c67e41342784e641e081a2258e78f68c454c9bae,334,4.738779348961976,275.91240978240967,27,28,84
hardened,1,j-reversible-sp-unigram-48k,kakikudashi,sha256:7aa2ecd80d925b53947a6b07c67e41342784e641e081a2258e78f68c454c9bae,334,3.1023450146774936,341.9106903076172,34,53,159
hardened,1,j-reversible-sp-unigram-48k,kanbun,sha256:f41b2b44c3527a526b2267efbebfd277ebe85d6c16df919ca8f66e9aadf4a9dd,335,4.47239506069597,260.4023542404175,26,28,84
hardened,1,j-reversible-sp-unigram-48k,kakikudashi,sha256:f41b2b44c3527a526b2267efbebfd277ebe85d6c16df919ca8f66e9aadf4a9dd,335,3.2620171140606398,366.29139041900635,38,54,162
hardened,1,j-reversible-sp-unigram-48k,kanbun,sha256:0e63cc334d2783636389d831678fc3bc38e590119c8bbb26698f44b1be11d6a5,336,5.609871803168103,326.6312131881714,32,28,84
hardened,1,j-reversible-sp-unigram-48k,kakikudashi,sha256:0e63cc334d2783636389d831678fc3bc38e590119c8bbb26698f44b1be11d6a5,336,4.120710920758264,402.73254108428955,42,47,141
hardened,1,j-reversible-sp-unigram-48k,kanbun,sha256:380b22c599ed04cd6119c1f94180c177ec558d212feabf343399760a0b107f2e,339,4.523583551036974,263.3827714920044,26,28,84
hardened,1,j-reversible-sp-unigram-48k,kakikudashi,sha256:380b22c599ed04cd6119c1f94180c177ec558d212feabf343399760a0b107f2e,339,3.3238203927996737,297.2026786804199,30,43,129
hardened,1,j-reversible-sp-unigram-48k,kanbun,sha256:f8c19e1305bcab305f089db5ec3c08d4169665ec713cb00b1b0335640db5c11b,341,5.674265629200656,330.38050270080566,34,28,84
hardened,1,j-reversible-sp-unigram-48k,kakikudashi,sha256:f8c19e1305bcab305f089db5ec3c08d4169665ec713cb00b1b0335640db5c11b,341,4.04662090800337,361.8325996398926,39,43,129
hardened,1,j-reversible-sp-unigram-48k,kanbun,sha256:21ba147d597836b1343dae04293fb8a0a830444cc005e5a5660642aded0dc596,342,5.546710011708431,322.95365810394287,33,28,84
hardened,1,j-reversible-sp-unigram-48k,kakikudashi,sha256:21ba147d597836b1343dae04293fb8a0a830444cc005e5a5660642aded0dc596,342,3.932542094337403,376.1646041870117,41,46,138
hardened,1,j-reversible-sp-unigram-48k,kanbun,sha256:dea74fb7ca686c59766d4cc337cf188be5a9608f6be4d2ac21dfea3c89f75220,343,5.674316536065311,330.38346672058105,31,28,84
hardened,1,j-reversible-sp-unigram-48k,kakikudashi,sha256:dea74fb7ca686c59766d4cc337cf188be5a9608f6be4d2ac21dfea3c89f75220,343,4.035259618898993,419.55432415008545,43,50,150
hardened,1,j-reversible-sp-unigram-48k,kanbun,sha256:dc6bf5a8fd927674eedc59eacd0761a954e0250ebc88eb1c5dc117d0fe79fc05,345,4.908276686726816,285.7812843322754,29,28,84
hardened,1,j-reversible-sp-unigram-48k,kakikudashi,sha256:dc6bf5a8fd927674eedc59eacd0761a954e0250ebc88eb1c5dc117d0fe79fc05,345,3.7900558534540196,331.0103826522827,36,42,126
hardened,1,j-reversible-sp-unigram-48k,kanbun,sha256:09196e4814cbac31fe5e8f11d7f9f69be5021fd1d1d54c9e1b5a74840b507f1b,346,4.401892099698068,256.2973642349243,26,28,84
hardened,1,j-reversible-sp-unigram-48k,kakikudashi,sha256:09196e4814cbac31fe5e8f11d7f9f69be5021fd1d1d54c9e1b5a74840b507f1b,346,3.2711599376935196,306.0983638763428,33,45,135
hardened,1,j-reversible-sp-unigram-48k,kanbun,sha256:98df25c37a6c0cc07d498bce52b69a4a491f4341fc9b3ba11fadeb0ac8ca0445,347,5.007547529699841,291.56126594543457,28,28,84
hardened,1,j-reversible-sp-unigram-48k,kakikudashi,sha256:98df25c37a6c0cc07d498bce52b69a4a491f4341fc9b3ba11fadeb0ac8ca0445,347,3.647131595632259,371.6158504486084,39,49,147
hardened,1,j-reversible-sp-unigram-48k,kanbun,sha256:b0d769eea7c9a37c442c1c0b7ceaf750a3feb6a5f303ea7296249217b413ea12,348,5.8573627489616245,341.04121589660645,34,28,84
hardened,1,j-reversible-sp-unigram-48k,kakikudashi,sha256:b0d769eea7c9a37c442c1c0b7ceaf750a3feb6a5f303ea7296249217b413ea12,348,4.011299491643606,433.74566555023193,47,52,156
hardened,1,j-reversible-sp-unigram-48k,kanbun,sha256:04db3ee44205c72d133afd359ccb2d2166882d7645716a08241d164acb6c2b2f,350,4.380718971585045,255.06457233428955,26,28,84
hardened,1,j-reversible-sp-unigram-48k,kakikudashi,sha256:04db3ee44205c72d133afd359ccb2d2166882d7645716a08241d164acb6c2b2f,350,3.3151819419117485,310.21771717071533,32,45,135
hardened,1,j-reversible-sp-unigram-48k,kanbun,sha256:01da9f3b83afc42413956741a4e33039543ca785d22fcab02622edffbb269b85,353,5.171518000237954,301.10834217071533,30,28,84
hardened,1,j-reversible-sp-unigram-48k,kakikudashi,sha256:01da9f3b83afc42413956741a4e33039543ca785d22fcab02622edffbb269b85,353,3.7701399044628094,368.46992015838623,38,47,141
hardened,1,j-reversible-sp-unigram-48k,kanbun,sha256:e2bd46e4a05a6865e40b986037d26e5fe2b9ba09d27beea301bf29cde6943cc5,354,5.120182423782212,298.1193609237671,28,28,84
hardened,1,j-reversible-sp-unigram-48k,kakikudashi,sha256:e2bd46e4a05a6865e40b986037d26e5fe2b9ba09d27beea301bf29cde6943cc5,354,3.440154918834871,364.8336534500122,36,51,153
hardened,1,j-reversible-sp-unigram-48k,kanbun,sha256:012bc4d5f1f13e4baa4f6ed62d5485bfa25ca49ffe16c23d5b5f016a0336d470,355,5.381819712436303,313.35302543640137,31,28,84
hardened,1,j-reversible-sp-unigram-48k,kakikudashi,sha256:012bc4d5f1f13e4baa4f6ed62d5485bfa25ca49ffe16c23d5b5f016a0336d470,355,4.0359887461224,369.2745170593262,37,44,132
hardened,1,j-reversible-sp-unigram-48k,kanbun,sha256:175dc4de4301b6f507ac2ffa95053a7867eca7cc72da80cbec2a08820defc43b,356,5.216864108894748,303.74859046936035,30,28,84
hardened,1,j-reversible-sp-unigram-48k,kakikudashi,sha256:175dc4de4301b6f507ac2ffa95053a7867eca7cc72da80cbec2a08820defc43b,356,3.843249031656105,375.61514949798584,41,47,141
hardened,1,j-reversible-sp-unigram-48k,kanbun,sha256:822561d4ac2d7d7e12ba769a3a5eaa12296f41dd9eb41ae8f6fea39fa68c7022,357,4.661139206229068,271.3918619155884,28,28,84
hardened,1,j-reversible-sp-unigram-48k,kakikudashi,sha256:822561d4ac2d7d7e12ba769a3a5eaa12296f41dd9eb41ae8f6fea39fa68c7022,357,3.4676001688364444,396.58695125579834,43,55,165
hardened,1,j-reversible-sp-unigram-48k,kanbun,sha256:d05a7595d061e365f658efb62c84bb582de592e12f4a9386920aa74242d269a6,358,5.925468157151398,345.006609916687,34,28,84
hardened,1,j-reversible-sp-unigram-48k,kakikudashi,sha256:d05a7595d061e365f658efb62c84bb582de592e12f4a9386920aa74242d269a6,358,3.800946364469514,395.1922883987427,40,50,150
hardened,1,j-reversible-sp-unigram-48k,kanbun,sha256:a9c21481f94694b1e963efc65e93f935d904f3fd275759e70507ad9f45b475d6,359,5.001018904480088,291.1811408996582,29,28,84
hardened,1,j-reversible-sp-unigram-48k,kakikudashi,sha256:a9c21481f94694b1e963efc65e93f935d904f3fd275759e70507ad9f45b475d6,359,3.4587498397735787,352.4211368560791,37,49,147
hardened,1,j-reversible-sp-unigram-48k,kanbun,sha256:07b05a3858067d4cd7fbb19ac1f4629a700b1ecd14527e73d1f6de944b1e1dcd,362,4.887729034946031,284.58491039276123,27,28,84
hardened,1,j-reversible-sp-unigram-48k,kakikudashi,sha256:07b05a3858067d4cd7fbb19ac1f4629a700b1ecd14527e73d1f6de944b1e1dcd,362,3.4757066671519397,346.92138385772705,37,48,144
hardened,1,j-reversible-sp-unigram-48k,kanbun,sha256:eba4b3b87b08ffbe3e8ca25c84e9dbe0b780ba6ede88955e95d87979def894d2,363,6.375700670742241,371.2211112976074,36,28,84
hardened,1,j-reversible-sp-unigram-48k,kakikudashi,sha256:eba4b3b87b08ffbe3e8ca25c84e9dbe0b780ba6ede88955e95d87979def894d2,363,4.270448411270315,399.60665225982666,41,45,135
hardened,1,j-reversible-sp-unigram-48k,kanbun,sha256:7e2c9d22669bcba6b5a5682ed98a826388f98711e7648dba6709fdeaa92ce36d,364,4.911492516608449,285.968523979187,29,28,84
hardened,1,j-reversible-sp-unigram-48k,kakikudashi,sha256:7e2c9d22669bcba6b5a5682ed98a826388f98711e7648dba6709fdeaa92ce36d,364,3.473359716826474,353.90977573394775,37,49,147
hardened,1,j-reversible-sp-unigram-48k,kanbun,sha256:a0c39be8a53091206aa4d8fb79d78fd2c988818c63507ebd7d8f46c50316ca2e,365,4.7465581078812,276.3653230667114,27,28,84
hardened,1,j-reversible-sp-unigram-48k,kakikudashi,sha256:a0c39be8a53091206aa4d8fb79d78fd2c988818c63507ebd7d8f46c50316ca2e,365,3.558181434657377,355.1534538269043,38,48,144
hardened,1,j-reversible-sp-unigram-48k,kanbun,sha256:0e486321920abeb917cb71631c251827ef9d25efd97d66c59700fb4024b41489,366,4.865866502092551,283.3119783401489,28,28,84
hardened,1,j-reversible-sp-unigram-48k,kakikudashi,sha256:0e486321920abeb917cb71631c251827ef9d25efd97d66c59700fb4024b41489,366,3.3574526300850733,356.06295013427734,38,51,153
hardened,1,j-reversible-sp-unigram-48k,kanbun,sha256:0c945b53221806c4e120e6e87211fbd986470bf14a71f469e33adbaa734d5384,367,5.699302666961663,331.8382682800293,32,28,84
hardened,1,j-reversible-sp-unigram-48k,kakikudashi,sha256:0c945b53221806c4e120e6e87211fbd986470bf14a71f469e33adbaa734d5384,367,4.519565320537405,375.9268751144409,38,40,120
hardened,1,j-reversible-sp-unigram-48k,kanbun,sha256:bd1d7f5499a1b9adc8767debf6acf094806cec83310caaa1e457d750f2b0ada4,368,5.4277166569548605,316.02534580230713,32,28,84
hardened,1,j-reversible-sp-unigram-48k,kakikudashi,sha256:bd1d7f5499a1b9adc8767debf6acf094806cec83310caaa1e457d750f2b0ada4,368,4.623512945608869,346.11569595336914,37,36,108
hardened,1,j-reversible-sp-unigram-48k,kanbun,sha256:e652d2fd7cb60f3cb65ea029698a20fe750a2e4cbaf35a9618df137601851133,369,4.635804474689068,269.91676330566406,26,28,84
hardened,1,j-reversible-sp-unigram-48k,kakikudashi,sha256:e652d2fd7cb60f3cb65ea029698a20fe750a2e4cbaf35a9618df137601851133,369,3.1871168002778125,384.3905382156372,42,58,174
hardened,1,j-reversible-sp-unigram-48k,kanbun,sha256:9ceac548984fd90a7480945416bc9a82e438b7f3d863cf76bfe2ee53a9d16188,370,6.2270131845939,362.5638771057129,36,28,84
hardened,1,j-reversible-sp-unigram-48k,kakikudashi,sha256:9ceac548984fd90a7480945416bc9a82e438b7f3d863cf76bfe2ee53a9d16188,370,4.283369824534394,427.5368232727051,45,48,144
hardened,1,j-reversible-sp-unigram-48k,kanbun,sha256:4777857cc0ba17a5e4873b90013a5f0bd1847bfa0e64c02cc9280109e605a269,372,5.71638455712086,332.8328504562378,32,28,84
hardened,1,j-reversible-sp-unigram-48k,kakikudashi,sha256:4777857cc0ba17a5e4873b90013a5f0bd1847bfa0e64c02cc9280109e605a269,372,4.049426401215147,404.18618297576904,41,48,144
hardened,1,j-reversible-sp-unigram-48k,kanbun,sha256:f27b841f3f365dd48e585a84c293aa316a51c69f2b6ebc850d6877b6e6faac22,373,4.786964416184812,278.7179546356201,28,28,84
hardened,1,j-reversible-sp-unigram-48k,kakikudashi,sha256:f27b841f3f365dd48e585a84c293aa316a51c69f2b6ebc850d6877b6e6faac22,373,3.6362011563133745,378.06338691711426,39,50,150
hardened,1,j-reversible-sp-unigram-48k,kanbun,sha256:66c2130dd148c6206c7ff1e410ca3ade7ce923af0117ceee6c24c41d4dc66961,374,4.766478301434437,277.5251636505127,28,28,84
hardened,1,j-reversible-sp-unigram-48k,kakikudashi,sha256:66c2130dd148c6206c7ff1e410ca3ade7ce923af0117ceee6c24c41d4dc66961,374,3.3994374723876946,332.2397804260254,34,47,141
hardened,1,j-reversible-sp-unigram-48k,kanbun,sha256:28736a6bebe27efd880048769c5f93767df8963f73f9d2e1391c3097a577b422,375,5.928963483409634,345.2101230621338,34,28,84
hardened,1,j-reversible-sp-unigram-48k,kakikudashi,sha256:28736a6bebe27efd880048769c5f93767df8963f73f9d2e1391c3097a577b422,375,4.483601211816378,419.5523977279663,43,45,135
hardened,1,j-reversible-sp-unigram-48k,kanbun,sha256:c93c8c67ffc3c4a96afee6b2084894dcff51fd20b8e313a35f6747e52150c5c1,376,5.394529148438564,314.0930242538452,31,28,84
hardened,1,j-reversible-sp-unigram-48k,kakikudashi,sha256:c93c8c67ffc3c4a96afee6b2084894dcff51fd20b8e313a35f6747e52150c5c1,376,3.7561504141762345,406.1561508178711,44,52,156
hardened,1,j-reversible-sp-unigram-48k,kanbun,sha256:6469c7a2948509d0e469340d3dc7b8aac351ce1cb65f8602f41e23130c24221c,379,5.683845636129218,330.93829250335693,33,28,84
hardened,1,j-reversible-sp-unigram-48k,kakikudashi,sha256:6469c7a2948509d0e469340d3dc7b8aac351ce1cb65f8602f41e23130c24221c,379,4.519791792205852,394.74299812316895,42,42,126
hardened,1,j-reversible-sp-unigram-48k,kanbun,sha256:55ac80df08c41262c4fbcc45fabdc0303231406fe8464f6f866397f8a9546d35,380,5.760018029781762,335.37338161468506,33,28,84
hardened,1,j-reversible-sp-unigram-48k,kakikudashi,sha256:55ac80df08c41262c4fbcc45fabdc0303231406fe8464f6f866397f8a9546d35,380,4.699688772592596,371.3636665344238,38,38,114
hardened,1,j-reversible-sp-unigram-48k,kanbun,sha256:eccb3d3596861966ea13e29754a2f2e78601514923b14daf562e80118bd040cf,381,4.914330066554685,286.13373851776123,30,28,84
hardened,1,j-reversible-sp-unigram-48k,kakikudashi,sha256:eccb3d3596861966ea13e29754a2f2e78601514923b14daf562e80118bd040cf,381,3.9241717254344213,318.24334239959717,34,39,117
hardened,1,j-reversible-sp-unigram-48k,kanbun,sha256:a0fcecb1a878572791353b99abf72fbfd97acd739e9386fd139b25158623d3d6,384,5.817378207635128,338.7131414413452,33,28,84
hardened,1,j-reversible-sp-unigram-48k,kakikudashi,sha256:a0fcecb1a878572791353b99abf72fbfd97acd739e9386fd139b25158623d3d6,384,4.031636518620072,427.5611753463745,46,51,153
hardened,1,j-reversible-sp-unigram-48k,kanbun,sha256:014d7b518ba9baa9de1d85e9b39e784316f705f7e938e9a951f0af81a4a0e354,386,5.224968684851207,304.22047424316406,32,28,84
hardened,1,j-reversible-sp-unigram-48k,kakikudashi,sha256:014d7b518ba9baa9de1d85e9b39e784316f705f7e938e9a951f0af81a4a0e354,386,4.483045422126301,326.2780809402466,35,35,105
hardened,1,j-reversible-sp-unigram-48k,kanbun,sha256:bf7b40d2c0a7083d5276fcac9e06310b1d37b1e28e205505d4f889d68434ad0d,387,5.370285360180537,312.68144512176514,31,28,84
hardened,1,j-reversible-sp-unigram-48k,kakikudashi,sha256:bf7b40d2c0a7083d5276fcac9e06310b1d37b1e28e205505d4f889d68434ad0d,387,3.778074524378401,408.5268259048462,43,52,156
hardened,1,j-reversible-sp-unigram-48k,kanbun,sha256:3d8842a0f5e3cf4004328ce380b076d2c31d69854539e559ed40eaf7de40f7e7,390,4.867513113129812,283.40785121917725,27,28,84
hardened,1,j-reversible-sp-unigram-48k,kakikudashi,sha256:3d8842a0f5e3cf4004328ce380b076d2c31d69854539e559ed40eaf7de40f7e7,390,3.6763863055563224,344.0173683166504,35,45,135
hardened,1,j-reversible-sp-unigram-48k,kanbun,sha256:ed3f497d365c250e5997d486e45bbd37ea8306dd5fd5c90a22c4df25d16549f7,394,4.8193455226201625,280.6033239364624,28,28,84
hardened,1,j-reversible-sp-unigram-48k,kakikudashi,sha256:ed3f497d365c250e5997d486e45bbd37ea8306dd5fd5c90a22c4df25d16549f7,394,3.2424359958647524,350.6077175140381,35,52,156
hardened,1,j-reversible-sp-unigram-48k,kanbun,sha256:ae8c05ae56ffa85a82cdeca05e3afe1fd10a5cc9c87b250bbc23785048b699cd,395,4.479226391760541,260.80010414123535,26,28,84
hardened,1,j-reversible-sp-unigram-48k,kakikudashi,sha256:ae8c05ae56ffa85a82cdeca05e3afe1fd10a5cc9c87b250bbc23785048b699cd,395,3.25332540381339,358.5502996444702,38,53,159
hardened,1,j-reversible-sp-unigram-48k,kanbun,sha256:836caaacaf482ff8c38b870413a64dba3c1d8124bc70f95bb66314d3f529a108,396,6.508089377447613,378.92935943603516,38,28,84
hardened,1,j-reversible-sp-unigram-48k,kakikudashi,sha256:836caaacaf482ff8c38b870413a64dba3c1d8124bc70f95bb66314d3f529a108,396,4.326576536715562,449.84314918518066,47,50,150
hardened,1,j-reversible-sp-unigram-48k,kanbun,sha256:96519f6e16c77d37de18372570dcc96f1836e00e3f5f3cb992193216a10b1a29,397,4.523043853099266,263.3513479232788,28,28,84
hardened,1,j-reversible-sp-unigram-48k,kakikudashi,sha256:96519f6e16c77d37de18372570dcc96f1836e00e3f5f3cb992193216a10b1a29,397,3.246106147184389,303.7539587020874,32,45,135
hardened,1,j-reversible-sp-unigram-48k,kanbun,sha256:e0f7d4b82ad6536a0d100d9d1559c821ca8a078dbb6aa729fbf2dd9028e2e908,398,5.106765631326602,297.3381767272949,28,28,84
hardened,1,j-reversible-sp-unigram-48k,kakikudashi,sha256:e0f7d4b82ad6536a0d100d9d1559c821ca8a078dbb6aa729fbf2dd9028e2e908,398,4.147466659820322,388.098650932312,39,45,135
hardened,1,j-reversible-sp-unigram-48k,kanbun,sha256:71345211ec3ba323c2f3fea96d80860d327b842b3d46c17c4ab28e9c8f26ef4b,446,5.001703757959031,312.02251720428467,29,30,90
hardened,1,j-reversible-sp-unigram-48k,kakikudashi,sha256:71345211ec3ba323c2f3fea96d80860d327b842b3d46c17c4ab28e9c8f26ef4b,446,3.779511053110226,416.54143142700195,41,53,159
hardened,1,j-reversible-sp-unigram-48k,kanbun,sha256:9100a9d34da88fd774602b05c6ee90111876201854176c82b281df6d57a5a5bf,13,5.2780052985744765,658.5182085037231,63,60,180
hardened,1,j-reversible-sp-unigram-48k,kakikudashi,sha256:9100a9d34da88fd774602b05c6ee90111876201854176c82b281df6d57a5a5bf,13,3.604232030229088,854.4060382843018,85,114,342
hardened,1,j-reversible-sp-unigram-48k,kanbun,sha256:37e41b45f0a4183f9f226c73d0b4017a78425c8da65bcfe34480e6f688ded206,57,5.489496144361769,5433.581090927124,527,476,1428
hardened,1,j-reversible-sp-unigram-48k,kakikudashi,sha256:37e41b45f0a4183f9f226c73d0b4017a78425c8da65bcfe34480e6f688ded206,57,4.150420879800767,6412.504291534424,664,743,2229
hardened,1,j-reversible-sp-unigram-48k,kanbun,sha256:6e1cd63b15f93f8ceabc67586351fb8825b5605482df3f7b4c47790860960bd7,134,4.930414844794045,297.32277393341064,31,29,87
hardened,1,j-reversible-sp-unigram-48k,kakikudashi,sha256:6e1cd63b15f93f8ceabc67586351fb8825b5605482df3f7b4c47790860960bd7,134,3.4483020049999427,415.8914613723755,45,58,174
hardened,1,j-reversible-sp-unigram-48k,kanbun,sha256:f210cb062afab635a3aebbe9d65a845191038025db1ba590476a534d9e4b65af,217,5.431108572584751,1118.0736055374146,109,99,297
hardened,1,j-reversible-sp-unigram-48k,kakikudashi,sha256:f210cb062afab635a3aebbe9d65a845191038025db1ba590476a534d9e4b65af,217,3.7788225603008088,1343.6907444000244,138,171,513
hardened,1,j-reversible-sp-unigram-48k,kanbun,sha256:384a2829117df294f918e0e3292aaeb2ceb26f82fe95b69531292e41d596fcdb,417,6.313000999941297,525.100661277771,50,40,120
hardened,1,j-reversible-sp-unigram-48k,kakikudashi,sha256:384a2829117df294f918e0e3292aaeb2ceb26f82fe95b69531292e41d596fcdb,417,4.485439367634458,634.2502088546753,62,68,204
hardened,1,j-reversible-sp-unigram-48k,kanbun,sha256:fcce7557f2d919d4d0ab9666c2a16d44fa53dc0c35a78ed6945b85b1367d4146,428,5.469759331043532,454.9617910385132,46,40,120
hardened,1,j-reversible-sp-unigram-48k,kakikudashi,sha256:fcce7557f2d919d4d0ab9666c2a16d44fa53dc0c35a78ed6945b85b1367d4146,428,4.21269624424221,543.1234455108643,55,62,186
hardened,1,j-reversible-sp-unigram-48k,kanbun,sha256:66be6d209047c20bf16ed7e709147176ce8d974b4814dc9bb1808e1b9003a4c3,432,5.09761793964441,424.0079402923584,40,40,120
hardened,1,j-reversible-sp-unigram-48k,kakikudashi,sha256:66be6d209047c20bf16ed7e709147176ce8d974b4814dc9bb1808e1b9003a4c3,432,4.026973709805726,510.80524158477783,51,61,183
hardened,1,j-reversible-sp-unigram-48k,kanbun,sha256:8952801954f78ca62cdeb76b00e9976739ee20e4a31fb68734b7fef676634790,433,5.571153697858451,463.3955373764038,44,40,120
hardened,1,j-reversible-sp-unigram-48k,kakikudashi,sha256:8952801954f78ca62cdeb76b00e9976739ee20e4a31fb68734b7fef676634790,433,3.9349895403451547,572.780650138855,61,70,210
hardened,1,j-reversible-sp-unigram-48k,kanbun,sha256:976c593d798c11b05704cbc42adbad4e4c52a73c3def579dad8fb18d1ac52a6d,438,4.822776787797847,401.14729595184326,39,40,120
hardened,1,j-reversible-sp-unigram-48k,kakikudashi,sha256:976c593d798c11b05704cbc42adbad4e4c52a73c3def579dad8fb18d1ac52a6d,438,3.16768752702414,586.2448720932007,63,89,267
hardened,1,j-reversible-sp-unigram-48k,kanbun,sha256:1d462ae5e9da2fcffab98988325fe94a152555eadb42c0f9483fa915caa8b4de,37,5.794901859692104,964.0127725601196,93,80,240
hardened,1,j-reversible-sp-unigram-48k,kakikudashi,sha256:1d462ae5e9da2fcffab98988325fe94a152555eadb42c0f9483fa915caa8b4de,37,3.859964613529303,1268.1981811523438,132,158,474
hardened,1,j-reversible-sp-unigram-48k,kanbun,sha256:c6fedba6d584e75c829082a67d2ee059e215a162bc29488af48dadcb3b48695a,81,5.78034719807875,673.1140689849854,66,56,168
hardened,1,j-reversible-sp-unigram-48k,kakikudashi,sha256:c6fedba6d584e75c829082a67d2ee059e215a162bc29488af48dadcb3b48695a,81,4.3691503843585675,799.5145673751831,87,88,264
hardened,1,j-reversible-sp-unigram-48k,kanbun,sha256:7f1acba73dbb590f2059350b81b6452ea01874038280fd90c87628f586c00cfd,103,5.14139066911461,598.7083950042725,57,56,168
hardened,1,j-reversible-sp-unigram-48k,kakikudashi,sha256:7f1acba73dbb590f2059350b81b6452ea01874038280fd90c87628f586c00cfd,103,3.9521472104701334,747.8615770339966,76,91,273
hardened,1,j-reversible-sp-unigram-48k,kanbun,sha256:c391898daeab8372fb8199bbd41e708d8b04b33d1984080480949e3511a584bd,104,5.100033558820528,593.892412185669,58,56,168
hardened,1,j-reversible-sp-unigram-48k,kakikudashi,sha256:c391898daeab8372fb8199bbd41e708d8b04b33d1984080480949e3511a584bd,104,4.169558909647793,702.2986745834351,74,81,243
hardened,1,j-reversible-sp-unigram-48k,kanbun,sha256:49f02e00aefd621557e789f30a22273b497c62377cdb20a7308eb042a223a0c9,110,5.260650613356318,612.5960636138916,60,56,168
hardened,1,j-reversible-sp-unigram-48k,kakikudashi,sha256:49f02e00aefd621557e789f30a22273b497c62377cdb20a7308eb042a223a0c9,110,3.9268803940760786,767.5775127410889,81,94,282
hardened,1,j-reversible-sp-unigram-48k,kanbun,sha256:c3b29a274f6ee071fbe02e89e38bae7e2a961492db2382eb5f98bacb15565fab,124,5.627899286700344,655.3617038726807,65,56,168
hardened,1,j-reversible-sp-unigram-48k,kakikudashi,sha256:c3b29a274f6ee071fbe02e89e38bae7e2a961492db2382eb5f98bacb15565fab,124,4.236890671413725,731.2604169845581,75,83,249
hardened,1,j-reversible-sp-unigram-48k,kanbun,sha256:9beed968afd17741e87149d0ebe3868b9aad034dcf2a2aa1dce8f8b630cc0bd1,153,5.063953711599222,210.60391426086426,20,20,60
hardened,1,j-reversible-sp-unigram-48k,kakikudashi,sha256:9beed968afd17741e87149d0ebe3868b9aad034dcf2a2aa1dce8f8b630cc0bd1,153,3.2574879271698505,270.9502286911011,27,40,120
hardened,1,j-reversible-sp-unigram-48k,kanbun,sha256:1bdc76492ee87575f06f81fed47e66616f04a17174f37cb9e9b56f2e51f6058a,169,5.549015116471035,230.77705097198486,22,20,60
hardened,1,j-reversible-sp-unigram-48k,kakikudashi,sha256:1bdc76492ee87575f06f81fed47e66616f04a17174f37cb9e9b56f2e51f6058a,169,3.9144249217933917,293.0334405899048,32,36,108
hardened,1,j-reversible-sp-unigram-48k,kanbun,sha256:ec1d71629897d032d200bc0c57750145d04d86acc0a6396c648a042829924aea,187,5.113205185912508,212.65222549438477,20,20,60
hardened,1,j-reversible-sp-unigram-48k,kakikudashi,sha256:ec1d71629897d032d200bc0c57750145d04d86acc0a6396c648a042829924aea,187,4.327300106868621,260.9526605606079,26,29,87
hardened,1,j-reversible-sp-unigram-48k,kanbun,sha256:0229116fc57ac9d156b7b050ed0b3d8d32973da148d5caedf78e34865dfcf6bc,211,4.850919489906064,201.7440700531006,20,20,60
hardened,1,j-reversible-sp-unigram-48k,kakikudashi,sha256:0229116fc57ac9d156b7b050ed0b3d8d32973da148d5caedf78e34865dfcf6bc,211,3.8506404980115643,248.22263622283936,27,31,93
hardened,1,j-reversible-sp-unigram-48k,kanbun,sha256:f1f6ff8fc59c4bdf2a0c7d89a59ce1297591ca2585ddd9a740f565903454591c,214,5.24118263589905,217.97465801239014,20,20,60
hardened,1,j-reversible-sp-unigram-48k,kakikudashi,sha256:f1f6ff8fc59c4bdf2a0c7d89a59ce1297591ca2585ddd9a740f565903454591c,214,3.2900641926990404,294.18433475494385,28,43,129
hardened,1,j-reversible-sp-unigram-48k,kanbun,sha256:f9e6b50f8fab92d523315a94e9ac2b6a97d4de417458d64ce2b8d3b137f12b75,224,4.567590193291648,265.94503021240234,25,28,84
hardened,1,j-reversible-sp-unigram-48k,kakikudashi,sha256:f9e6b50f8fab92d523315a94e9ac2b6a97d4de417458d64ce2b8d3b137f12b75,224,3.4093339012293296,361.56503772735596,37,51,153
hardened,1,j-reversible-sp-unigram-48k,kanbun,sha256:be5128326818907c64a0de0aa20944748f8f995f9f475c0d205f6616c4437bb7,228,5.285362079769591,307.7368412017822,29,28,84
hardened,1,j-reversible-sp-unigram-48k,kakikudashi,sha256:be5128326818907c64a0de0aa20944748f8f995f9f475c0d205f6616c4437bb7,228,4.089785669782036,374.1966896057129,39,44,132
hardened,1,j-reversible-sp-unigram-48k,kanbun,sha256:ca92af2a8bc61ae0ed038296541d8177d788bfd267f5857643ae688a5962e783,229,4.843922105497259,282.0342798233032,27,28,84
hardened,1,j-reversible-sp-unigram-48k,kakikudashi,sha256:ca92af2a8bc61ae0ed038296541d8177d788bfd267f5857643ae688a5962e783,229,3.376631006743402,351.0753393173218,37,50,150
hardened,1,j-reversible-sp-unigram-48k,kanbun,sha256:69b01b2daede497431a5d130a695d18f1235d869145fe59b5d92bd960a722364,230,4.834713351784361,281.4981060028076,27,28,84
hardened,1,j-reversible-sp-unigram-48k,kakikudashi,sha256:69b01b2daede497431a5d130a695d18f1235d869145fe59b5d92bd960a722364,230,3.288062370365268,335.02934074401855,34,49,147
hardened,1,j-reversible-sp-unigram-48k,kanbun,sha256:d4b6bdac65f25e1d06547ce88e4c9810c1c705b41cc1bc9e1d075549ba3cd696,241,4.787253751060997,209.051100730896,20,21,63
hardened,1,j-reversible-sp-unigram-48k,kakikudashi,sha256:d4b6bdac65f25e1d06547ce88e4c9810c1c705b41cc1bc9e1d075549ba3cd696,241,3.8565809341115345,248.6055727005005,25,31,93
hardened,1,j-reversible-sp-unigram-48k,kanbun,sha256:f60ea7caa4cf25c42fa6d8ac30814d7c61d6959f972e21f71f7a4d57c45b2bb4,242,5.600647030499724,326.09410667419434,31,28,84
hardened,1,j-reversible-sp-unigram-48k,kakikudashi,sha256:f60ea7caa4cf25c42fa6d8ac30814d7c61d6959f972e21f71f7a4d57c45b2bb4,242,3.835290592424846,382.8126039505005,37,48,144
hardened,1,j-reversible-sp-unigram-48k,kanbun,sha256:92962b2becc7cee570967487d785019a13b9cb591d3f50b25b2afcd1fe53f2c2,267,6.258504026931884,364.39741134643555,36,28,84
hardened,1,j-reversible-sp-unigram-48k,kakikudashi,sha256:92962b2becc7cee570967487d785019a13b9cb591d3f50b25b2afcd1fe53f2c2,267,4.322699562798434,422.4736490249634,45,47,141
hardened,1,j-reversible-sp-unigram-48k,kanbun,sha256:1db2d79ff29ec9c8f61636a1207403fe5c301755545cc3920d27ccf8c94c9442,283,4.691400339854783,273.1537971496582,27,28,84
hardened,1,j-reversible-sp-unigram-48k,kakikudashi,sha256:1db2d79ff29ec9c8f61636a1207403fe5c301755545cc3920d27ccf8c94c9442,283,3.300156733035751,329.39918422698975,37,48,144
hardened,1,j-reversible-sp-unigram-48k,kanbun,sha256:5b6327eb9c50ed53f3079584bad4f486ca82a0efb5c51fd0b607d68fa979d8fd,305,4.604769763099771,268.1097869873047,26,28,84
hardened,1,j-reversible-sp-unigram-48k,kakikudashi,sha256:5b6327eb9c50ed53f3079584bad4f486ca82a0efb5c51fd0b607d68fa979d8fd,305,3.3766211209258414,379.1602563858032,41,54,162
hardened,1,j-reversible-sp-unigram-48k,kanbun,sha256:0bf633a5dc9bf7ac673d3599d8596c43ba77d4ea94b9469cf17de002f895f6c3,307,4.48235755704005,260.98241424560547,26,28,84
hardened,1,j-reversible-sp-unigram-48k,kakikudashi,sha256:0bf633a5dc9bf7ac673d3599d8596c43ba77d4ea94b9469cf17de002f895f6c3,307,3.0069523793024815,337.6502113342285,35,54,162
hardened,1,j-reversible-sp-unigram-48k,kanbun,sha256:e66c9c522bbdb987b6e975cb5ac62c23f1a3340f2edb970afc57d26586920b73,308,4.446912473214128,258.91864681243896,25,28,84
hardened,1,j-reversible-sp-unigram-48k,kakikudashi,sha256:e66c9c522bbdb987b6e975cb5ac62c23f1a3340f2edb970afc57d26586920b73,308,3.264269491194805,319.02930641174316,33,47,141
hardened,1,j-reversible-sp-unigram-48k,kanbun,sha256:22f44fef0442f74ec7e3a8019f0d5b5863c7412ab19972f024585da8f6ae00e5,313,5.546662331565892,322.9508819580078,32,28,84
hardened,1,j-reversible-sp-unigram-48k,kakikudashi,sha256:22f44fef0442f74ec7e3a8019f0d5b5863c7412ab19972f024585da8f6ae00e5,313,3.9153744930882164,415.2314109802246,44,51,153
hardened,1,j-reversible-sp-unigram-48k,kanbun,sha256:e4769a914ff8c9e3d6cad934898bf6a90ebb6992033d1756a9abab376ae5d9fd,337,5.501702479563635,320.3331232070923,31,28,84
hardened,1,j-reversible-sp-unigram-48k,kakikudashi,sha256:e4769a914ff8c9e3d6cad934898bf6a90ebb6992033d1756a9abab376ae5d9fd,337,4.225898901865359,351.5003890991211,35,40,120
hardened,1,j-reversible-sp-unigram-48k,kanbun,sha256:54246f8567838836aa8f2dfa6cd0fa1a0615aa5a61094e0e6d22bd4e010af3b5,344,5.299423643372935,308.5555667877197,30,28,84
hardened,1,j-reversible-sp-unigram-48k,kakikudashi,sha256:54246f8567838836aa8f2dfa6cd0fa1a0615aa5a61094e0e6d22bd4e010af3b5,344,3.560874305372424,370.2314977645874,37,50,150
hardened,1,j-reversible-sp-unigram-48k,kanbun,sha256:964bfe91c38434748812e8b8b16787e3c98616914e921f9b879582ebbc22b7f4,351,6.544837450974372,381.0689926147461,37,28,84
hardened,1,j-reversible-sp-unigram-48k,kakikudashi,sha256:964bfe91c38434748812e8b8b16787e3c98616914e921f9b879582ebbc22b7f4,351,3.915161819987593,504.763708114624,54,62,186
hardened,1,j-reversible-sp-unigram-48k,kanbun,sha256:db3fdb4a7c74e76b8850dd288bfabc473e0bbcecc4a5f6ae7a46e3aef4ef15bc,361,5.016157587236137,292.0625810623169,29,28,84
hardened,1,j-reversible-sp-unigram-48k,kakikudashi,sha256:db3fdb4a7c74e76b8850dd288bfabc473e0bbcecc4a5f6ae7a46e3aef4ef15bc,361,3.202714150293535,352.9724130630493,38,53,159
hardened,1,j-reversible-sp-unigram-48k,kanbun,sha256:7beffd8ab6e37ff02e514b4f5e7e27b31ab567e82347b63efb2870cfd85d2120,377,6.000983446043246,349.40343952178955,34,28,84
hardened,1,j-reversible-sp-unigram-48k,kakikudashi,sha256:7beffd8ab6e37ff02e514b4f5e7e27b31ab567e82347b63efb2870cfd85d2120,377,4.156115079368866,440.76231575012207,45,51,153
hardened,1,j-reversible-sp-unigram-48k,kanbun,sha256:e62e8d1b5a1be2dbb714cc0f0b0d8503d6a659c6737858eeb90e06ab78241761,378,4.841515478556886,281.89415550231934,27,28,84
hardened,1,j-reversible-sp-unigram-48k,kakikudashi,sha256:e62e8d1b5a1be2dbb714cc0f0b0d8503d6a659c6737858eeb90e06ab78241761,378,3.545600714183663,368.64347076416016,38,50,150
hardened,1,j-reversible-sp-unigram-48k,kanbun,sha256:ebfa9bb78878b7b86200084062c20b9a4ece85921e41296ea467c09d9a15c1b1,383,4.348393931493876,253.18246746063232,24,28,84
hardened,1,j-reversible-sp-unigram-48k,kakikudashi,sha256:ebfa9bb78878b7b86200084062c20b9a4ece85921e41296ea467c09d9a15c1b1,383,4.058949945283971,270.09117221832275,26,32,96
hardened,1,j-reversible-sp-unigram-48k,kanbun,sha256:cb2a8a3119275310a787147d26d5a1124462b3c321e829061f03ab4ac6121b90,385,4.732745919121607,275.5611171722412,27,28,84
hardened,1,j-reversible-sp-unigram-48k,kakikudashi,sha256:cb2a8a3119275310a787147d26d5a1124462b3c321e829061f03ab4ac6121b90,385,3.438670690572811,343.22470474243164,37,48,144
hardened,1,j-reversible-sp-unigram-48k,kanbun,sha256:535ff6b269a808c5e5d4784d77e49613744c3d107298fd16704eb1d0ae3dc8b7,388,4.493017664153929,261.6030921936035,27,28,84
hardened,1,j-reversible-sp-unigram-48k,kakikudashi,sha256:535ff6b269a808c5e5d4784d77e49613744c3d107298fd16704eb1d0ae3dc8b7,388,3.588588807201837,305.95268630981445,31,41,123
hardened,1,j-reversible-sp-unigram-48k,kanbun,sha256:215977ec34040a8aadcca9036a7b8f0a836dce0d3aec6016d2715e724ae2d6a7,391,5.5642648213989006,323.97577571868896,31,28,84
hardened,1,j-reversible-sp-unigram-48k,kakikudashi,sha256:215977ec34040a8aadcca9036a7b8f0a836dce0d3aec6016d2715e724ae2d6a7,391,3.473375796619355,353.91141414642334,35,49,147
hardened,1,j-reversible-sp-unigram-48k,kanbun,sha256:e1462673503c6f46a9b178f0c5bed3bd7182b2b5ed046517d8691e7372bc1ee1,392,4.749057277867038,276.510835647583,27,28,84
hardened,1,j-reversible-sp-unigram-48k,kakikudashi,sha256:e1462673503c6f46a9b178f0c5bed3bd7182b2b5ed046517d8691e7372bc1ee1,392,3.633538633274715,362.6750965118408,38,48,144
hardened,1,j-reversible-sp-unigram-48k,kanbun,sha256:aacc5122dd14a93c28b61f0916e1aff1d20f56bd5d6a0cd4fd2b767b82852a03,0,5.767072809223571,1199.2290773391724,115,100,300
hardened,1,j-reversible-sp-unigram-48k,kakikudashi,sha256:aacc5122dd14a93c28b61f0916e1aff1d20f56bd5d6a0cd4fd2b767b82852a03,0,4.206347171984079,1539.4461364746094,161,176,528
hardened,1,j-reversible-sp-unigram-48k,kanbun,sha256:86c9c4dca0127039f1ae50c558904b59fbd4edc03012923694b9ff7998751210,89,5.6585042054554835,329.4628038406372,33,28,84
hardened,1,j-reversible-sp-unigram-48k,kakikudashi,sha256:86c9c4dca0127039f1ae50c558904b59fbd4edc03012923694b9ff7998751210,89,3.118040181838818,356.6080255508423,38,55,165
hardened,1,j-reversible-sp-unigram-48k,kanbun,sha256:87bc3920a414557db574f9eaf2e17fd70735979bc5ffedf6d561fbd6bea78a45,100,5.138862843543278,598.4140329360962,58,56,168
hardened,1,j-reversible-sp-unigram-48k,kakikudashi,sha256:87bc3920a414557db574f9eaf2e17fd70735979bc5ffedf6d561fbd6bea78a45,100,3.727273779226579,798.3167371749878,81,103,309
hardened,1,j-reversible-sp-unigram-48k,kanbun,sha256:c2c3ee696b5b493e537c49dadd14b04b067ebe32fa96f36b078c1d6c5be6f756,163,5.113326756717563,1339.740873336792,131,126,378
hardened,1,j-reversible-sp-unigram-48k,kakikudashi,sha256:c2c3ee696b5b493e537c49dadd14b04b067ebe32fa96f36b078c1d6c5be6f756,163,3.620673110162606,1731.6649570465088,179,230,690
hardened,1,j-reversible-sp-unigram-48k,kanbun,sha256:88362c9b02b3036094ebff13f879919608f9de1d43cb3e7077cbc826a69b3f8e,249,4.454013931695655,518.664249420166,51,56,168
hardened,1,j-reversible-sp-unigram-48k,kakikudashi,sha256:88362c9b02b3036094ebff13f879919608f9de1d43cb3e7077cbc826a69b3f8e,249,3.2353844073121905,686.2348594665527,74,102,306
hardened,1,j-reversible-sp-unigram-48k,kanbun,sha256:a2d102ad8170a1ea7416667b7226955d7fe7d42a70e2083e50f7fac9a559fd5a,315,5.019558983668167,876.7818756103516,88,84,252
hardened,1,j-reversible-sp-unigram-48k,kakikudashi,sha256:a2d102ad8170a1ea7416667b7226955d7fe7d42a70e2083e50f7fac9a559fd5a,315,3.7469089047557236,1106.389880180359,114,142,426
hardened,1,j-reversible-sp-unigram-48k,kanbun,sha256:fa6cc111cd2ef421711faa1460ebc8ce838fdf13293855c223b6e74434edff05,349,5.093399996884917,2669.039740562439,266,252,756
hardened,1,j-reversible-sp-unigram-48k,kakikudashi,sha256:fa6cc111cd2ef421711faa1460ebc8ce838fdf13293855c223b6e74434edff05,349,3.6472516425923382,3306.731508255005,348,436,1308
hardened,1,j-reversible-sp-unigram-48k,kanbun,sha256:2095bc33187d6f3979e02211a3b227ce1dd28cb684fbc1a054587a1572e4e3b4,408,5.534835490872698,460.3746738433838,44,40,120
hardened,1,j-reversible-sp-unigram-48k,kakikudashi,sha256:2095bc33187d6f3979e02211a3b227ce1dd28cb684fbc1a054587a1572e4e3b4,408,4.219499942876206,605.4200391769409,61,69,207
hardened,1,j-reversible-sp-unigram-48k,kanbun,sha256:4407f3d844541f2fb9d8b6d645132e11ab661a4288b1422293ccb9f28d2675a2,409,5.6721018270219306,471.7921667098999,45,40,120
hardened,1,j-reversible-sp-unigram-48k,kakikudashi,sha256:4407f3d844541f2fb9d8b6d645132e11ab661a4288b1422293ccb9f28d2675a2,409,3.920815245950374,619.6360635757446,66,76,228
hardened,1,j-reversible-sp-unigram-48k,kanbun,sha256:d424c3774ec17385aaab9fa7645d5796a51c6f7ff14faacd6656efa2788d52f8,425,4.949083208486566,411.6531686782837,40,40,120
hardened,1,j-reversible-sp-unigram-48k,kakikudashi,sha256:d424c3774ec17385aaab9fa7645d5796a51c6f7ff14faacd6656efa2788d52f8,425,3.8016801810798095,490.1330451965332,50,62,186
hardened,1,j-reversible-sp-unigram-48k,kanbun,sha256:91a9fc3f3bf6f759c805d8991ec615e476b531e2d18733983b45d55fa3050bdc,427,4.742977640383208,394.5097894668579,40,40,120
hardened,1,j-reversible-sp-unigram-48k,kakikudashi,sha256:91a9fc3f3bf6f759c805d8991ec615e476b531e2d18733983b45d55fa3050bdc,427,3.8384829222444945,470.93214988708496,51,59,177
hardened,1,j-reversible-sp-unigram-48k,kanbun,sha256:05554bc9b8e804ebbb02cfc07924513e935f5384702576a7b045942bcc776571,430,5.7005774990077285,474.16070652008057,46,40,120
hardened,1,j-reversible-sp-unigram-48k,kakikudashi,sha256:05554bc9b8e804ebbb02cfc07924513e935f5384702576a7b045942bcc776571,430,4.304475417153333,563.9070148468018,59,63,189
hardened,1,j-reversible-sp-unigram-48k,kanbun,sha256:dd88113ccc60b7699d2c9347a398c5a7acd779379d3a65044cdfec0f7a53ca47,431,5.695107361486836,473.7057132720947,45,40,120
hardened,1,j-reversible-sp-unigram-48k,kakikudashi,sha256:dd88113ccc60b7699d2c9347a398c5a7acd779379d3a65044cdfec0f7a53ca47,431,4.443183062591538,563.599705696106,57,61,183
hardened,1,j-reversible-sp-unigram-48k,kanbun,sha256:b004000bb7c65a514d4447f566f6d669a14b0e75e76ad73b89ec148382406328,434,5.092172579090751,423.5550079345703,41,40,120
hardened,1,j-reversible-sp-unigram-48k,kakikudashi,sha256:b004000bb7c65a514d4447f566f6d669a14b0e75e76ad73b89ec148382406328,434,3.8020672353534253,553.4323587417603,59,70,210
hardened,1,j-reversible-sp-unigram-48k,kanbun,sha256:eab5a1ee862005a36aabd8128fab3ca66f14360f68d43eb46be2cfb47469b2cd,447,5.065893400728713,421.36916732788086,41,40,120
hardened,1,j-reversible-sp-unigram-48k,kakikudashi,sha256:eab5a1ee862005a36aabd8128fab3ca66f14360f68d43eb46be2cfb47469b2cd,447,3.8035303368196134,529.9176721572876,55,67,201
hardened,1,j-reversible-sp-unigram-48k,kanbun,sha256:8215e571653d767b252e7ae8725974a13373db12bf182977ca33c96ba5ee6b80,450,5.916809508783479,492.1463794708252,47,40,120
hardened,1,j-reversible-sp-unigram-48k,kakikudashi,sha256:8215e571653d767b252e7ae8725974a13373db12bf182977ca33c96ba5ee6b80,450,4.587652040491761,572.38525390625,57,60,180
hardened,1,j-reversible-sp-unigram-48k,kanbun,sha256:f7436097f1cf75a3137b5e899d5dc6e5b933a514de2be41598bc747649b46bd8,4,5.432087391285288,451.8283271789551,44,40,120
hardened,1,j-reversible-sp-unigram-48k,kakikudashi,sha256:f7436097f1cf75a3137b5e899d5dc6e5b933a514de2be41598bc747649b46bd8,4,3.8674190564567508,595.1133165359497,62,74,222
hardened,1,j-reversible-sp-unigram-48k,kanbun,sha256:d849179ec7b142b2d9eb33ad8eb59461b6c686a0ca5659c9b6ec0c8b0dc73cf1,17,5.011711871745793,625.2937116622925,62,60,180
hardened,1,j-reversible-sp-unigram-48k,kakikudashi,sha256:d849179ec7b142b2d9eb33ad8eb59461b6c686a0ca5659c9b6ec0c8b0dc73cf1,17,4.175296784668648,755.3588457107544,78,87,261
hardened,1,j-reversible-sp-unigram-48k,kanbun,sha256:17672397b016991e757a866468203dc56a37ad82f5134adf2459846a3cedb669,31,6.510194501602759,1083.0055112838745,105,80,240
hardened,1,j-reversible-sp-unigram-48k,kakikudashi,sha256:17672397b016991e757a866468203dc56a37ad82f5134adf2459846a3cedb669,31,4.3395842851991056,1290.4193925857544,133,143,429
hardened,1,j-reversible-sp-unigram-48k,kanbun,sha256:993cf16ce411260e37f115ed6283350dd03253978bb9dafabd3b6ef85c86612d,38,5.476102837741342,1138.723572731018,109,100,300
hardened,1,j-reversible-sp-unigram-48k,kakikudashi,sha256:993cf16ce411260e37f115ed6283350dd03253978bb9dafabd3b6ef85c86612d,38,3.9082300505560705,1454.7215299606323,150,179,537
hardened,1,j-reversible-sp-unigram-48k,kanbun,sha256:4c02892fa00fda9a82e65f5f9943d005b963874eb0a1bb42580237d0229d800a,65,5.0898296643518375,592.7041816711426,59,56,168
hardened,1,j-reversible-sp-unigram-48k,kakikudashi,sha256:4c02892fa00fda9a82e65f5f9943d005b963874eb0a1bb42580237d0229d800a,65,3.50468060397314,801.6556282043457,90,110,330
hardened,1,j-reversible-sp-unigram-48k,kanbun,sha256:ebaf0a12c2adc7099504c6b86bc708e24aceb7691b4ff10637999dc94e4f54eb,82,7.01516754593834,816.9073257446289,81,56,168
hardened,1,j-reversible-sp-unigram-48k,kakikudashi,sha256:ebaf0a12c2adc7099504c6b86bc708e24aceb7691b4ff10637999dc94e4f54eb,82,5.041395096235854,964.462347984314,100,92,276
hardened,1,j-reversible-sp-unigram-48k,kanbun,sha256:5b1999b0cac33e1542758e3b59d9c473b5fd370a2b0e632b3b27ca873479c6c6,84,5.598687673106694,651.9600486755371,64,56,168
hardened,1,j-reversible-sp-unigram-48k,kakikudashi,sha256:5b1999b0cac33e1542758e3b59d9c473b5fd370a2b0e632b3b27ca873479c6c6,84,3.7296644082895365,891.8961973190308,97,115,345
hardened,1,j-reversible-sp-unigram-48k,kanbun,sha256:cc8beb8808cee6f397a4c7e5703b64ad374667e09e452594277ad614a4113104,95,5.615039095620126,653.8641510009766,63,56,168
hardened,1,j-reversible-sp-unigram-48k,kakikudashi,sha256:cc8beb8808cee6f397a4c7e5703b64ad374667e09e452594277ad614a4113104,95,3.984767752651598,845.1813430786133,90,102,306
hardened,1,j-reversible-sp-unigram-48k,kanbun,sha256:042ab8718b1edb4db8fa7b7b4ef51267d51b3bbfa609b7c2fb0a488b010a293d,116,5.857114012910576,682.053466796875,67,56,168
hardened,1,j-reversible-sp-unigram-48k,kakikudashi,sha256:042ab8718b1edb4db8fa7b7b4ef51267d51b3bbfa609b7c2fb0a488b010a293d,116,4.102614109340872,818.9900360107422,86,96,288
hardened,1,j-reversible-sp-unigram-48k,kanbun,sha256:6de762fbae5cdea909bda4906ad245f5cc75f692374795ca0623fcce53a55e9d,117,5.054014572137059,588.5335597991943,57,56,168
hardened,1,j-reversible-sp-unigram-48k,kakikudashi,sha256:6de762fbae5cdea909bda4906ad245f5cc75f692374795ca0623fcce53a55e9d,117,3.556067313280857,702.4902391433716,74,95,285
hardened,1,j-reversible-sp-unigram-48k,kanbun,sha256:52d4e6ff51fc2e69153746cda5f4f5a39ff0d586927a0846b5def92686809376,140,5.770834108780674,672.0062818527222,65,56,168
hardened,1,j-reversible-sp-unigram-48k,kakikudashi,sha256:52d4e6ff51fc2e69153746cda5f4f5a39ff0d586927a0846b5def92686809376,140,4.2704382839821635,781.4511556625366,79,88,264
hardened,1,j-reversible-sp-unigram-48k,kanbun,sha256:7edc75ccf8b006bfee320f69fd21cb73bbf58dfcd8e465869abdf29c33953c86,149,5.5068595316772475,229.0238494873047,23,20,60
hardened,1,j-reversible-sp-unigram-48k,kakikudashi,sha256:7edc75ccf8b006bfee320f69fd21cb73bbf58dfcd8e465869abdf29c33953c86,149,3.7741928873620574,266.8392581939697,27,34,102
hardened,1,j-reversible-sp-unigram-48k,kanbun,sha256:d7d8f505d3d800f8b06b5904e82f03d762ec23c0c9a1869136f46caf102f2c7b,152,5.4948738543594375,228.5253791809082,21,20,60
hardened,1,j-reversible-sp-unigram-48k,kakikudashi,sha256:d7d8f505d3d800f8b06b5904e82f03d762ec23c0c9a1869136f46caf102f2c7b,152,3.741892650530935,287.8987398147583,30,37,111
hardened,1,j-reversible-sp-unigram-48k,kanbun,sha256:4cfce05a50c6c27787ce5282083e079a6b4dacc0a17d46e4c5637c4f2999408b,159,4.644089370360132,193.1422472000122,20,20,60
hardened,1,j-reversible-sp-unigram-48k,kakikudashi,sha256:4cfce05a50c6c27787ce5282083e079a6b4dacc0a17d46e4c5637c4f2999408b,159,3.2938654452391307,219.1808204650879,23,32,96
hardened,1,j-reversible-sp-unigram-48k,kanbun,sha256:b81eee34499968e2ce987a320a443a984cbb6eb55e24690490b083ecfa2d6c5e,179,4.418466064485857,183.75883769989014,18,20,60
hardened,1,j-reversible-sp-unigram-48k,kakikudashi,sha256:b81eee34499968e2ce987a320a443a984cbb6eb55e24690490b083ecfa2d6c5e,179,3.1286421448359474,240.7156524658203,25,37,111
hardened,1,j-reversible-sp-unigram-48k,kanbun,sha256:955384079b4cf87e3e9c30e0ba87152d4db31178c42f5276179131094cdc11c5,215,5.894361393021041,245.13959884643555,24,20,60
hardened,1,j-reversible-sp-unigram-48k,kakikudashi,sha256:955384079b4cf87e3e9c30e0ba87152d4db31178c42f5276179131094cdc11c5,215,3.797475113002345,292.175217628479,29,37,111
hardened,1,j-reversible-sp-unigram-48k,kanbun,sha256:9bb8ba0d8cf2ad6f8497915f809b3e2670e27464e6d8aeee94804444c0d21c55,218,5.391975173314651,313.94432067871094,32,28,84
hardened,1,j-reversible-sp-unigram-48k,kakikudashi,sha256:9bb8ba0d8cf2ad6f8497915f809b3e2670e27464e6d8aeee94804444c0d21c55,218,3.84723824852565,376.00503063201904,40,47,141
hardened,1,j-reversible-sp-unigram-48k,kanbun,sha256:ad956be81d174cb25b3d89f0f335c67b00d3da32c475addd0b99e374b8175da2,263,5.585657088167721,325.22132682800293,31,28,84
hardened,1,j-reversible-sp-unigram-48k,kakikudashi,sha256:ad956be81d174cb25b3d89f0f335c67b00d3da32c475addd0b99e374b8175da2,263,3.5200350941331564,439.1824321746826,46,60,180
hardened,1,j-reversible-sp-unigram-48k,kanbun,sha256:75b04a7e467914ade7b81a7dbd0567f092dc7b294240cdc0a911449fa2eed8e3,284,5.288423092506847,307.9150667190552,30,28,84
hardened,1,j-reversible-sp-unigram-48k,kakikudashi,sha256:75b04a7e467914ade7b81a7dbd0567f092dc7b294240cdc0a911449fa2eed8e3,284,3.6720053621901463,427.6003475189209,44,56,168
hardened,1,j-reversible-sp-unigram-48k,kanbun,sha256:31894b65cce53b847f0bbdf4266379e21c8e28ba6e740f0ebea69fdc4f808e6c,288,4.418941722636103,257.2900676727295,26,28,84
hardened,1,j-reversible-sp-unigram-48k,kakikudashi,sha256:31894b65cce53b847f0bbdf4266379e21c8e28ba6e740f0ebea69fdc4f808e6c,288,3.5094949633077404,321.1027431488037,35,44,132
hardened,1,j-reversible-sp-unigram-48k,kanbun,sha256:17081afb209552d4294e87f5efd6594d01eeeb792541c4332b4a0cfff4becfda,290,5.6270497743015815,327.6313896179199,33,28,84
hardened,1,j-reversible-sp-unigram-48k,kakikudashi,sha256:17081afb209552d4294e87f5efd6594d01eeeb792541c4332b4a0cfff4becfda,290,4.13543605235346,412.77108097076416,43,48,144
hardened,1,j-reversible-sp-unigram-48k,kanbun,sha256:0652e84601f21465239e3cdb72e18127be0ad1cae7ca187fe484a43b8404129e,295,5.005984829816901,291.4702787399292,29,28,84
hardened,1,j-reversible-sp-unigram-48k,kakikudashi,sha256:0652e84601f21465239e3cdb72e18127be0ad1cae7ca187fe484a43b8404129e,295,3.0762953917204676,313.4518451690674,32,49,147
hardened,1,j-reversible-sp-unigram-48k,kanbun,sha256:e65a9c5fd6e9d20ea1287742a598a788ad345da529eb986561206ed8b6525930,298,5.139779306331127,299.2603769302368,29,28,84
hardened,1,j-reversible-sp-unigram-48k,kakikudashi,sha256:e65a9c5fd6e9d20ea1287742a598a788ad345da529eb986561206ed8b6525930,298,3.9054315561305164,349.2080144882202,34,43,129
hardened,1,j-reversible-sp-unigram-48k,kanbun,sha256:5838bb07b453e8326ecde9bed1a68e120ebd0c10351d5b4f0cca67cda9f64860,302,4.905621978907398,285.6267156600952,28,28,84
hardened,1,j-reversible-sp-unigram-48k,kakikudashi,sha256:5838bb07b453e8326ecde9bed1a68e120ebd0c10351d5b4f0cca67cda9f64860,302,4.009679747011021,366.86736392974854,38,44,132
hardened,1,j-reversible-sp-unigram-48k,kanbun,sha256:58f733bc6cbd287eb76188c05268a0fe9ff300e1bef90bcaacdecc02dfadb6db,306,5.405127620246235,314.7101135253906,30,28,84
hardened,1,j-reversible-sp-unigram-48k,kakikudashi,sha256:58f733bc6cbd287eb76188c05268a0fe9ff300e1bef90bcaacdecc02dfadb6db,306,3.731192757258882,364.6634693145752,37,47,141
hardened,1,j-reversible-sp-unigram-48k,kanbun,sha256:407eeb8ace2d180c36fff5d7853f672bab8adbf3a4b1c3a66554ddc3a8d14f6b,316,4.672562310278676,272.0569648742676,27,28,84
hardened,1,j-reversible-sp-unigram-48k,kakikudashi,sha256:407eeb8ace2d180c36fff5d7853f672bab8adbf3a4b1c3a66554ddc3a8d14f6b,316,3.5209346505350454,366.07888889312744,39,50,150
hardened,1,j-reversible-sp-unigram-48k,kanbun,sha256:1c8795c587d422f9e6badec1be2c0f203662c336e9dc16e7d9da62094f60dd54,320,5.878232810885226,342.25636196136475,33,28,84
hardened,1,j-reversible-sp-unigram-48k,kakikudashi,sha256:1c8795c587d422f9e6badec1be2c0f203662c336e9dc16e7d9da62094f60dd54,320,3.9639213685198302,387.40890979766846,38,47,141
hardened,1,j-reversible-sp-unigram-48k,kanbun,sha256:1f9f63a99ef6cbc57d5c80bdef37a7265023289a48ee5d0655f048f73ba0e5bb,322,4.763048263066328,277.3254518508911,26,28,84
hardened,1,j-reversible-sp-unigram-48k,kakikudashi,sha256:1f9f63a99ef6cbc57d5c80bdef37a7265023289a48ee5d0655f048f73ba0e5bb,322,3.2346836540566755,329.5904426574707,32,49,147
hardened,1,j-reversible-sp-unigram-48k,kanbun,sha256:d1fcfa5db59009b0b864474ef4c1f16d10583bf1f85e0ba3a65738d29fffb1dd,340,4.575287874675466,266.3932228088379,28,28,84
hardened,1,j-reversible-sp-unigram-48k,kakikudashi,sha256:d1fcfa5db59009b0b864474ef4c1f16d10583bf1f85e0ba3a65738d29fffb1dd,340,3.847386428452371,312.01619148254395,33,39,117
hardened,1,j-reversible-sp-unigram-48k,kanbun,sha256:6639bedd74374987daa82adc5ac1b2a6ab82e22bb002607b321814be456b53c0,352,5.377754239121507,313.1163158416748,30,28,84
hardened,1,j-reversible-sp-unigram-48k,kakikudashi,sha256:6639bedd74374987daa82adc5ac1b2a6ab82e22bb002607b321814be456b53c0,352,3.6272297959412536,384.673228263855,38,51,153
hardened,1,j-reversible-sp-unigram-48k,kanbun,sha256:d9bd1ab196ffa5be4cb918b3dffaae457e91718ad1514009a13c97be076315e9,389,5.085314743042787,296.08921241760254,30,28,84
hardened,1,j-reversible-sp-unigram-48k,kakikudashi,sha256:d9bd1ab196ffa5be4cb918b3dffaae457e91718ad1514009a13c97be076315e9,389,3.84806048926305,352.07994079589844,37,44,132
hardened,2,j-reversible-sp-unigram-32k,kanbun,sha256:8d1569a11318284af47fff60342c252edcefd144cdd148c9e68e36a421087bc1,1,5.721701167203465,594.8971548080444,59,50,150
hardened,2,j-reversible-sp-unigram-32k,kakikudashi,sha256:8d1569a11318284af47fff60342c252edcefd144cdd148c9e68e36a421087bc1,1,3.988950898670697,771.4154891967773,81,93,279
hardened,2,j-reversible-sp-unigram-32k,kanbun,sha256:3ea142732fad6ace04e414b474638e26b2a71cbbd1abba9679f4da1e2a9c4ca0,111,5.845605305178973,364.6678352355957,35,30,90
hardened,2,j-reversible-sp-unigram-32k,kakikudashi,sha256:3ea142732fad6ace04e414b474638e26b2a71cbbd1abba9679f4da1e2a9c4ca0,111,3.6515194521810215,425.21478939056396,45,56,168
hardened,2,j-reversible-sp-unigram-32k,kanbun,sha256:302b45f003b5597c93b3fe9a7d8ae3a5c1130611fa05d6c1a18344e093a51079,216,4.620012357227495,288.211368560791,28,30,90
hardened,2,j-reversible-sp-unigram-32k,kakikudashi,sha256:302b45f003b5597c93b3fe9a7d8ae3a5c1130611fa05d6c1a18344e093a51079,216,3.4964582906296355,363.53403091430664,38,50,150
hardened,2,j-reversible-sp-unigram-32k,kanbun,sha256:717465d4b85514af22effdea6dbace424ea78c1348817fb62512fcf56cd18b9b,326,5.509075447875045,801.906023979187,78,70,210
hardened,2,j-reversible-sp-unigram-32k,kakikudashi,sha256:717465d4b85514af22effdea6dbace424ea78c1348817fb62512fcf56cd18b9b,326,3.8804646284076245,1048.9959154129028,111,130,390
hardened,2,j-reversible-sp-unigram-32k,kanbun,sha256:fbe5ba23af164c70eb9c29d9db41474c90308d226f06ef9b625c2d993999c9c5,402,5.338342514677485,666.0462713241577,67,60,180
hardened,2,j-reversible-sp-unigram-32k,kakikudashi,sha256:fbe5ba23af164c70eb9c29d9db41474c90308d226f06ef9b625c2d993999c9c5,402,3.9452918396575303,836.8083820343018,89,102,306
hardened,2,j-reversible-sp-unigram-32k,kanbun,sha256:59f6055d544b30698a8fbe7996b93846e0ac767a7cccc61eee9e2046f0126edb,413,6.008072584015251,999.4748573303223,99,80,240
hardened,2,j-reversible-sp-unigram-32k,kakikudashi,sha256:59f6055d544b30698a8fbe7996b93846e0ac767a7cccc61eee9e2046f0126edb,413,4.441231115695623,1237.5275840759277,130,134,402
hardened,2,j-reversible-sp-unigram-32k,kanbun,sha256:a4365ae1a10e6e66a78a392d59934c213231a5a10ba17389b4855d79fe33a9a0,424,4.810875737409772,300.11804580688477,31,30,90
hardened,2,j-reversible-sp-unigram-32k,kakikudashi,sha256:a4365ae1a10e6e66a78a392d59934c213231a5a10ba17389b4855d79fe33a9a0,424,3.2311213253203857,450.16816997528076,49,67,201
hardened,2,j-reversible-sp-unigram-32k,kanbun,sha256:55f1caeb87e2a0ba46d0287184c06df421ad3c3453ec64d07abb59c72d738bd9,435,5.617604278771499,1168.147970199585,116,100,300
hardened,2,j-reversible-sp-unigram-32k,kakikudashi,sha256:55f1caeb87e2a0ba46d0287184c06df421ad3c3453ec64d07abb59c72d738bd9,435,4.2532842599962875,1379.7351326942444,147,156,468
hardened,2,j-reversible-sp-unigram-32k,kanbun,sha256:93dda650b27b3be7ee4b662c619cff8d66fc4e362b26278ed7d7e33f77f106cd,2,5.696475949391085,1303.0037603378296,129,110,330
hardened,2,j-reversible-sp-unigram-32k,kakikudashi,sha256:93dda650b27b3be7ee4b662c619cff8d66fc4e362b26278ed7d7e33f77f106cd,2,4.087777340615911,1572.5543928146362,167,185,555
hardened,2,j-reversible-sp-unigram-32k,kanbun,sha256:8d45ab88cbae6bebf457d5c91095a0b40fc62587fa53ad7208d478c243ba0ef7,24,5.555539570702022,924.1935815811157,89,80,240
hardened,2,j-reversible-sp-unigram-32k,kakikudashi,sha256:8d45ab88cbae6bebf457d5c91095a0b40fc62587fa53ad7208d478c243ba0ef7,24,3.6968745586071083,1137.7403106689453,121,148,444
hardened,2,j-reversible-sp-unigram-32k,kanbun,sha256:567bd56557d7fff24b8feeb440b9f49aa9e3045d837a4002f4795e6dde9751a1,35,5.181136426452788,754.1709222793579,75,70,210
hardened,2,j-reversible-sp-unigram-32k,kakikudashi,sha256:567bd56557d7fff24b8feeb440b9f49aa9e3045d837a4002f4795e6dde9751a1,35,3.888092714441591,921.6970119476318,98,114,342
hardened,2,j-reversible-sp-unigram-32k,kanbun,sha256:b4936462bfae473a417cb2a44cc32e1040d9b0b8ccc5b017f2af8eccb0f5903f,46,5.3933046483437215,628.04345703125,64,56,168
hardened,2,j-reversible-sp-unigram-32k,kakikudashi,sha256:b4936462bfae473a417cb2a44cc32e1040d9b0b8ccc5b017f2af8eccb0f5903f,46,4.281315118029762,765.6360278129578,84,86,258
hardened,2,j-reversible-sp-unigram-32k,kanbun,sha256:f6b2642e761897b8ebb8c391213d9f543eddf599fa9323948af4a771e217d8ea,68,5.0570751122145134,2061.114845275879,209,196,588
hardened,2,j-reversible-sp-unigram-32k,kakikudashi,sha256:f6b2642e761897b8ebb8c391213d9f543eddf599fa9323948af4a771e217d8ea,68,3.950380131775277,2554.7357954978943,274,311,933
hardened,2,j-reversible-sp-unigram-32k,kanbun,sha256:17055b5d153d91f39fdfbf0de39853d752877022aa33840b6cf7d4b4adbfc913,78,4.61479972578089,1746.5095386505127,180,182,546
hardened,2,j-reversible-sp-unigram-32k,kakikudashi,sha256:17055b5d153d91f39fdfbf0de39853d752877022aa33840b6cf7d4b4adbfc913,78,3.582649560564634,2197.723546028137,242,295,885
hardened,2,j-reversible-sp-unigram-32k,kanbun,sha256:b43081f81735e7b2e52e036432244507a16968d5a5fb1f1feb48c809bea423b6,112,5.906040314439099,515.813154220581,50,42,126
hardened,2,j-reversible-sp-unigram-32k,kakikudashi,sha256:b43081f81735e7b2e52e036432244507a16968d5a5fb1f1feb48c809bea423b6,112,3.772325577781536,604.0134496688843,61,77,231
hardened,2,j-reversible-sp-unigram-32k,kanbun,sha256:b6b4b4a72cbdecc3290a1dde132945435b73a98d25b72c10b5124e197d908efd,123,5.628319066322383,983.1158800125122,97,84,252
hardened,2,j-reversible-sp-unigram-32k,kakikudashi,sha256:b6b4b4a72cbdecc3290a1dde132945435b73a98d25b72c10b5124e197d908efd,123,4.07564163697548,1211.9333696365356,132,143,429
hardened,2,j-reversible-sp-unigram-32k,kanbun,sha256:ac200517388f2878b3db69087a15c8ef657d854cb2fddf975c2363d404fa70bb,144,5.728113890244733,929.0796823501587,91,78,234
hardened,2,j-reversible-sp-unigram-32k,kakikudashi,sha256:ac200517388f2878b3db69087a15c8ef657d854cb2fddf975c2363d404fa70bb,144,3.757636594436272,1117.3713455200195,120,143,429
hardened,2,j-reversible-sp-unigram-32k,kanbun,sha256:78ff91c48ff169f4948687ca5f5a48f61543b56d44e5b2628c10da96b6457a07,154,5.322489964696305,1239.5943546295166,125,112,336
hardened,2,j-reversible-sp-unigram-32k,kakikudashi,sha256:78ff91c48ff169f4948687ca5f5a48f61543b56d44e5b2628c10da96b6457a07,154,3.556274794608241,1567.7538948059082,169,212,636
hardened,2,j-reversible-sp-unigram-32k,kanbun,sha256:629e3ddc99d473db651a2e5809d4f5130824351a8cd54f3292ebc8232efe255e,173,5.11960046278321,1639.470121383667,165,154,462
hardened,2,j-reversible-sp-unigram-32k,kakikudashi,sha256:629e3ddc99d473db651a2e5809d4f5130824351a8cd54f3292ebc8232efe255e,173,3.6404562155595395,2081.781868457794,232,275,825
hardened,2,j-reversible-sp-unigram-32k,kanbun,sha256:e9f3ef8a884ff644002ca6c634ef92ac62ca07c8c2f9f76d4e2c65d82c97fc88,184,5.142560816140061,1497.1116428375244,149,140,420
hardened,2,j-reversible-sp-unigram-32k,kakikudashi,sha256:e9f3ef8a884ff644002ca6c634ef92ac62ca07c8c2f9f76d4e2c65d82c97fc88,184,3.9363803546245846,1833.5459146499634,199,224,672
hardened,2,j-reversible-sp-unigram-32k,kanbun,sha256:214e9d97c49dbe65b4ad3da40efccc8a0047e21c028ac6b56c15271f5b46d5d4,195,5.427820367953098,2708.840436935425,269,240,720
hardened,2,j-reversible-sp-unigram-32k,kakikudashi,sha256:214e9d97c49dbe65b4ad3da40efccc8a0047e21c028ac6b56c15271f5b46d5d4,195,3.960659556474304,3154.372685432434,333,383,1149
hardened,2,j-reversible-sp-unigram-32k,kanbun,sha256:c72c7c44f5586c163926708194cbea9f7f607768593655b4d266d44474657ca1,206,5.3375587962892235,3107.759617805481,308,280,840
hardened,2,j-reversible-sp-unigram-32k,kakikudashi,sha256:c72c7c44f5586c163926708194cbea9f7f607768593655b4d266d44474657ca1,206,3.8319385621845226,3832.7485632896423,410,481,1443
hardened,2,j-reversible-sp-unigram-32k,kanbun,sha256:941a1e0f9d0c78f267b64587eabae60f7d564302633155844a58b3a4e82ff987,227,4.48626304281141,783.6294260025024,81,84,252
hardened,2,j-reversible-sp-unigram-32k,kakikudashi,sha256:941a1e0f9d0c78f267b64587eabae60f7d564302633155844a58b3a4e82ff987,227,3.4815996877172566,1042.5287551879883,115,144,432
hardened,2,j-reversible-sp-unigram-32k,kanbun,sha256:a4d584b1780e97112d864e7f007586e0a7d0a8dc05b63830a40d53a8e1ba9052,238,4.801944697459649,479.2974376678467,52,48,144
hardened,2,j-reversible-sp-unigram-32k,kakikudashi,sha256:a4d584b1780e97112d864e7f007586e0a7d0a8dc05b63830a40d53a8e1ba9052,238,3.340598620258196,597.4058408737183,67,86,258
hardened,2,j-reversible-sp-unigram-32k,kanbun,sha256:34f453f58b7ee056a3d7fa035687f7f2f18b48dc9dac0a79902688a07f4191f2,260,5.760130280208387,1018.1176061630249,102,85,255
hardened,2,j-reversible-sp-unigram-32k,kakikudashi,sha256:34f453f58b7ee056a3d7fa035687f7f2f18b48dc9dac0a79902688a07f4191f2,260,3.952233105557124,1158.7997159957886,123,141,423
hardened,2,j-reversible-sp-unigram-32k,kanbun,sha256:813f4461c8fdda05836461a31bfc1f99137381d7a7ecc0680210b3deb5d26764,271,5.515617404753111,963.4299325942993,95,84,252
hardened,2,j-reversible-sp-unigram-32k,kakikudashi,sha256:813f4461c8fdda05836461a31bfc1f99137381d7a7ecc0680210b3deb5d26764,271,3.983963343429491,1209.5251560211182,129,146,438
hardened,2,j-reversible-sp-unigram-32k,kanbun,sha256:a22789f72ecaec3c5ffe296f87367e40afd1e3403dbee80d44cfef007a2e4a73,282,4.557595294381663,360.1356134414673,38,38,114
hardened,2,j-reversible-sp-unigram-32k,kakikudashi,sha256:a22789f72ecaec3c5ffe296f87367e40afd1e3403dbee80d44cfef007a2e4a73,282,3.3327634110970084,498.98064136505127,56,72,216
hardened,2,j-reversible-sp-unigram-32k,kanbun,sha256:4d54b3eeaf8dc7c6ae94ad1185757ab593a5588df80d1d412f074c37c263ada5,293,5.389425181272534,1008.6295146942139,103,90,270
hardened,2,j-reversible-sp-unigram-32k,kakikudashi,sha256:4d54b3eeaf8dc7c6ae94ad1185757ab593a5588df80d1d412f074c37c263ada5,293,3.78537078992588,1314.5333642959595,142,167,501
hardened,2,j-reversible-sp-unigram-32k,kanbun,sha256:b5bc1b6d7d320042186415e766872622d44eb4ce2960e670ee4942f0cb73262c,304,4.689407431103465,682.5944032669067,68,70,210
hardened,2,j-reversible-sp-unigram-32k,kakikudashi,sha256:b5bc1b6d7d320042186415e766872622d44eb4ce2960e670ee4942f0cb73262c,304,3.432199025632174,956.3656692504883,103,134,402
hardened,2,j-reversible-sp-unigram-32k,kanbun,sha256:90814fafb8f02896bf8bfb177b5769128485abc9e28155ea539341c2089056ef,327,6.409309830718484,506.4558343887329,50,38,114
hardened,2,j-reversible-sp-unigram-32k,kakikudashi,sha256:90814fafb8f02896bf8bfb177b5769128485abc9e28155ea539341c2089056ef,327,4.433611140926509,608.4827222824097,65,66,198
hardened,2,j-reversible-sp-unigram-32k,kanbun,sha256:71f5a7fab68ad78b13c4ee04b52569df8c2a72071080675b09493aa09c691081,338,4.0475375116658965,353.4979410171509,36,42,126
hardened,2,j-reversible-sp-unigram-32k,kakikudashi,sha256:71f5a7fab68ad78b13c4ee04b52569df8c2a72071080675b09493aa09c691081,338,3.28804424144395,512.7971839904785,58,75,225
hardened,2,j-reversible-sp-unigram-32k,kanbun,sha256:1a052b148550b6261be2755157046f5d9adb762bfde7971c19b33b2dfc7add42,360,4.990209435916835,612.2340793609619,61,59,177
hardened,2,j-reversible-sp-unigram-32k,kakikudashi,sha256:1a052b148550b6261be2755157046f5d9adb762bfde7971c19b33b2dfc7add42,360,3.860298585227998,722.4538717269897,74,90,270
hardened,2,j-reversible-sp-unigram-32k,kanbun,sha256:4d80d7cd7fc12a0999f584cb9184f18350659c541fdf768b536b85ea7e0afaac,371,5.611692764385351,7164.880850791931,705,614,1842
hardened,2,j-reversible-sp-unigram-32k,kakikudashi,sha256:4d80d7cd7fc12a0999f584cb9184f18350659c541fdf768b536b85ea7e0afaac,371,4.241737299787421,8529.370073318481,905,967,2901
hardened,2,j-reversible-sp-unigram-32k,kanbun,sha256:c83cd01c4e785556079a174bb83992914cce53149d4c26b84a3315aebde30f98,382,5.098171922917994,805.70263671875,82,76,228
hardened,2,j-reversible-sp-unigram-32k,kakikudashi,sha256:c83cd01c4e785556079a174bb83992914cce53149d4c26b84a3315aebde30f98,382,3.802710183681612,988.439190864563,106,125,375
hardened,2,j-reversible-sp-unigram-32k,kanbun,sha256:dddb6e0f5e50fda4a4b8b752c640a6f8c7b6c367f432dd3121db6814f33c9514,393,5.742190019917642,477.62193870544434,46,40,120
hardened,2,j-reversible-sp-unigram-32k,kakikudashi,sha256:dddb6e0f5e50fda4a4b8b752c640a6f8c7b6c367f432dd3121db6814f33c9514,393,4.231433792037252,554.338210105896,57,63,189
hardened,2,j-reversible-sp-unigram-32k,kanbun,sha256:b2564ca600221221aeee66ea8a8b8b396f40506c248336d43c530f14627a5c2c,399,5.501772732019618,457.62459087371826,44,40,120
hardened,2,j-reversible-sp-unigram-32k,kakikudashi,sha256:b2564ca600221221aeee66ea8a8b8b396f40506c248336d43c530f14627a5c2c,399,3.9111277933295816,601.8391590118408,65,74,222
hardened,2,j-reversible-sp-unigram-32k,kanbun,sha256:b08df4d1430db132c159d866df366865e4c52cb4ee20a9ca6b998bf584e877f1,400,5.518457640358584,459.01240253448486,46,40,120
hardened,2,j-reversible-sp-unigram-32k,kakikudashi,sha256:b08df4d1430db132c159d866df366865e4c52cb4ee20a9ca6b998bf584e877f1,400,3.96040849585966,551.7743425369263,59,67,201
hardened,2,j-reversible-sp-unigram-32k,kanbun,sha256:fe4de7a336978380e094ddf198e2a35fe8014bdb0c1f241634f9f96d53a4cabc,401,5.280106196597213,439.18688678741455,44,40,120
hardened,2,j-reversible-sp-unigram-32k,kakikudashi,sha256:fe4de7a336978380e094ddf198e2a35fe8014bdb0c1f241634f9f96d53a4cabc,401,3.883623758207907,516.8491888046265,53,64,192
hardened,2,j-reversible-sp-unigram-32k,kanbun,sha256:485aa18bbb1c2fb8e59b7d046786e96c0819b33705b1693f94e6d3914af44459,403,5.151083344334647,428.4550676345825,41,40,120
hardened,2,j-reversible-sp-unigram-32k,kakikudashi,sha256:485aa18bbb1c2fb8e59b7d046786e96c0819b33705b1693f94e6d3914af44459,403,3.877817714867142,524.140191078186,57,65,195
hardened,2,j-reversible-sp-unigram-32k,kanbun,sha256:975367df5a7e4f36f09dd1296e154e1ac762e1b263d5ef02d278c57e5e38fb3b,404,5.220200270942366,434.20405197143555,43,40,120
hardened,2,j-reversible-sp-unigram-32k,kakikudashi,sha256:975367df5a7e4f36f09dd1296e154e1ac762e1b263d5ef02d278c57e5e38fb3b,404,3.612716937786326,525.8703575134277,56,70,210
hardened,2,j-reversible-sp-unigram-32k,kanbun,sha256:ed2f3dc7b5d8907b2fd0586a6851812d3e3c6f445a0b393c0d9cac0cbb7323e3,405,6.107812420401319,508.03355503082275,50,40,120
hardened,2,j-reversible-sp-unigram-32k,kakikudashi,sha256:ed2f3dc7b5d8907b2fd0586a6851812d3e3c6f445a0b393c0d9cac0cbb7323e3,405,4.887309910495996,609.772515296936,66,60,180
hardened,2,j-reversible-sp-unigram-32k,kanbun,sha256:b3d2fc22a3b6cc3de7c00d0a27cc67dc28fb932a0a04eab5ddba1bc71d9a0950,406,5.678340841647281,472.31111335754395,46,40,120
hardened,2,j-reversible-sp-unigram-32k,kakikudashi,sha256:b3d2fc22a3b6cc3de7c00d0a27cc67dc28fb932a0a04eab5ddba1bc71d9a0950,406,3.9155844184962207,602.524938583374,67,74,222
hardened,2,j-reversible-sp-unigram-32k,kanbun,sha256:bd865fb84f8310938425bf9ca4acbbbafbf0bd1a04007b82683e04c1ebe87959,407,5.409718100904495,449.96770191192627,44,40,120
hardened,2,j-reversible-sp-unigram-32k,kakikudashi,sha256:bd865fb84f8310938425bf9ca4acbbbafbf0bd1a04007b82683e04c1ebe87959,407,3.636124959973185,604.8887434005737,71,80,240
hardened,2,j-reversible-sp-unigram-32k,kanbun,sha256:897a7572b5e371449d906543570158641cf0675d06c6363fbab8167ed82dffc6,410,5.6991606027403305,474.0428524017334,47,40,120
hardened,2,j-reversible-sp-unigram-32k,kakikudashi,sha256:897a7572b5e371449d906543570158641cf0675d06c6363fbab8167ed82dffc6,410,4.059180980088926,607.739727973938,66,72,216
hardened,2,j-reversible-sp-unigram-32k,kanbun,sha256:89cf29f57b532d11edeabd844a981e5780979413f59157d0a8f268e78fd69596,411,6.517300635555494,542.0938272476196,52,40,120
hardened,2,j-reversible-sp-unigram-32k,kakikudashi,sha256:89cf29f57b532d11edeabd844a981e5780979413f59157d0a8f268e78fd69596,411,4.5264075553020415,658.8679933547974,69,70,210
hardened,2,j-reversible-sp-unigram-32k,kanbun,sha256:b14ed35a25e9d8eb112846f07902c8d3324236784a4d4dd4de004b8e20618901,412,5.51944174801784,459.09425830841064,46,40,120
hardened,2,j-reversible-sp-unigram-32k,kakikudashi,sha256:b14ed35a25e9d8eb112846f07902c8d3324236784a4d4dd4de004b8e20618901,412,3.7878199815569666,614.3709173202515,73,78,234
hardened,2,j-reversible-sp-unigram-32k,kanbun,sha256:7678aebd1f89db54abc614da0a4a8985a83143119479d4d69c05aed595286fd9,414,4.711316035652217,391.8762512207031,40,40,120
hardened,2,j-reversible-sp-unigram-32k,kakikudashi,sha256:7678aebd1f89db54abc614da0a4a8985a83143119479d4d69c05aed595286fd9,414,3.1963817405450854,525.0884289741516,59,79,237
hardened,2,j-reversible-sp-unigram-32k,kanbun,sha256:8a089ea854da14c462df73a16fe997e42bab8a4a2630ac2132828f145a271942,415,5.207485272529796,433.146448135376,44,40,120
hardened,2,j-reversible-sp-unigram-32k,kakikudashi,sha256:8a089ea854da14c462df73a16fe997e42bab8a4a2630ac2132828f145a271942,415,3.518603534098152,541.4380464553833,59,74,222
hardened,2,j-reversible-sp-unigram-32k,kanbun,sha256:8d7a1fe05ebc4ce228eec6b68cc118a9dfa4b781be277ce9ab626b7eb7745651,416,5.506403949635112,458.009804725647,46,40,120
hardened,2,j-reversible-sp-unigram-32k,kakikudashi,sha256:8d7a1fe05ebc4ce228eec6b68cc118a9dfa4b781be277ce9ab626b7eb7745651,416,4.229967099406825,536.5541276931763,59,61,183
hardened,2,j-reversible-sp-unigram-32k,kanbun,sha256:17d9207f93dc30ca0162001a5264d55151b8c2f7765e1a4b2ac9fd6daafc712c,418,4.645217553618772,386.37833404541016,38,40,120
hardened,2,j-reversible-sp-unigram-32k,kakikudashi,sha256:17d9207f93dc30ca0162001a5264d55151b8c2f7765e1a4b2ac9fd6daafc712c,418,3.6347595309472465,483.7292776107788,50,64,192
hardened,2,j-reversible-sp-unigram-32k,kanbun,sha256:bdabffca05d086b70c2b1c68ce1c51f46b6f320e87c57a76e98c6edc5e90b45f,419,5.395069811117047,448.7492914199829,45,40,120
hardened,2,j-reversible-sp-unigram-32k,kakikudashi,sha256:bdabffca05d086b70c2b1c68ce1c51f46b6f320e87c57a76e98c6edc5e90b45f,419,4.1837991052846695,539.397871017456,58,62,186
hardened,2,j-reversible-sp-unigram-32k,kanbun,sha256:f2e21d80f041a23fa269c5e29179c5e4517cbe8ab7fe1ec8c9f5e6d95ce2d804,420,4.893017139477531,406.9897241592407,40,40,120
hardened,2,j-reversible-sp-unigram-32k,kakikudashi,sha256:f2e21d80f041a23fa269c5e29179c5e4517cbe8ab7fe1ec8c9f5e6d95ce2d804,420,3.600144781065867,494.0951805114746,52,66,198
hardened,2,j-reversible-sp-unigram-32k,kanbun,sha256:b38283b944c94408e9879b95b6e456194232339ccd8abc618400398322e24578,421,5.352467690568559,445.2057466506958,44,40,120
hardened,2,j-reversible-sp-unigram-32k,kakikudashi,sha256:b38283b944c94408e9879b95b6e456194232339ccd8abc618400398322e24578,421,3.6283630787938517,558.3276996612549,60,74,222
hardened,2,j-reversible-sp-unigram-32k,kanbun,sha256:8c031950c89befbeaed3c287367127319fddb2b836c4aec6074f1cd02aa5cb38,422,5.2870791987799155,439.766884803772,44,40,120
hardened,2,j-reversible-sp-unigram-32k,kakikudashi,sha256:8c031950c89befbeaed3c287367127319fddb2b836c4aec6074f1cd02aa5cb38,422,4.090459105425411,527.3639764785767,53,62,186
hardened,2,j-reversible-sp-unigram-32k,kanbun,sha256:53b872d73a6192e043450ba20360d3e4d9b75c0052bcc29f0521616c651fd724,423,5.433901326700468,451.9792060852051,45,40,120
hardened,2,j-reversible-sp-unigram-32k,kakikudashi,sha256:53b872d73a6192e043450ba20360d3e4d9b75c0052bcc29f0521616c651fd724,423,3.852724402264788,632.9096984863281,71,79,237
hardened,2,j-reversible-sp-unigram-32k,kanbun,sha256:7a34a37b12054d7fa4ce61c1cf5920cafb4d63fddd120fb8e58151f4b3feb9e7,426,5.221142368972772,434.282413482666,44,40,120
hardened,2,j-reversible-sp-unigram-32k,kakikudashi,sha256:7a34a37b12054d7fa4ce61c1cf5920cafb4d63fddd120fb8e58151f4b3feb9e7,426,3.7001351164616487,538.5950269699097,57,70,210
hardened,2,j-reversible-sp-unigram-32k,kanbun,sha256:23883f684e4e07d2ffcf7a499f89df0e6d4a5e592975ff6ed214a767b5c45e22,429,4.829041737406947,401.668399810791,41,40,120
hardened,2,j-reversible-sp-unigram-32k,kakikudashi,sha256:23883f684e4e07d2ffcf7a499f89df0e6d4a5e592975ff6ed214a767b5c45e22,429,3.331909408950102,498.85278034210205,54,72,216
hardened,2,j-reversible-sp-unigram-32k,kanbun,sha256:ccc9c81db1f2ea352c540648950e1a5c65f06ce3b85909053d54381535a692e2,436,5.312928294394187,441.9169521331787,42,40,120
hardened,2,j-reversible-sp-unigram-32k,kakikudashi,sha256:ccc9c81db1f2ea352c540648950e1a5c65f06ce3b85909053d54381535a692e2,436,3.6329250593349767,611.9108781814575,68,81,243
hardened,2,j-reversible-sp-unigram-32k,kanbun,sha256:047f1b9da4dc52b1f0640ab779855f6399ba998550e786f75c07895c9af07126,437,5.080165403941583,422.5562791824341,41,40,120
hardened,2,j-reversible-sp-unigram-32k,kakikudashi,sha256:047f1b9da4dc52b1f0640ab779855f6399ba998550e786f75c07895c9af07126,437,3.623154967797972,527.389726638794,56,70,210
hardened,2,j-reversible-sp-unigram-32k,kanbun,sha256:deeae97473f0b6a0d94f32b8565a2da16c3e250a893989841cb9db262bcb7734,439,5.658512503208906,470.66183853149414,48,40,120
hardened,2,j-reversible-sp-unigram-32k,kakikudashi,sha256:deeae97473f0b6a0d94f32b8565a2da16c3e250a893989841cb9db262bcb7734,439,4.078288997269963,551.2366313934326,59,65,195
hardened,2,j-reversible-sp-unigram-32k,kanbun,sha256:a589e84cb0da2b4c9873494744fc8736c80ad02cb4b4baf06b01fe914b717b6d,440,5.121539958190253,425.99771785736084,42,40,120
hardened,2,j-reversible-sp-unigram-32k,kakikudashi,sha256:a589e84cb0da2b4c9873494744fc8736c80ad02cb4b4baf06b01fe914b717b6d,440,3.5699212913474616,616.1457386016846,66,83,249
hardened,2,j-reversible-sp-unigram-32k,kanbun,sha256:7641a1d99f4648efd15474b93e0b1c3f253b4d31e7162144906d86dc2ce90e9c,441,4.784302250870066,397.9470739364624,41,40,120
hardened,2,j-reversible-sp-unigram-32k,kakikudashi,sha256:7641a1d99f4648efd15474b93e0b1c3f253b4d31e7162144906d86dc2ce90e9c,441,3.443764821676372,494.1164264678955,53,69,207
hardened,2,j-reversible-sp-unigram-32k,kanbun,sha256:a494064f65e52dd692b11209728d4b7028c190d3d48ed56a840974f58b575f91,442,5.060398142275284,420.9120845794678,43,40,120
hardened,2,j-reversible-sp-unigram-32k,kakikudashi,sha256:a494064f65e52dd692b11209728d4b7028c190d3d48ed56a840974f58b575f91,442,3.6965708260423793,499.64219093322754,56,65,195
hardened,2,j-reversible-sp-unigram-32k,kanbun,sha256:18f07002c7a37f01ea651fbaf534cff60d57121308d7d68f6421a764e2c09690,443,5.106219812444454,424.7234239578247,41,40,120
hardened,2,j-reversible-sp-unigram-32k,kakikudashi,sha256:18f07002c7a37f01ea651fbaf534cff60d57121308d7d68f6421a764e2c09690,443,4.013267875910223,492.3760004043579,51,59,177
hardened,2,j-reversible-sp-unigram-32k,kanbun,sha256:576f1acfc7eaffa338e4267aef0129bc665e4aaae5cd8f232f18aefac39ee30d,444,5.205305851050513,432.9651689529419,42,40,120
hardened,2,j-reversible-sp-unigram-32k,kakikudashi,sha256:576f1acfc7eaffa338e4267aef0129bc665e4aaae5cd8f232f18aefac39ee30d,444,3.760558218069883,516.1108245849609,53,66,198
hardened,2,j-reversible-sp-unigram-32k,kanbun,sha256:2c4e47329c09ed5b2b522e6d700c1c1d4818da1c29be790db92b3222930ff699,445,6.030663560033006,501.61649322509766,51,40,120
hardened,2,j-reversible-sp-unigram-32k,kakikudashi,sha256:2c4e47329c09ed5b2b522e6d700c1c1d4818da1c29be790db92b3222930ff699,445,4.105524982206684,640.2899398803711,70,75,225
hardened,2,j-reversible-sp-unigram-32k,kanbun,sha256:d2b31d3ae5b88e3b425bde5fbbb1bf89b6d035c0498e983e3301a9c85b5ca961,448,4.459533457720085,370.9335651397705,36,40,120
hardened,2,j-reversible-sp-unigram-32k,kakikudashi,sha256:d2b31d3ae5b88e3b425bde5fbbb1bf89b6d035c0498e983e3301a9c85b5ca961,448,3.732647778504227,442.4239025115967,46,57,171
hardened,2,j-reversible-sp-unigram-32k,kanbun,sha256:43b4dc0dc7976fa1b2c164b2340b1a088902ac66e0d6c96a0c4afff103c83188,449,5.023493325398459,417.84242820739746,41,40,120
hardened,2,j-reversible-sp-unigram-32k,kakikudashi,sha256:43b4dc0dc7976fa1b2c164b2340b1a088902ac66e0d6c96a0c4afff103c83188,449,3.4635434579594824,496.9542942047119,54,69,207
hardened,2,j-reversible-sp-unigram-32k,kanbun,sha256:664d8903ee8f792be469f73fddebc23c9d2aacb3f5915af4817d1af3ada3ae28,451,5.446009558855283,452.9863405227661,46,40,120
hardened,2,j-reversible-sp-unigram-32k,kakikudashi,sha256:664d8903ee8f792be469f73fddebc23c9d2aacb3f5915af4817d1af3ada3ae28,451,3.87762555193862,580.5572872161865,62,72,216
hardened,2,j-reversible-sp-unigram-32k,kanbun,sha256:99c99adc100864ccb18d6c712779e221ef8572ad8b77f882871db5f0b874276f,452,5.2842543264119435,439.5319185256958,44,40,120
hardened,2,j-reversible-sp-unigram-32k,kakikudashi,sha256:99c99adc100864ccb18d6c712779e221ef8572ad8b77f882871db5f0b874276f,452,3.8954257627770703,494.1189193725586,52,61,183
hardened,2,j-reversible-sp-unigram-32k,kanbun,sha256:e65acc3e8061934a0c62c305c17268fbc60b310408b70342c2143c1e8c5c560f,453,4.823864199702722,401.23774433135986,39,40,120
hardened,2,j-reversible-sp-unigram-32k,kakikudashi,sha256:e65acc3e8061934a0c62c305c17268fbc60b310408b70342c2143c1e8c5c560f,453,3.65260940451534,531.6771411895752,56,70,210
hardened,2,j-reversible-sp-unigram-32k,kanbun,sha256:242d5791d033e4b7e594f665ba60730c72ae304ce3b6323775cb24d9a83496f4,454,6.23524543064278,518.633134841919,52,40,120
hardened,2,j-reversible-sp-unigram-32k,kakikudashi,sha256:242d5791d033e4b7e594f665ba60730c72ae304ce3b6323775cb24d9a83496f4,454,4.570341973158998,617.7443323135376,64,65,195
hardened,2,j-reversible-sp-unigram-32k,kanbun,sha256:44cc0ad740218e58f85db210af55c17bb69d0a0291854e659300fa09c5f32d3c,455,6.016658829325086,500.4516124725342,50,40,120
hardened,2,j-reversible-sp-unigram-32k,kakikudashi,sha256:44cc0ad740218e58f85db210af55c17bb69d0a0291854e659300fa09c5f32d3c,455,5.071356004976837,558.9161825180054,57,53,159
hardened,2,j-reversible-sp-unigram-32k,kanbun,sha256:90c1cea75f187a7e60b0aae7fbef4eb659d55b3cd2023bfb6ecdec66f666ed71,456,4.39118054684056,365.2481298446655,38,40,120
hardened,2,j-reversible-sp-unigram-32k,kakikudashi,sha256:90c1cea75f187a7e60b0aae7fbef4eb659d55b3cd2023bfb6ecdec66f666ed71,456,3.582156204342941,476.72860288619995,53,64,192
hardened,2,j-reversible-sp-unigram-32k,kanbun,sha256:576b5a3e807326353c941ec3d06115e0aeb408e76137f9176f359c969c882d9f,3,5.022325207768288,417.7452669143677,41,40,120
hardened,2,j-reversible-sp-unigram-32k,kakikudashi,sha256:576b5a3e807326353c941ec3d06115e0aeb408e76137f9176f359c969c882d9f,3,3.5671926248925288,534.0793342590332,57,72,216
hardened,2,j-reversible-sp-unigram-32k,kanbun,sha256:e8c4f39600a3effaedbaaec139b9ecb10ca130bad351f3fa36b39ceff6da4bce,5,5.94734491378907,494.686243057251,50,40,120
hardened,2,j-reversible-sp-unigram-32k,kakikudashi,sha256:e8c4f39600a3effaedbaaec139b9ecb10ca130bad351f3fa36b39ceff6da4bce,5,4.154142786825051,596.042498588562,64,69,207
hardened,2,j-reversible-sp-unigram-32k,kanbun,sha256:09d039812ec2a4e20cb1a76fe5d431e21ba67b10da0e9d3a3cf5dbdb986731cc,6,5.212468928458948,433.5609769821167,44,40,120
hardened,2,j-reversible-sp-unigram-32k,kakikudashi,sha256:09d039812ec2a4e20cb1a76fe5d431e21ba67b10da0e9d3a3cf5dbdb986731cc,6,3.715486904558311,494.4728202819824,55,64,192
hardened,2,j-reversible-sp-unigram-32k,kanbun,sha256:fdc0dee80fbcfa7803520c3778a9f84e04873ebf07beba85d4f120e7a59acd6e,7,4.961559816014018,412.69094371795654,41,40,120
hardened,2,j-reversible-sp-unigram-32k,kakikudashi,sha256:fdc0dee80fbcfa7803520c3778a9f84e04873ebf07beba85d4f120e7a59acd6e,7,3.5307896421664284,543.3132286071777,61,74,222
hardened,2,j-reversible-sp-unigram-32k,kanbun,sha256:a8a38304dee792315f059cf77319a599c0d5e78876b90f96ad189a05f585bda8,8,5.264304946583891,437.8725757598877,44,40,120
hardened,2,j-reversible-sp-unigram-32k,kakikudashi,sha256:a8a38304dee792315f059cf77319a599c0d5e78876b90f96ad189a05f585bda8,8,3.932490196738736,572.4168434143066,66,70,210
hardened,2,j-reversible-sp-unigram-32k,kanbun,sha256:c934a565300ae1211deca5d427aa9aeeb66262182c4b223b1dca794ef47e07c7,9,5.593534946766233,465.25715732574463,47,40,120
hardened,2,j-reversible-sp-unigram-32k,kakikudashi,sha256:c934a565300ae1211deca5d427aa9aeeb66262182c4b223b1dca794ef47e07c7,9,4.119802995525841,573.981595993042,59,67,201
hardened,2,j-reversible-sp-unigram-32k,kanbun,sha256:842b479765cf1914d872b780eb0bc3b2329f0e959678a68fde4c8b43d6269dcd,10,5.383266458340171,447.76751613616943,46,40,120
hardened,2,j-reversible-sp-unigram-32k,kakikudashi,sha256:842b479765cf1914d872b780eb0bc3b2329f0e959678a68fde4c8b43d6269dcd,10,3.7716475803679494,525.4756841659546,57,67,201
hardened,2,j-reversible-sp-unigram-32k,kanbun,sha256:bfe392a90f0f5060e4f9144835d49827ecbf01061f920f1c4311a947b673896e,11,5.177193842112719,430.626877784729,43,40,120
hardened,2,j-reversible-sp-unigram-32k,kakikudashi,sha256:bfe392a90f0f5060e4f9144835d49827ecbf01061f920f1c4311a947b673896e,11,3.529753165676361,550.49365234375,57,75,225
hardened,2,j-reversible-sp-unigram-32k,kanbun,sha256:020128f8b3c10b1a88298732fd7044939179a2ad1a5720a7192c9d4c3a199c7c,12,4.699723418950199,390.9120044708252,39,40,120
hardened,2,j-reversible-sp-unigram-32k,kakikudashi,sha256:020128f8b3c10b1a88298732fd7044939179a2ad1a5720a7192c9d4c3a199c7c,12,3.4593927375694244,481.9715328216553,52,67,201
hardened,2,j-reversible-sp-unigram-32k,kanbun,sha256:b005d498034beea2fadc3c11572ab640c1781afa24ba01c9cc0033b0d7da295d,14,5.792766482969705,481.8287706375122,47,40,120
hardened,2,j-reversible-sp-unigram-32k,kakikudashi,sha256:b005d498034beea2fadc3c11572ab640c1781afa24ba01c9cc0033b0d7da295d,14,4.821801541339934,561.4926481246948,58,56,168
hardened,2,j-reversible-sp-unigram-32k,kanbun,sha256:52e6ff2ebca7434e960930b3c3ff47831b4850878d330dc984505295db4f26cb,15,4.603002571750131,382.86699056625366,40,40,120
hardened,2,j-reversible-sp-unigram-32k,kakikudashi,sha256:52e6ff2ebca7434e960930b3c3ff47831b4850878d330dc984505295db4f26cb,15,3.259523792487207,467.68125343322754,50,69,207
hardened,2,j-reversible-sp-unigram-32k,kanbun,sha256:af88e18af6d83b22c097877ae06d8937db881c08bc1b2b2ad7fb40a1c5b65e97,16,5.687334743167212,473.0592050552368,48,40,120
hardened,2,j-reversible-sp-unigram-32k,kakikudashi,sha256:af88e18af6d83b22c097877ae06d8937db881c08bc1b2b2ad7fb40a1c5b65e97,16,4.221238289229969,553.0025501251221,59,63,189
hardened,2,j-reversible-sp-unigram-32k,kanbun,sha256:14324a49d3f719dd89ab20f537970d1c674b0f618ee968570befa307e3eda7e7,18,6.3885988126607485,929.9302434921265,92,70,210
hardened,2,j-reversible-sp-unigram-32k,kakikudashi,sha256:14324a49d3f719dd89ab20f537970d1c674b0f618ee968570befa307e3eda7e7,18,4.109707297425283,1136.60417842865,123,133,399
hardened,2,j-reversible-sp-unigram-32k,kanbun,sha256:68aebf919c78c13784ae7b632d9e92b1ff1bea5b8b0989f053ccd56250403ecb,19,5.709837056395692,949.8617897033691,92,80,240
hardened,2,j-reversible-sp-unigram-32k,kakikudashi,sha256:68aebf919c78c13784ae7b632d9e92b1ff1bea5b8b0989f053ccd56250403ecb,19,3.8697870855461,1231.1903915405273,135,153,459
hardened,2,j-reversible-sp-unigram-32k,kanbun,sha256:cc27ddef95677ec9eb463798102c2354f2130cbc56071a2177a91ae7b9aefc4a,20,5.237829967884764,653.5056734085083,62,60,180
hardened,2,j-reversible-sp-unigram-32k,kakikudashi,sha256:cc27ddef95677ec9eb463798102c2354f2130cbc56071a2177a91ae7b9aefc4a,20,3.9123475624628035,829.82080078125,89,102,306
hardened,2,j-reversible-sp-unigram-32k,kanbun,sha256:73edb947af3beac143cfdebb31d7523b1b18401541b334e7015702efaf7ebd34,21,6.594185059986045,1371.2222347259521,132,100,300
hardened,2,j-reversible-sp-unigram-32k,kakikudashi,sha256:73edb947af3beac143cfdebb31d7523b1b18401541b334e7015702efaf7ebd34,21,4.720720189683298,1678.6149454116821,178,171,513
hardened,2,j-reversible-sp-unigram-32k,kanbun,sha256:3fffd90875d90dc35dbd966d90f54ce00bbfbb7829f3f95502729d16650f5f1f,22,5.3810525562503075,671.3750534057617,67,60,180
hardened,2,j-reversible-sp-unigram-32k,kakikudashi,sha256:3fffd90875d90dc35dbd966d90f54ce00bbfbb7829f3f95502729d16650f5f1f,22,4.249693474247213,866.0249366760254,91,98,294
hardened,2,j-reversible-sp-unigram-32k,kanbun,sha256:b9a53ac9e217bd800e645c8bca49dbe915fce5fba61572ef4c50a712ef3a1066,23,5.8337708197204545,727.8591232299805,71,60,180
hardened,2,j-reversible-sp-unigram-32k,kakikudashi,sha256:b9a53ac9e217bd800e645c8bca49dbe915fce5fba61572ef4c50a712ef3a1066,23,4.192493807848913,932.8308992385864,103,107,321
hardened,2,j-reversible-sp-unigram-32k,kanbun,sha256:716e6145ba21fa5c3b0d5db778735b0d8988bf2a749f2e0de60cc468f1378b65,25,5.198307349573442,864.7660999298096,85,80,240
hardened,2,j-reversible-sp-unigram-32k,kakikudashi,sha256:716e6145ba21fa5c3b0d5db778735b0d8988bf2a749f2e0de60cc468f1378b65,25,3.860195615484086,1123.7871570587158,120,140,420
hardened,2,j-reversible-sp-unigram-32k,kanbun,sha256:6f89247232a2b11cea5ccdf85bd932df82ab69435f3eec04f25ac1bba656f859,26,4.999479563662972,623.7675294876099,63,60,180
hardened,2,j-reversible-sp-unigram-32k,kakikudashi,sha256:6f89247232a2b11cea5ccdf85bd932df82ab69435f3eec04f25ac1bba656f859,26,3.6259883495399223,754.003080368042,80,100,300
hardened,2,j-reversible-sp-unigram-32k,kanbun,sha256:f7732e38e3d5df7c26964f7f953e6d7b75ed26189a22198e7c583a46218dc67e,27,6.0608577208845915,756.1919593811035,74,60,180
hardened,2,j-reversible-sp-unigram-32k,kakikudashi,sha256:f7732e38e3d5df7c26964f7f953e6d7b75ed26189a22198e7c583a46218dc67e,27,4.394637875450189,868.1472930908203,91,95,285
hardened,2,j-reversible-sp-unigram-32k,kanbun,sha256:d4bd1b238fe19ce2b1c10ada1b991a2659823e00688c60440fba173421070394,28,5.3070592756002295,662.1431713104248,67,60,180
hardened,2,j-reversible-sp-unigram-32k,kakikudashi,sha256:d4bd1b238fe19ce2b1c10ada1b991a2659823e00688c60440fba173421070394,28,4.048456120532038,825.0157279968262,92,98,294
hardened,2,j-reversible-sp-unigram-32k,kanbun,sha256:ba578fca09a318ec898554b9a4d71dec3f6c5a6d409a07fe0420a52fd5717a46,29,5.952529174104026,742.6761865615845,72,60,180
hardened,2,j-reversible-sp-unigram-32k,kakikudashi,sha256:ba578fca09a318ec898554b9a4d71dec3f6c5a6d409a07fe0420a52fd5717a46,29,4.185564678352538,896.4746179580688,97,103,309
hardened,2,j-reversible-sp-unigram-32k,kanbun,sha256:f51c22f523276eec61cf985b16730a208de83fa205dac77c23d3b897cba3c30c,30,5.258201477218441,874.7298069000244,85,80,240
hardened,2,j-reversible-sp-unigram-32k,kakikudashi,sha256:f51c22f523276eec61cf985b16730a208de83fa205dac77c23d3b897cba3c30c,30,3.7780337207929224,1123.436637878418,123,143,429
hardened,2,j-reversible-sp-unigram-32k,kanbun,sha256:9041b17768938557a357cbd5969d7c97e472be37c02dfacb62b84613ad7fc3b0,32,5.120555602111611,638.8737621307373,64,60,180
hardened,2,j-reversible-sp-unigram-32k,kakikudashi,sha256:9041b17768938557a357cbd5969d7c97e472be37c02dfacb62b84613ad7fc3b0,32,3.573455061007036,847.1101627349854,93,114,342
hardened,2,j-reversible-sp-unigram-32k,kanbun,sha256:e3c6c86636a5116453905972b2ec9122d53da663799d40647a67cfb178febb51,33,5.662272479646148,706.4618768692017,70,60,180
hardened,2,j-reversible-sp-unigram-32k,kakikudashi,sha256:e3c6c86636a5116453905972b2ec9122d53da663799d40647a67cfb178febb51,33,4.222713760240359,842.9650955200195,90,96,288
hardened,2,j-reversible-sp-unigram-32k,kanbun,sha256:2fbdd594647ea710caa5eca32f66de189557e9d688a66d828b507fb8adc273a8,34,5.160850709163058,643.9012413024902,64,60,180
hardened,2,j-reversible-sp-unigram-32k,kakikudashi,sha256:2fbdd594647ea710caa5eca32f66de189557e9d688a66d828b507fb8adc273a8,34,3.8998753736734386,802.8467230796814,87,99,297
hardened,2,j-reversible-sp-unigram-32k,kanbun,sha256:8aa6505fb46f6707f1d9f09be6acb7e3d3ea8b344f8ae326dbc0050c43bb7126,36,5.340129930367903,888.3590412139893,87,80,240
hardened,2,j-reversible-sp-unigram-32k,kakikudashi,sha256:8aa6505fb46f6707f1d9f09be6acb7e3d3ea8b344f8ae326dbc0050c43bb7126,36,3.9988377583634187,1089.3107652664185,116,131,393
hardened,2,j-reversible-sp-unigram-32k,kanbun,sha256:4eab4f6a47bc17954d8967f65446263c30e76916a868f337a5d21b3d238c4eec,39,5.729916611803102,714.9015979766846,70,60,180
hardened,2,j-reversible-sp-unigram-32k,kakikudashi,sha256:4eab4f6a47bc17954d8967f65446263c30e76916a868f337a5d21b3d238c4eec,39,4.248956774888175,812.8620648384094,87,92,276
hardened,2,j-reversible-sp-unigram-32k,kanbun,sha256:63011cb7cdcc860576607532cbf6a2cd6f13cc9f5850ab1e0b846b4227eb7a9d,40,5.8621404892439335,731.3987073898315,73,60,180
hardened,2,j-reversible-sp-unigram-32k,kakikudashi,sha256:63011cb7cdcc860576607532cbf6a2cd6f13cc9f5850ab1e0b846b4227eb7a9d,40,4.4436975584368685,850.1176557540894,89,92,276
hardened,2,j-reversible-sp-unigram-32k,kanbun,sha256:74256a33b79a592140f1b077ea6b0f9ce01476bc9afb93f97b519af3fd1f1c04,41,4.888757767462386,609.9531593322754,62,60,180
hardened,2,j-reversible-sp-unigram-32k,kakikudashi,sha256:74256a33b79a592140f1b077ea6b0f9ce01476bc9afb93f97b519af3fd1f1c04,41,3.6576310213623517,791.006308555603,85,104,312
hardened,2,j-reversible-sp-unigram-32k,kanbun,sha256:1139b20de4b4b769f75cf3054f0a0e14ca97c16112d7add058de09072b65be3e,42,5.474620886934245,683.0492458343506,67,60,180
hardened,2,j-reversible-sp-unigram-32k,kakikudashi,sha256:1139b20de4b4b769f75cf3054f0a0e14ca97c16112d7add058de09072b65be3e,42,3.7749873833459735,887.0348110198975,99,113,339
hardened,2,j-reversible-sp-unigram-32k,kanbun,sha256:7849fbfe1e04137df259356a4e3486f5acd5bfbf751f1f15a90d04cdb0ef6c38,43,5.5231737600760535,918.8093566894531,89,80,240
hardened,2,j-reversible-sp-unigram-32k,kakikudashi,sha256:7849fbfe1e04137df259356a4e3486f5acd5bfbf751f1f15a90d04cdb0ef6c38,43,3.7670175003921806,1268.993413925171,139,162,486
hardened,2,j-reversible-sp-unigram-32k,kanbun,sha256:dc0c30d0c0091b28fc06daa34a125806b198647182e2c7c67593150039f72405,44,5.359096402593417,668.6356611251831,65,60,180
hardened,2,j-reversible-sp-unigram-32k,kakikudashi,sha256:dc0c30d0c0091b28fc06daa34a125806b198647182e2c7c67593150039f72405,44,3.887966204784549,824.6494407653809,89,102,306
hardened,2,j-reversible-sp-unigram-32k,kanbun,sha256:cb15cb3e4f5e05908b053e5659f65ef7068a60c5f48aaf2a07171f666261f07c,45,5.91899977281344,738.4928407669067,72,60,180
hardened,2,j-reversible-sp-unigram-32k,kakikudashi,sha256:cb15cb3e4f5e05908b053e5659f65ef7068a60c5f48aaf2a07171f666261f07c,45,3.8919561453071356,987.3576250076294,107,122,366
hardened,2,j-reversible-sp-unigram-32k,kanbun,sha256:cdfbf93503b9dcbdf078c8c29fdc90e3789c3a11094452f293bc3e7c23138ace,47,5.9690216415003485,1489.4677877426147,144,120,360
hardened,2,j-reversible-sp-unigram-32k,kakikudashi,sha256:cdfbf93503b9dcbdf078c8c29fdc90e3789c3a11094452f293bc3e7c23138ace,47,4.469366681698872,1775.1132678985596,189,191,573
hardened,2,j-reversible-sp-unigram-32k,kanbun,sha256:7f560c618484b1f6273fe48b47723bbca6bc26c545fea86f931926dc9e7d49ac,48,5.463873866886315,681.7083778381348,67,60,180
hardened,2,j-reversible-sp-unigram-32k,kakikudashi,sha256:7f560c618484b1f6273fe48b47723bbca6bc26c545fea86f931926dc9e7d49ac,48,4.151704032955781,794.2567768096924,83,92,276
hardened,2,j-reversible-sp-unigram-32k,kanbun,sha256:c0197a892648a76c96d8428f90c27fd452c53e9b8255595d376c1b97dc317409,49,5.3524154498829,667.8021020889282,64,60,180
hardened,2,j-reversible-sp-unigram-32k,kakikudashi,sha256:c0197a892648a76c96d8428f90c27fd452c53e9b8255595d376c1b97dc317409,49,3.97462950640479,826.5009708404541,86,100,300
hardened,2,j-reversible-sp-unigram-32k,kanbun,sha256:d5d02df795847ddd1913057e38c128f8a369e51f74a5e7d1c1670669cd4d47c3,50,5.267207463385972,657.1710004806519,62,60,180
hardened,2,j-reversible-sp-unigram-32k,kakikudashi,sha256:d5d02df795847ddd1913057e38c128f8a369e51f74a5e7d1c1670669cd4d47c3,50,3.404362691751576,814.1049184799194,84,115,345
hardened,2,j-reversible-sp-unigram-32k,kanbun,sha256:2f8b16cbf223ba393f66e57ce4132eb505228eec334fc99d2254f56ab2396114,51,5.655688532794391,705.6404209136963,70,60,180
hardened,2,j-reversible-sp-unigram-32k,kakikudashi,sha256:2f8b16cbf223ba393f66e57ce4132eb505228eec334fc99d2254f56ab2396114,51,4.128374793315136,901.3949747085571,99,105,315
hardened,2,j-reversible-sp-unigram-32k,kanbun,sha256:6b40e3e1b9e4e20cdbb9227a00793e5dbb63587ee72badf3eff64a8b1d6cf894,52,5.986781049286763,1244.9161214828491,120,100,300
hardened,2,j-reversible-sp-unigram-32k,kakikudashi,sha256:6b40e3e1b9e4e20cdbb9227a00793e5dbb63587ee72badf3eff64a8b1d6cf894,52,4.343957632240715,1463.3469648361206,152,162,486
hardened,2,j-reversible-sp-unigram-32k,kanbun,sha256:f53d5e68d3de433f750c42d52c09f5d7466f63d48e13b7828336d7ea759f93f2,53,6.051689372721089,1761.7787990570068,175,140,420
hardened,2,j-reversible-sp-unigram-32k,kakikudashi,sha256:f53d5e68d3de433f750c42d52c09f5d7466f63d48e13b7828336d7ea759f93f2,53,4.505272801195627,2107.901569366455,228,225,675
hardened,2,j-reversible-sp-unigram-32k,kanbun,sha256:9bf6479e7cc4d3c98d505c2039fa6033e137109bd63fd4c3b7218c7bf69a0cca,54,5.679445405955202,708.6044826507568,69,60,180
hardened,2,j-reversible-sp-unigram-32k,kakikudashi,sha256:9bf6479e7cc4d3c98d505c2039fa6033e137109bd63fd4c3b7218c7bf69a0cca,54,4.034514062641993,872.5117588043213,93,104,312
hardened,2,j-reversible-sp-unigram-32k,kanbun,sha256:35d08bcae4fcfc8158e0855d1478be567a904a3f7f38df896db3ad437458803c,55,5.340719597728325,666.342851638794,67,60,180
hardened,2,j-reversible-sp-unigram-32k,kakikudashi,sha256:35d08bcae4fcfc8158e0855d1478be567a904a3f7f38df896db3ad437458803c,55,3.9338974495525805,809.8506679534912,86,99,297
hardened,2,j-reversible-sp-unigram-32k,kanbun,sha256:298485587949427333759e44d9c0b7e59024d7647b978fabdf21f7f1dfa6a7d9,56,4.917584482791452,613.5497674942017,64,60,180
hardened,2,j-reversible-sp-unigram-32k,kakikudashi,sha256:298485587949427333759e44d9c0b7e59024d7647b978fabdf21f7f1dfa6a7d9,56,3.5443891022292857,766.516393661499,86,104,312
hardened,2,j-reversible-sp-unigram-32k,kanbun,sha256:306c9b8a4fb6b813795898a24d4605bd3265be75cd16d93758a84e823765880a,58,5.549583083442754,923.2026882171631,90,80,240
hardened,2,j-reversible-sp-unigram-32k,kakikudashi,sha256:306c9b8a4fb6b813795898a24d4605bd3265be75cd16d93758a84e823765880a,58,4.207500390357649,1154.9011449813843,124,132,396
hardened,2,j-reversible-sp-unigram-32k,kanbun,sha256:6a2df9cbdc6d033db05e6dabc548c93b3d69c51f5d6c203b158583edf3633030,59,6.201800117402957,773.7768478393555,76,60,180
hardened,2,j-reversible-sp-unigram-32k,kakikudashi,sha256:6a2df9cbdc6d033db05e6dabc548c93b3d69c51f5d6c203b158583edf3633030,59,4.517435311237193,929.9805221557617,97,99,297
hardened,2,j-reversible-sp-unigram-32k,kanbun,sha256:3d332731f95bcc5133c1a66add2fc39b382da16cd685415de6101cd3c3005ac0,60,4.780470381862926,596.4425220489502,61,60,180
hardened,2,j-reversible-sp-unigram-32k,kakikudashi,sha256:3d332731f95bcc5133c1a66add2fc39b382da16cd685415de6101cd3c3005ac0,60,3.420586222090643,796.6458177566528,90,112,336
hardened,2,j-reversible-sp-unigram-32k,kanbun,sha256:092f3bba9e87a548540fab399de7b9c81e9f60b800024f6393f1518223e8964a,61,5.549442422927439,646.2255020141602,64,56,168
hardened,2,j-reversible-sp-unigram-32k,kakikudashi,sha256:092f3bba9e87a548540fab399de7b9c81e9f60b800024f6393f1518223e8964a,61,4.48636430621006,737.0014524459839,78,79,237
hardened,2,j-reversible-sp-unigram-32k,kanbun,sha256:f3ae1158ed0f603adf43e7a42a70db40ab06d5864a1c56e37ce48a2610744fce,62,4.847833637960233,564.5240526199341,59,56,168
hardened,2,j-reversible-sp-unigram-32k,kakikudashi,sha256:f3ae1158ed0f603adf43e7a42a70db40ab06d5864a1c56e37ce48a2610744fce,62,3.489912902288202,696.6787071228027,75,96,288
hardened,2,j-reversible-sp-unigram-32k,kanbun,sha256:2b96722eaa469cc87b4fbe7a52188aea35ff66ac224c0038f9242ac264d4e90b,63,5.433683431233545,632.7455148696899,62,56,168
hardened,2,j-reversible-sp-unigram-32k,kakikudashi,sha256:2b96722eaa469cc87b4fbe7a52188aea35ff66ac224c0038f9242ac264d4e90b,63,3.6613032914684784,784.187014579773,84,103,309
hardened,2,j-reversible-sp-unigram-32k,kanbun,sha256:6b191920129e9080079f2f454a04825fb630550c5cb7cc4c2aa4abb4754c9223,64,5.431062407444745,632.440299987793,62,56,168
hardened,2,j-reversible-sp-unigram-32k,kakikudashi,sha256:6b191920129e9080079f2f454a04825fb630550c5cb7cc4c2aa4abb4754c9223,64,3.6931266465720602,852.4401473999023,95,111,333
hardened,2,j-reversible-sp-unigram-32k,kanbun,sha256:ee2d139e384ade129e4410c078eddd0b0fdbfee9b17e574958a19fcd3524ff29,66,4.73285821560297,551.135311126709,56,56,168
hardened,2,j-reversible-sp-unigram-32k,kakikudashi,sha256:ee2d139e384ade129e4410c078eddd0b0fdbfee9b17e574958a19fcd3524ff29,66,3.3760858041009207,730.1187992095947,79,104,312
hardened,2,j-reversible-sp-unigram-32k,kanbun,sha256:2f1e412ee51c6c28b903b97ec6fc751ad010531e7a8825de8e3d20155a8ab97b,67,6.746754992563859,785.6510257720947,76,56,168
hardened,2,j-reversible-sp-unigram-32k,kakikudashi,sha256:2f1e412ee51c6c28b903b97ec6fc751ad010531e7a8825de8e3d20155a8ab97b,67,4.578753169089445,980.6887035369873,106,103,309
hardened,2,j-reversible-sp-unigram-32k,kanbun,sha256:836210e3506f400dd5fdfa5f079e477f47d803a071ee87f1a0fb6f8c8bf5a35d,69,6.279038624410503,731.1860504150391,73,56,168
hardened,2,j-reversible-sp-unigram-32k,kakikudashi,sha256:836210e3506f400dd5fdfa5f079e477f47d803a071ee87f1a0fb6f8c8bf5a35d,69,4.496271945058932,869.5253238677979,93,93,279
hardened,2,j-reversible-sp-unigram-32k,kanbun,sha256:e846ecba029d25a904a4a21ca0a158ae1a8e1cfff495b6138d32badff905dd2e,70,5.342891963551109,622.1729640960693,63,56,168
hardened,2,j-reversible-sp-unigram-32k,kakikudashi,sha256:e846ecba029d25a904a4a21ca0a158ae1a8e1cfff495b6138d32badff905dd2e,70,3.72801410557767,829.4840517044067,91,107,321
hardened,2,j-reversible-sp-unigram-32k,kanbun,sha256:2791b779813ad457e83b2013d982eb2462c9282632bd2e8b5dd486479cf37f9c,71,5.974269569246676,695.6960821151733,70,56,168
hardened,2,j-reversible-sp-unigram-32k,kakikudashi,sha256:2791b779813ad457e83b2013d982eb2462c9282632bd2e8b5dd486479cf37f9c,71,4.614614441520652,777.2614984512329,82,81,243
hardened,2,j-reversible-sp-unigram-32k,kanbun,sha256:effee488fe7322a551a8f8da77db78a2ba44d4f04b40de58634b78b28e3c8a3e,72,4.999470823122472,582.1820096969604,60,56,168
hardened,2,j-reversible-sp-unigram-32k,kakikudashi,sha256:effee488fe7322a551a8f8da77db78a2ba44d4f04b40de58634b78b28e3c8a3e,72,3.5173622621479006,738.7290697097778,81,101,303
hardened,2,j-reversible-sp-unigram-32k,kanbun,sha256:9e72c8e6bffc21b2b402138bd9fee0e27ae7f4efe92b34c17be189343a2d271e,73,5.722499130013836,832.9721689224243,81,70,210
hardened,2,j-reversible-sp-unigram-32k,kakikudashi,sha256:9e72c8e6bffc21b2b402138bd9fee0e27ae7f4efe92b34c17be189343a2d271e,73,3.885241151734608,1106.8410634994507,123,137,411
hardened,2,j-reversible-sp-unigram-32k,kanbun,sha256:80624182daba6ae8e572a966c20af429593ffd8ce3013db390abaad669ee7623,74,6.098985949724758,710.2191457748413,70,56,168
hardened,2,j-reversible-sp-unigram-32k,kakikudashi,sha256:80624182daba6ae8e572a966c20af429593ffd8ce3013db390abaad669ee7623,74,4.2277636283769375,905.5128936767578,100,103,309
hardened,2,j-reversible-sp-unigram-32k,kanbun,sha256:102a3b6cc15262e788c50b823938622352b53ddc1e4b65c76ef74165c855ff86,75,5.422438640434281,631.4360733032227,63,56,168
hardened,2,j-reversible-sp-unigram-32k,kakikudashi,sha256:102a3b6cc15262e788c50b823938622352b53ddc1e4b65c76ef74165c855ff86,75,3.9979705230112916,781.4733228683472,85,94,282
hardened,2,j-reversible-sp-unigram-32k,kanbun,sha256:4beb3ad4926d35254e0e20d481ad552b3b4516da6d341d5a3a713db3c81b05e2,76,4.988346600351114,580.8866081237793,58,56,168
hardened,2,j-reversible-sp-unigram-32k,kakikudashi,sha256:4beb3ad4926d35254e0e20d481ad552b3b4516da6d341d5a3a713db3c81b05e2,76,3.46513725521387,677.3217334747314,75,94,282
hardened,2,j-reversible-sp-unigram-32k,kanbun,sha256:acc9ade9c5a940192e29f2d9b6f986e27d152000e3e3e618ab8033042b2b1ee0,77,5.092858491764432,593.056884765625,59,56,168
hardened,2,j-reversible-sp-unigram-32k,kakikudashi,sha256:acc9ade9c5a940192e29f2d9b6f986e27d152000e3e3e618ab8033042b2b1ee0,77,3.9748233560764343,727.3563270568848,76,88,264
hardened,2,j-reversible-sp-unigram-32k,kanbun,sha256:3514e4432dcb410c323e2e2f0b109585247fd62ae99c2edf6cd5ac9cb48a94e9,79,5.245005630055429,610.7742252349854,62,56,168
hardened,2,j-reversible-sp-unigram-32k,kakikudashi,sha256:3514e4432dcb410c323e2e2f0b109585247fd62ae99c2edf6cd5ac9cb48a94e9,79,3.7612418194410577,813.4133787155151,90,104,312
hardened,2,j-reversible-sp-unigram-32k,kanbun,sha256:3325b65e900b035579ffce0af5e1fd2450a467ffea82547d1ccddc1ff7c00752,80,5.015120523661784,584.004397392273,60,56,168
hardened,2,j-reversible-sp-unigram-32k,kakikudashi,sha256:3325b65e900b035579ffce0af5e1fd2450a467ffea82547d1ccddc1ff7c00752,80,3.77566123034486,730.1678133010864,82,93,279
hardened,2,j-reversible-sp-unigram-32k,kanbun,sha256:6d2d5d266b9729e0f7fbc0240908d4407256ddad3fbe26fd76c53de8840f5aa4,83,4.876822304710815,567.8997459411621,56,56,168
hardened,2,j-reversible-sp-unigram-32k,kakikudashi,sha256:6d2d5d266b9729e0f7fbc0240908d4407256ddad3fbe26fd76c53de8840f5aa4,83,3.7643603329853557,696.6712856292725,78,89,267
hardened,2,j-reversible-sp-unigram-32k,kanbun,sha256:9343f79b875d47ecbc336596adf2e24267faa9b958452d867f9538bf14d5f344,85,5.728979198798495,667.1323308944702,66,56,168
hardened,2,j-reversible-sp-unigram-32k,kakikudashi,sha256:9343f79b875d47ecbc336596adf2e24267faa9b958452d867f9538bf14d5f344,85,4.060808148507006,827.5328893661499,88,98,294
hardened,2,j-reversible-sp-unigram-32k,kanbun,sha256:ce0e91f3fd1b91d41b9e2204a342215638a15eb37422f50194a78aacb43d4676,86,5.721156453268899,666.2213821411133,66,56,168
hardened,2,j-reversible-sp-unigram-32k,kakikudashi,sha256:ce0e91f3fd1b91d41b9e2204a342215638a15eb37422f50194a78aacb43d4676,86,4.1880277136103405,809.914568901062,86,93,279
hardened,2,j-reversible-sp-unigram-32k,kanbun,sha256:3dd05ced05ea77b91b31a785b91ba9a8a243174547ede65ccbc74f11fa6966fd,87,4.800607054619605,559.0245771408081,56,56,168
hardened,2,j-reversible-sp-unigram-32k,kakikudashi,sha256:3dd05ced05ea77b91b31a785b91ba9a8a243174547ede65ccbc74f11fa6966fd,87,3.4142750346635937,731.2778902053833,78,103,309
hardened,2,j-reversible-sp-unigram-32k,kanbun,sha256:65fb07962b0f9241c46f4f24a552e0c8f57d874c783b23e2ec54dfc8f50301c4,88,5.940485477483487,691.7619676589966,68,56,168
hardened,2,j-reversible-sp-unigram-32k,kakikudashi,sha256:65fb07962b0f9241c46f4f24a552e0c8f57d874c783b23e2ec54dfc8f50301c4,88,4.095693609621783,911.2928314208984,100,107,321
hardened,2,j-reversible-sp-unigram-32k,kanbun,sha256:26e0e0e71eda003e00cddf03f376008c27768df218ac24a870ddc65b54830c33,90,4.9674308647492325,578.4509973526001,59,56,168
hardened,2,j-reversible-sp-unigram-32k,kakikudashi,sha256:26e0e0e71eda003e00cddf03f376008c27768df218ac24a870ddc65b54830c33,90,3.6930899112244457,714.1995058059692,81,93,279
hardened,2,j-reversible-sp-unigram-32k,kanbun,sha256:ba91b580b20e56c784683b7baa4e66a902e4e7e592ddfdbc88c8d51605fd1ec5,91,5.308333548566185,618.1486806869507,63,56,168
hardened,2,j-reversible-sp-unigram-32k,kakikudashi,sha256:ba91b580b20e56c784683b7baa4e66a902e4e7e592ddfdbc88c8d51605fd1ec5,91,3.73081218526696,729.2525491714478,80,94,282
hardened,2,j-reversible-sp-unigram-32k,kanbun,sha256:fec45e49c3d772566150b453ad25cbec4cecba5dbf83f3fdc235a75ce62cbe3c,92,5.370934168825742,625.4384431838989,63,56,168
hardened,2,j-reversible-sp-unigram-32k,kakikudashi,sha256:fec45e49c3d772566150b453ad25cbec4cecba5dbf83f3fdc235a75ce62cbe3c,92,3.5902025531956774,806.286563873291,88,108,324
hardened,2,j-reversible-sp-unigram-32k,kanbun,sha256:71516a7f45038ebc728f25af90284aff39adae186c0591887f7028310d41d67b,93,4.978334884210287,579.7207565307617,59,56,168
hardened,2,j-reversible-sp-unigram-32k,kakikudashi,sha256:71516a7f45038ebc728f25af90284aff39adae186c0591887f7028310d41d67b,93,3.871634178317111,724.575325012207,77,90,270
hardened,2,j-reversible-sp-unigram-32k,kanbun,sha256:b74387bcb98180c4cb4e8324deba8f6f64ebdf842627f174b195877b7f851da9,94,5.171350431808463,602.1971712112427,59,56,168
hardened,2,j-reversible-sp-unigram-32k,kakikudashi,sha256:b74387bcb98180c4cb4e8324deba8f6f64ebdf842627f174b195877b7f851da9,94,3.9620349346220953,725.0161628723145,74,88,264
hardened,2,j-reversible-sp-unigram-32k,kanbun,sha256:e18a1142ed3b580a8765642d6f11988df986d76b6e723c5369a77758d8398465,96,5.288054615582549,615.7872247695923,62,56,168
hardened,2,j-reversible-sp-unigram-32k,kakikudashi,sha256:e18a1142ed3b580a8765642d6f11988df986d76b6e723c5369a77758d8398465,96,3.6957778523021614,760.8302454948425,85,99,297
hardened,2,j-reversible-sp-unigram-32k,kanbun,sha256:60ca61fb472cad61b59041ec3711dfffc9ba88ebd7f4eaa3a7aa8f034e5e637c,97,5.124522790890286,596.7441520690918,58,56,168
hardened,2,j-reversible-sp-unigram-32k,kakikudashi,sha256:60ca61fb472cad61b59041ec3711dfffc9ba88ebd7f4eaa3a7aa8f034e5e637c,97,3.258484941866475,745.3411846160889,80,110,330
hardened,2,j-reversible-sp-unigram-32k,kanbun,sha256:8d12b8a49cfbf0a973cdaec96296c069b9b81bd16e764a231f8369f0d94ef04e,98,5.374734543168708,625.88099193573,65,56,168
hardened,2,j-reversible-sp-unigram-32k,kakikudashi,sha256:8d12b8a49cfbf0a973cdaec96296c069b9b81bd16e764a231f8369f0d94ef04e,98,3.902129679565266,787.0823040008545,84,97,291
hardened,2,j-reversible-sp-unigram-32k,kanbun,sha256:ad3434015b458f5bfe093f04b7da4becb0b5a32a39dc6426c4c740c8b74bdbd6,99,5.596956602208559,651.7584676742554,64,56,168
hardened,2,j-reversible-sp-unigram-32k,kakikudashi,sha256:ad3434015b458f5bfe093f04b7da4becb0b5a32a39dc6426c4c740c8b74bdbd6,99,4.172893257647923,798.3104581832886,87,92,276
hardened,2,j-reversible-sp-unigram-32k,kanbun,sha256:fbde96b9f0dbbbccd0eda5c0a90c33de61d0e4d9f5884c1d824f5c33c58f4c5d,101,5.092464340287255,593.010986328125,59,56,168
hardened,2,j-reversible-sp-unigram-32k,kakikudashi,sha256:fbde96b9f0dbbbccd0eda5c0a90c33de61d0e4d9f5884c1d824f5c33c58f4c5d,101,3.6450270618898397,697.3251037597656,73,92,276
hardened,2,j-reversible-sp-unigram-32k,kanbun,sha256:a9a8c04997288819f79a1fcc74a97b94c091d8068b0c74d39af49106fee9c3d3,102,5.632476293746356,655.8946905136108,65,56,168
hardened,2,j-reversible-sp-unigram-32k,kakikudashi,sha256:a9a8c04997288819f79a1fcc74a97b94c091d8068b0c74d39af49106fee9c3d3,102,4.179905515775928,790.9600944519043,83,91,273
hardened,2,j-reversible-sp-unigram-32k,kanbun,sha256:0851bcd2deb2d319a9b9658423f25efa73a71a2b92475099613f411adf197376,105,4.929604075088012,574.0461158752441,56,56,168
hardened,2,j-reversible-sp-unigram-32k,kakikudashi,sha256:0851bcd2deb2d319a9b9658423f25efa73a71a2b92475099613f411adf197376,105,3.409109108117979,744.3495254516602,79,105,315
hardened,2,j-reversible-sp-unigram-32k,kanbun,sha256:d7134b9bfc7714d5a1a8e854d84c1d55b29420f3c56e647b628a3847e00e468b,106,5.922506746937941,689.6683673858643,68,56,168
hardened,2,j-reversible-sp-unigram-32k,kakikudashi,sha256:d7134b9bfc7714d5a1a8e854d84c1d55b29420f3c56e647b628a3847e00e468b,106,4.0663859514653655,803.3021278381348,86,95,285
hardened,2,j-reversible-sp-unigram-32k,kanbun,sha256:1ae7e230884f1d1ed138fce46d520ec4c265640d51abaf7b50e59b0a2e8e00c3,107,5.692404729473307,662.8732805252075,67,56,168
hardened,2,j-reversible-sp-unigram-32k,kakikudashi,sha256:1ae7e230884f1d1ed138fce46d520ec4c265640d51abaf7b50e59b0a2e8e00c3,107,4.203175304048822,821.584189414978,91,94,282
hardened,2,j-reversible-sp-unigram-32k,kanbun,sha256:b21c58f6c7368e54b0f7282977e145aaaccfe40e80291bc4f219af55b665019f,108,6.1393378623727966,714.9180746078491,72,56,168
hardened,2,j-reversible-sp-unigram-32k,kakikudashi,sha256:b21c58f6c7368e54b0f7282977e145aaaccfe40e80291bc4f219af55b665019f,108,4.25592512191448,858.4449071884155,94,97,291
hardened,2,j-reversible-sp-unigram-32k,kanbun,sha256:8cf9f81c3d2f5c485c33e13c42cadd4fd6711c3a8efa4152006ca3731840b10b,109,5.423442175581366,631.5529336929321,62,56,168
hardened,2,j-reversible-sp-unigram-32k,kakikudashi,sha256:8cf9f81c3d2f5c485c33e13c42cadd4fd6711c3a8efa4152006ca3731840b10b,109,3.8502772526181004,840.6747789382935,92,105,315
hardened,2,j-reversible-sp-unigram-32k,kanbun,sha256:b4c592753a39280ebfad02078a2b8ed25e571017aa656aeb61d62c854d2093d5,113,5.566204802079933,648.1774597167969,64,56,168
hardened,2,j-reversible-sp-unigram-32k,kakikudashi,sha256:b4c592753a39280ebfad02078a2b8ed25e571017aa656aeb61d62c854d2093d5,113,4.082446172049185,814.9639835357666,86,96,288
hardened,2,j-reversible-sp-unigram-32k,kanbun,sha256:37c3ca7f410f6c280be86fcab026aa3c5701bc11b27ab6c99a44204b0ae05f0c,114,5.734233416196054,667.7441778182983,66,56,168
hardened,2,j-reversible-sp-unigram-32k,kakikudashi,sha256:37c3ca7f410f6c280be86fcab026aa3c5701bc11b27ab6c99a44204b0ae05f0c,114,3.9156429403808017,814.235059261322,84,100,300
hardened,2,j-reversible-sp-unigram-32k,kanbun,sha256:bcca021c7fd2e442aa26544a24f58c8d061bf060f295c425b18c8e979f6f0e94,115,5.6552692117927545,658.5488967895508,66,56,168
hardened,2,j-reversible-sp-unigram-32k,kakikudashi,sha256:bcca021c7fd2e442aa26544a24f58c8d061bf060f295c425b18c8e979f6f0e94,115,3.735267206058394,815.563328742981,87,105,315
hardened,2,j-reversible-sp-unigram-32k,kanbun,sha256:8696556357d8362c810520aa50632814027c40ea61fab440c87c6eacb2a3d5c5,118,5.056577932599919,588.8320598602295,58,56,168
hardened,2,j-reversible-sp-unigram-32k,kakikudashi,sha256:8696556357d8362c810520aa50632814027c40ea61fab440c87c6eacb2a3d5c5,118,3.612900915533804,758.7944412231445,84,101,303
hardened,2,j-reversible-sp-unigram-32k,kanbun,sha256:ec967ff13021a35a13e3153f1cf0aa2dfd998654e65a3a148bf16ff4ec4b66dc,119,5.553490313063596,646.696873664856,65,56,168
hardened,2,j-reversible-sp-unigram-32k,kakikudashi,sha256:ec967ff13021a35a13e3153f1cf0aa2dfd998654e65a3a148bf16ff4ec4b66dc,119,3.6154760065173672,857.071494102478,93,114,342
hardened,2,j-reversible-sp-unigram-32k,kanbun,sha256:4001788b5e688a0118b4845f7b92da545247683f7a3a6c66aa2997dafc1b2415,120,5.147839461625763,599.4593486785889,62,56,168
hardened,2,j-reversible-sp-unigram-32k,kakikudashi,sha256:4001788b5e688a0118b4845f7b92da545247683f7a3a6c66aa2997dafc1b2415,120,3.8433821573980786,759.2484092712402,84,95,285
hardened,2,j-reversible-sp-unigram-32k,kanbun,sha256:58c0acb7888b74ca4740dd0c51fb6a293e387778b49c6e61a997b398b080bcd2,121,4.812035277200488,560.3553791046143,54,56,168
hardened,2,j-reversible-sp-unigram-32k,kakikudashi,sha256:58c0acb7888b74ca4740dd0c51fb6a293e387778b49c6e61a997b398b080bcd2,121,3.304671692878155,714.6746463775635,76,104,312
hardened,2,j-reversible-sp-unigram-32k,kanbun,sha256:6ca82aafcaba41c7b10dad6655d0e7afed685e90a54c6af050ef1388ca7bd3f1,122,5.175679857544083,602.7013273239136,60,56,168
hardened,2,j-reversible-sp-unigram-32k,kakikudashi,sha256:6ca82aafcaba41c7b10dad6655d0e7afed685e90a54c6af050ef1388ca7bd3f1,122,4.075654485779753,720.382246017456,75,85,255
hardened,2,j-reversible-sp-unigram-32k,kanbun,sha256:b29056e54351984271d354223350c2c0e94dcae8431803e264550f6df5528ae0,125,5.8352484007486805,679.5072441101074,68,56,168
hardened,2,j-reversible-sp-unigram-32k,kakikudashi,sha256:b29056e54351984271d354223350c2c0e94dcae8431803e264550f6df5528ae0,125,4.239933197488724,828.7691631317139,90,94,282
hardened,2,j-reversible-sp-unigram-32k,kanbun,sha256:fdaf3e5c564d1fef3cb339a1a78ce321007ffcd4ae76634df06491404e2d790d,126,5.131325957748367,597.5363721847534,60,56,168
hardened,2,j-reversible-sp-unigram-32k,kakikudashi,sha256:fdaf3e5c564d1fef3cb339a1a78ce321007ffcd4ae76634df06491404e2d790d,126,3.981607455715106,712.0387153625488,78,86,258
hardened,2,j-reversible-sp-unigram-32k,kanbun,sha256:c0d9a39e666a7ba3cb128c960ab59085693db00266fdb3598d712d408ad50f9e,127,4.729253295447885,550.7155227661133,55,56,168
hardened,2,j-reversible-sp-unigram-32k,kakikudashi,sha256:c0d9a39e666a7ba3cb128c960ab59085693db00266fdb3598d712d408ad50f9e,127,3.3253906456789295,719.155366897583,77,104,312
hardened,2,j-reversible-sp-unigram-32k,kanbun,sha256:1d033e07cbbd2f56baeb0de3a7267aec96aa26f40a520548be699e34c6f593fb,128,5.010937037489896,583.5172357559204,58,56,168
hardened,2,j-reversible-sp-unigram-32k,kakikudashi,sha256:1d033e07cbbd2f56baeb0de3a7267aec96aa26f40a520548be699e34c6f593fb,128,4.415900433852006,642.7824764251709,69,70,210
hardened,2,j-reversible-sp-unigram-32k,kanbun,sha256:ef3091af73f81f7aa9ad98903d1a6564c5e70fc6bfac57c05e0216140de53019,129,4.661806466155816,542.8614253997803,54,56,168
hardened,2,j-reversible-sp-unigram-32k,kakikudashi,sha256:ef3091af73f81f7aa9ad98903d1a6564c5e70fc6bfac57c05e0216140de53019,129,3.3226865076777337,670.2052383422852,73,97,291
hardened,2,j-reversible-sp-unigram-32k,kanbun,sha256:e174fe180684df3732dfd1d6a206c5942d559b99d607abfc74a545d2f1500770,130,5.175661078676539,602.699140548706,59,56,168
hardened,2,j-reversible-sp-unigram-32k,kakikudashi,sha256:e174fe180684df3732dfd1d6a206c5942d559b99d607abfc74a545d2f1500770,130,3.780996975796639,715.4749584197998,76,91,273
hardened,2,j-reversible-sp-unigram-32k,kanbun,sha256:3f340092ec4937ce4da75f03b7a9c1cf4575f5587981b6871f8c192d11518453,131,4.976193061414341,579.4713439941406,57,56,168
hardened,2,j-reversible-sp-unigram-32k,kakikudashi,sha256:3f340092ec4937ce4da75f03b7a9c1cf4575f5587981b6871f8c192d11518453,131,3.782437895583468,715.7476224899292,77,91,273
hardened,2,j-reversible-sp-unigram-32k,kanbun,sha256:91d058c7a65dd9d33e6dd58407e1488f3ba7826aa7baa09aaa0a5429aa8cc05d,132,5.2195893214113696,607.814528465271,59,56,168
hardened,2,j-reversible-sp-unigram-32k,kakikudashi,sha256:91d058c7a65dd9d33e6dd58407e1488f3ba7826aa7baa09aaa0a5429aa8cc05d,132,3.9277252028277507,800.4125452041626,90,98,294
hardened,2,j-reversible-sp-unigram-32k,kanbun,sha256:5b5f45eb2388dab30abcd3256c93789b4918dffce8f69c674566013f3a27aba2,133,5.343158012522344,622.2039451599121,63,56,168
hardened,2,j-reversible-sp-unigram-32k,kakikudashi,sha256:5b5f45eb2388dab30abcd3256c93789b4918dffce8f69c674566013f3a27aba2,133,4.058818434883712,725.8465070724487,77,86,258
hardened,2,j-reversible-sp-unigram-32k,kanbun,sha256:02073f4ed359875da9e83585c0adbde6729e0f9ecc81c747f6ef45581130e11b,135,4.808598302198796,559.9551477432251,56,56,168
hardened,2,j-reversible-sp-unigram-32k,kakikudashi,sha256:02073f4ed359875da9e83585c0adbde6729e0f9ecc81c747f6ef45581130e11b,135,3.424826060541312,705.0508327484131,79,99,297
hardened,2,j-reversible-sp-unigram-32k,kanbun,sha256:b54fd728dcb08f9a2f95f919a11295f926c265039dfdaca0b6895bc7ea755997,136,4.9586542952483015,577.4289770126343,56,56,168
hardened,2,j-reversible-sp-unigram-32k,kakikudashi,sha256:b54fd728dcb08f9a2f95f919a11295f926c265039dfdaca0b6895bc7ea755997,136,3.50298701279058,786.699725151062,84,108,324
hardened,2,j-reversible-sp-unigram-32k,kanbun,sha256:bfac3b8d09815884099ca4b763e3d17dfd63f946c3aa7658cb6f6c34b89519e0,137,5.435946157833047,633.0090065002441,60,56,168
hardened,2,j-reversible-sp-unigram-32k,kakikudashi,sha256:bfac3b8d09815884099ca4b763e3d17dfd63f946c3aa7658cb6f6c34b89519e0,137,3.9079703208704437,796.386791229248,85,98,294
hardened,2,j-reversible-sp-unigram-32k,kanbun,sha256:6c1c55a0b553530a2286c0f85a6c01232aadb888057449e668db93ec052e0c43,138,4.838569530402706,563.4452590942383,56,56,168
hardened,2,j-reversible-sp-unigram-32k,kakikudashi,sha256:6c1c55a0b553530a2286c0f85a6c01232aadb888057449e668db93ec052e0c43,138,3.4849040938963607,695.6788167953491,77,96,288
hardened,2,j-reversible-sp-unigram-32k,kanbun,sha256:40390ea59b79592830d41047399a379e80ec9cf836a1366b3e62e790630c20ff,139,5.949093405710772,692.764349937439,69,56,168
hardened,2,j-reversible-sp-unigram-32k,kakikudashi,sha256:40390ea59b79592830d41047399a379e80ec9cf836a1366b3e62e790630c20ff,139,4.37862390665105,828.5634126663208,91,91,273
hardened,2,j-reversible-sp-unigram-32k,kanbun,sha256:ebebd64bf0b5de4732dae311570358196fce950bbab9cecdef7c49808c0fa99f,141,6.1526004748388035,255.87946033477783,25,20,60
hardened,2,j-reversible-sp-unigram-32k,kakikudashi,sha256:ebebd64bf0b5de4732dae311570358196fce950bbab9cecdef7c49808c0fa99f,141,4.10954930238723,333.2771339416504,35,39,117
hardened,2,j-reversible-sp-unigram-32k,kanbun,sha256:a710253a4182d22d7f68a0b8ce0d379b9f0b4ee8e8ce83fd3dff73f68a08fb08,142,4.787615450776898,199.11132907867432,20,20,60
hardened,2,j-reversible-sp-unigram-32k,kakikudashi,sha256:a710253a4182d22d7f68a0b8ce0d379b9f0b4ee8e8ce83fd3dff73f68a08fb08,142,3.881165672823343,250.19037103652954,28,31,93
hardened,2,j-reversible-sp-unigram-32k,kanbun,sha256:725646d6032955b3d05f353f8bbaee87abbe9f31a68b8aa49702706d6e647ba0,143,5.61455139868432,233.50262832641602,23,20,60
hardened,2,j-reversible-sp-unigram-32k,kakikudashi,sha256:725646d6032955b3d05f353f8bbaee87abbe9f31a68b8aa49702706d6e647ba0,143,4.1797509271017885,312.8957176208496,33,36,108
hardened,2,j-reversible-sp-unigram-32k,kanbun,sha256:c82a7a1355653c92751da93125add2f0fa9212cec47b9a1d912e8106220e4b24,145,5.312917746124934,220.9580373764038,22,20,60
hardened,2,j-reversible-sp-unigram-32k,kakikudashi,sha256:c82a7a1355653c92751da93125add2f0fa9212cec47b9a1d912e8106220e4b24,145,3.537303626062643,272.1577959060669,30,37,111
hardened,2,j-reversible-sp-unigram-32k,kanbun,sha256:95d997c8ce33b8c1dc8387c5da04b0c45cf859e5f09b827d78a186928532cc9b,146,4.466567318830172,185.7593126296997,19,20,60
hardened,2,j-reversible-sp-unigram-32k,kakikudashi,sha256:95d997c8ce33b8c1dc8387c5da04b0c45cf859e5f09b827d78a186928532cc9b,146,3.0917977455540715,244.3100814819336,25,38,114
hardened,2,j-reversible-sp-unigram-32k,kanbun,sha256:c92387cbae2b90fa7d8bab25d67e9c636fdb3cba0887b1b7b0d13f1fa3ab0cb8,147,4.889704719225383,203.357102394104,21,20,60
hardened,2,j-reversible-sp-unigram-32k,kakikudashi,sha256:c92387cbae2b90fa7d8bab25d67e9c636fdb3cba0887b1b7b0d13f1fa3ab0cb8,147,3.893227899293835,234.7764549255371,26,29,87
hardened,2,j-reversible-sp-unigram-32k,kanbun,sha256:93e4fcc5ba6b74de227ba1b803ecc0ca5117d2d9d57875f7a0fe545f28bab9bc,148,4.552526724281577,189.3342638015747,20,20,60
hardened,2,j-reversible-sp-unigram-32k,kakikudashi,sha256:93e4fcc5ba6b74de227ba1b803ecc0ca5117d2d9d57875f7a0fe545f28bab9bc,148,3.8206521293984825,222.4550371170044,25,28,84
hardened,2,j-reversible-sp-unigram-32k,kanbun,sha256:f3f9371b02ca1e1bd14201a06b99a374f12942a3c9b6998dfaac30c83bd4a481,150,4.347586854585767,180.81105422973633,19,20,60
hardened,2,j-reversible-sp-unigram-32k,kakikudashi,sha256:f3f9371b02ca1e1bd14201a06b99a374f12942a3c9b6998dfaac30c83bd4a481,150,2.6826712061026368,228.71677589416504,25,41,123
hardened,2,j-reversible-sp-unigram-32k,kanbun,sha256:37d69a2bb02637d1b267db8e41d353b8cba11b1554864e0d823a2a734f4f1e69,151,4.1712180499194345,173.47608184814453,17,20,60
hardened,2,j-reversible-sp-unigram-32k,kakikudashi,sha256:37d69a2bb02637d1b267db8e41d353b8cba11b1554864e0d823a2a734f4f1e69,151,2.8916548938009066,240.52109241485596,27,40,120
hardened,2,j-reversible-sp-unigram-32k,kanbun,sha256:d0f0fb23274d9b86a466b29e9ce6740f553deb34661507ee079726f4cdcdf8d6,155,4.86280853590511,202.23852157592773,20,20,60
hardened,2,j-reversible-sp-unigram-32k,kakikudashi,sha256:d0f0fb23274d9b86a466b29e9ce6740f553deb34661507ee079726f4cdcdf8d6,155,3.4694993833256733,259.72636127471924,27,36,108
hardened,2,j-reversible-sp-unigram-32k,kanbun,sha256:2297055a181a7d119623c331debcddb1c40a1086ed01997f39043746ad467ba2,156,4.788553352430624,199.15033531188965,21,20,60
hardened,2,j-reversible-sp-unigram-32k,kakikudashi,sha256:2297055a181a7d119623c331debcddb1c40a1086ed01997f39043746ad467ba2,156,3.423662014600792,263.41428565979004,29,37,111
hardened,2,j-reversible-sp-unigram-32k,kanbun,sha256:f2a324305c2fb3858679ae70e310a30b8480f731708f91979782f3feab66f0e9,157,4.764197467518694,198.13740253448486,20,20,60
hardened,2,j-reversible-sp-unigram-32k,kakikudashi,sha256:f2a324305c2fb3858679ae70e310a30b8480f731708f91979782f3feab66f0e9,157,3.1198950314817457,265.99321269989014,29,41,123
hardened,2,j-reversible-sp-unigram-32k,kanbun,sha256:63138c8df014f107c380b0cf80cdeafef7f67d366132b8366c45bc3932922676,158,4.823534004478576,200.60513973236084,20,20,60
hardened,2,j-reversible-sp-unigram-32k,kakikudashi,sha256:63138c8df014f107c380b0cf80cdeafef7f67d366132b8366c45bc3932922676,158,3.2566975322428897,264.1123733520508,29,39,117
hardened,2,j-reversible-sp-unigram-32k,kanbun,sha256:b5433f104d7c7fee81ae0f709efb0e59885b2782d555f6e7a1e46d58b12fa53e,160,5.216421559861688,216.94487380981445,22,20,60
hardened,2,j-reversible-sp-unigram-32k,kakikudashi,sha256:b5433f104d7c7fee81ae0f709efb0e59885b2782d555f6e7a1e46d58b12fa53e,160,3.8305682762940694,262.8596124649048,27,33,99
hardened,2,j-reversible-sp-unigram-32k,kanbun,sha256:58b50a9961a5c0c47285ddf483922e3341fc7d56bc5998b16a06aea67e9e6b65,161,4.42614091640122,184.0780258178711,20,20,60
hardened,2,j-reversible-sp-unigram-32k,kakikudashi,sha256:58b50a9961a5c0c47285ddf483922e3341fc7d56bc5998b16a06aea67e9e6b65,161,3.342382553633233,222.40925216674805,24,32,96
hardened,2,j-reversible-sp-unigram-32k,kanbun,sha256:46cfbe016161f539c76c0eadae3251504d8ddc1b1f2da8a2c4b5df05e1b10a54,162,4.399059083542095,182.9517240524292,19,20,60
hardened,2,j-reversible-sp-unigram-32k,kakikudashi,sha256:46cfbe016161f539c76c0eadae3251504d8ddc1b1f2da8a2c4b5df05e1b10a54,162,3.580140584634229,223.3407917022705,25,30,90
hardened,2,j-reversible-sp-unigram-32k,kanbun,sha256:b4d24acf51e9b6d9b6333dbc44b08b2e8d3a2c225ef8d782960a18bee55391ac,164,4.854892747761397,201.9093132019043,20,20,60
hardened,2,j-reversible-sp-unigram-32k,kakikudashi,sha256:b4d24acf51e9b6d9b6333dbc44b08b2e8d3a2c225ef8d782960a18bee55391ac,164,3.566769069351842,289.25862312316895,31,39,117
hardened,2,j-reversible-sp-unigram-32k,kanbun,sha256:d9148e62ba7d224cec49e8c2d03eebe88c4e917c46770162b98f1c252aacbbcb,165,5.0208145006975995,208.80980491638184,21,20,60
hardened,2,j-reversible-sp-unigram-32k,kakikudashi,sha256:d9148e62ba7d224cec49e8c2d03eebe88c4e917c46770162b98f1c252aacbbcb,165,3.8422589453432203,239.6925859451294,26,30,90
hardened,2,j-reversible-sp-unigram-32k,kanbun,sha256:1cdb06ba578c18a0d92a5d2b673ada1f2bbd306ad128e71590475f97181af08d,166,5.836624913851726,242.73840618133545,24,20,60
hardened,2,j-reversible-sp-unigram-32k,kakikudashi,sha256:1cdb06ba578c18a0d92a5d2b673ada1f2bbd306ad128e71590475f97181af08d,166,3.7829360752713272,275.3238048553467,29,35,105
hardened,2,j-reversible-sp-unigram-32k,kanbun,sha256:efd8c8b4f2379cf233f2447c3caa970976e4ce7c343d8e15de25fabbc90d8ea5,167,4.974237677639511,206.87272930145264,21,20,60
hardened,2,j-reversible-sp-unigram-32k,kakikudashi,sha256:efd8c8b4f2379cf233f2447c3caa970976e4ce7c343d8e15de25fabbc90d8ea5,167,3.8300017662266685,246.89220809936523,26,31,93
hardened,2,j-reversible-sp-unigram-32k,kanbun,sha256:08cc3131bd9ab70eefb959fd2084c0e6e730dc7282b6b2cfd773b6c62ef623b1,168,5.301269888595458,220.47361660003662,23,20,60
hardened,2,j-reversible-sp-unigram-32k,kakikudashi,sha256:08cc3131bd9ab70eefb959fd2084c0e6e730dc7282b6b2cfd773b6c62ef623b1,168,4.302490404680593,268.40331840515137,30,30,90
hardened,2,j-reversible-sp-unigram-32k,kanbun,sha256:541f1d6c550da5f769a4fa1633129030f6345608bfd24cbc284a0d5d993ba39e,170,5.550655899753327,230.84528923034668,23,20,60
hardened,2,j-reversible-sp-unigram-32k,kakikudashi,sha256:541f1d6c550da5f769a4fa1633129030f6345608bfd24cbc284a0d5d993ba39e,170,3.8661783409850274,273.34272289276123,29,34,102
hardened,2,j-reversible-sp-unigram-32k,kanbun,sha256:27e9e2d2d1822853dc9cbea63f6da0af913dc5d06bc057116d102dd86818c903,171,5.090251739259795,211.69761848449707,21,20,60
hardened,2,j-reversible-sp-unigram-32k,kakikudashi,sha256:27e9e2d2d1822853dc9cbea63f6da0af913dc5d06bc057116d102dd86818c903,171,4.0447518643753115,260.7355766296387,28,31,93
hardened,2,j-reversible-sp-unigram-32k,kanbun,sha256:6003bd819db6d1b6be1af44a06c35c90279c5ab069232dd647c7895a664ac21c,172,5.018448684421311,208.7114133834839,21,20,60
hardened,2,j-reversible-sp-unigram-32k,kakikudashi,sha256:6003bd819db6d1b6be1af44a06c35c90279c5ab069232dd647c7895a664ac21c,172,4.313401579081903,349.80919075012207,36,39,117
hardened,2,j-reversible-sp-unigram-32k,kanbun,sha256:20dd2aad581146d93facd1bf8ebb5fd2db2ab82b03d63159dd64c1ac8ad32d69,174,5.24385352646695,218.08573722839355,21,20,60
hardened,2,j-reversible-sp-unigram-32k,kakikudashi,sha256:20dd2aad581146d93facd1bf8ebb5fd2db2ab82b03d63159dd64c1ac8ad32d69,174,3.048225701590313,285.2373218536377,29,45,135
hardened,2,j-reversible-sp-unigram-32k,kanbun,sha256:ec3fcaa5389562f70e9352f004b5a58f35e5aa32e106c2d68b7ef4093c1c1154,175,6.305340284999834,262.2317304611206,25,20,60
hardened,2,j-reversible-sp-unigram-32k,kakikudashi,sha256:ec3fcaa5389562f70e9352f004b5a58f35e5aa32e106c2d68b7ef4093c1c1154,175,3.9689808285765036,338.3838081359863,38,41,123
hardened,2,j-reversible-sp-unigram-32k,kanbun,sha256:b03e4f3d5c59272c852f4424c6b0ca33d74773d02cfd03076bbb0a63f6ece36c,176,4.539614381509898,188.79725456237793,20,20,60
hardened,2,j-reversible-sp-unigram-32k,kakikudashi,sha256:b03e4f3d5c59272c852f4424c6b0ca33d74773d02cfd03076bbb0a63f6ece36c,176,3.7026847807464778,261.7835626602173,28,34,102
hardened,2,j-reversible-sp-unigram-32k,kanbun,sha256:c12052fac471416f40bdd8e54f982ef43af92421536d06be6728913a1c3b2a74,177,4.572939001147182,190.1831865310669,19,20,60
hardened,2,j-reversible-sp-unigram-32k,kakikudashi,sha256:c12052fac471416f40bdd8e54f982ef43af92421536d06be6728913a1c3b2a74,177,2.8476788439839607,284.2359209060669,31,48,144
hardened,2,j-reversible-sp-unigram-32k,kanbun,sha256:17e4cde680a171bb0bc06d0b374e0a35309d940ee80bbe1877e616a58b9b5f65,178,5.589048251905015,232.4419822692871,23,20,60
hardened,2,j-reversible-sp-unigram-32k,kakikudashi,sha256:17e4cde680a171bb0bc06d0b374e0a35309d940ee80bbe1877e616a58b9b5f65,178,3.4467986358197487,315.3663158416748,34,44,132
hardened,2,j-reversible-sp-unigram-32k,kanbun,sha256:537c4deb49b8fbf57d7d533af3f71cb584a24f292df4003eaa93dcb8bf9f656b,180,5.113536883118472,212.66602039337158,22,20,60
hardened,2,j-reversible-sp-unigram-32k,kakikudashi,sha256:537c4deb49b8fbf57d7d533af3f71cb584a24f292df4003eaa93dcb8bf9f656b,180,4.033570287371258,234.85206127166748,25,28,84
hardened,2,j-reversible-sp-unigram-32k,kanbun,sha256:1543f0eb0ec3c87a0857c70479c3763ac032cb6b01385db68e9c36abe64965d8,181,5.085913809391572,211.51720905303955,20,20,60
hardened,2,j-reversible-sp-unigram-32k,kakikudashi,sha256:1543f0eb0ec3c87a0857c70479c3763ac032cb6b01385db68e9c36abe64965d8,181,3.234934077355624,262.3473958969116,29,39,117
hardened,2,j-reversible-sp-unigram-32k,kanbun,sha256:f599ca22e241d5642b42db0e5265206745023ee703e328c7e4a2ccc8b679f324,182,4.643179238171766,193.10439586639404,20,20,60
hardened,2,j-reversible-sp-unigram-32k,kakikudashi,sha256:f599ca22e241d5642b42db0e5265206745023ee703e328c7e4a2ccc8b679f324,182,3.5379525621413936,301.6355867385864,33,41,123
hardened,2,j-reversible-sp-unigram-32k,kanbun,sha256:ef20c949f74f9a74bbf1bbd7aa10f372e25ef2f3a5625829c418798b7e90418b,183,5.022715252954935,208.88885498046875,20,20,60
hardened,2,j-reversible-sp-unigram-32k,kakikudashi,sha256:ef20c949f74f9a74bbf1bbd7aa10f372e25ef2f3a5625829c418798b7e90418b,183,3.24436143130733,263.1119375228882,26,39,117
hardened,2,j-reversible-sp-unigram-32k,kanbun,sha256:26f643e5ddb3ec96ed43c0a51a63fc966a990dce828b1aef189e7ff561f2c9cc,185,7.242030194829193,301.1875686645508,30,20,60
hardened,2,j-reversible-sp-unigram-32k,kakikudashi,sha256:26f643e5ddb3ec96ed43c0a51a63fc966a990dce828b1aef189e7ff561f2c9cc,185,4.585165879949465,352.7796230316162,37,37,111
hardened,2,j-reversible-sp-unigram-32k,kanbun,sha256:1fde20099244cbf0268af498731d9c131d6053dba57b8ed220e16b805ecc4aa5,186,7.044621216104464,292.97756004333496,28,20,60
hardened,2,j-reversible-sp-unigram-32k,kakikudashi,sha256:1fde20099244cbf0268af498731d9c131d6053dba57b8ed220e16b805ecc4aa5,186,4.730682291104254,373.81273651123047,39,38,114
hardened,2,j-reversible-sp-unigram-32k,kanbun,sha256:a60bb7c868c16d0b2085e5781ee0922037c79c60f7021ffe169f6b00413949ff,188,5.347035962506359,222.37697410583496,22,20,60
hardened,2,j-reversible-sp-unigram-32k,kakikudashi,sha256:a60bb7c868c16d0b2085e5781ee0922037c79c60f7021ffe169f6b00413949ff,188,3.8535320530239052,264.43542289733887,28,33,99
hardened,2,j-reversible-sp-unigram-32k,kanbun,sha256:7bdae5cf4a3e33c59c8885ca731088d3471afa0c8cd5d7ac0ed43e5e4833cec8,189,6.236687539566795,259.37654304504395,25,20,60
hardened,2,j-reversible-sp-unigram-32k,kakikudashi,sha256:7bdae5cf4a3e33c59c8885ca731088d3471afa0c8cd5d7ac0ed43e5e4833cec8,189,4.630453999035391,327.3777856826782,34,34,102
hardened,2,j-reversible-sp-unigram-32k,kanbun,sha256:2d3a39431d0e3e54c00957a911c0b56d8cb87cc6d716198e3e7c1334ce30d3a7,190,4.364914175453256,181.53167724609375,19,20,60
hardened,2,j-reversible-sp-unigram-32k,kakikudashi,sha256:2d3a39431d0e3e54c00957a911c0b56d8cb87cc6d716198e3e7c1334ce30d3a7,190,3.2509857226000696,277.1696252822876,31,41,123
hardened,2,j-reversible-sp-unigram-32k,kanbun,sha256:532a7b2271df1f5aff396fde6fa067129d53514d8c3e188471baea07844a2a7b,191,5.41974726918956,225.40095233917236,22,20,60
hardened,2,j-reversible-sp-unigram-32k,kakikudashi,sha256:532a7b2271df1f5aff396fde6fa067129d53514d8c3e188471baea07844a2a7b,191,3.2636199483217414,291.8197965621948,30,43,129
hardened,2,j-reversible-sp-unigram-32k,kanbun,sha256:317029be6482e79a4f0eab267d258b282d08dc6d6e488dd9b7504045b9634251,192,5.660547379002894,235.41554737091064,23,20,60
hardened,2,j-reversible-sp-unigram-32k,kakikudashi,sha256:317029be6482e79a4f0eab267d258b282d08dc6d6e488dd9b7504045b9634251,192,3.8445822049220357,279.81043815612793,30,35,105
hardened,2,j-reversible-sp-unigram-32k,kanbun,sha256:aff1efedbcf7c2745d2aed3393452d82217b77a0471588f975ef7780c2e4affb,193,4.982589728440912,207.2200813293457,19,20,60
hardened,2,j-reversible-sp-unigram-32k,kakikudashi,sha256:aff1efedbcf7c2745d2aed3393452d82217b77a0471588f975ef7780c2e4affb,193,3.4652521336305195,252.20262336730957,25,35,105
hardened,2,j-reversible-sp-unigram-32k,kanbun,sha256:9b38a73001aa60bbb7725572f504f25dec15ed5ef0706da0086f73cff35849c6,194,5.01771491470865,208.6808967590332,20,20,60
hardened,2,j-reversible-sp-unigram-32k,kakikudashi,sha256:9b38a73001aa60bbb7725572f504f25dec15ed5ef0706da0086f73cff35849c6,194,4.00755682834704,266.6713647842407,28,32,96
hardened,2,j-reversible-sp-unigram-32k,kanbun,sha256:4b809b255a7b09ef0856a3fd244bac5efb2d6d4d7aaa88c8b196b55d0dc24338,196,5.1018939786893425,212.18180561065674,21,20,60
hardened,2,j-reversible-sp-unigram-32k,kakikudashi,sha256:4b809b255a7b09ef0856a3fd244bac5efb2d6d4d7aaa88c8b196b55d0dc24338,196,3.610993927141762,262.80977725982666,28,35,105
hardened,2,j-reversible-sp-unigram-32k,kanbun,sha256:b86b595ab18b83df5bcd05904ef45ba3b215ef461ac2e6b07901a4750982c9f1,197,5.731674542023487,238.37364292144775,24,20,60
hardened,2,j-reversible-sp-unigram-32k,kakikudashi,sha256:b86b595ab18b83df5bcd05904ef45ba3b215ef461ac2e6b07901a4750982c9f1,197,3.85359075445003,280.46608448028564,29,35,105
hardened,2,j-reversible-sp-unigram-32k,kanbun,sha256:fa846c61bf98b31eec936ff30e32da64298e852253448ae6b7431d84ff91a93c,198,5.387503434392338,224.05996894836426,22,20,60
hardened,2,j-reversible-sp-unigram-32k,kakikudashi,sha256:fa846c61bf98b31eec936ff30e32da64298e852253448ae6b7431d84ff91a93c,198,3.5506645800806407,302.7193765640259,33,41,123
hardened,2,j-reversible-sp-unigram-32k,kanbun,sha256:e7facfb844725166b3323bb18bc7c8d0a103741c543ad23a6b0872312c27b00a,199,4.440305797353623,184.6671266555786,19,20,60
hardened,2,j-reversible-sp-unigram-32k,kakikudashi,sha256:e7facfb844725166b3323bb18bc7c8d0a103741c543ad23a6b0872312c27b00a,199,2.9315778080108434,256.0338764190674,28,42,126
hardened,2,j-reversible-sp-unigram-32k,kanbun,sha256:cb9fa44825fdf64ca0cc20b43e52b6794cdaa8f9281d5127111a3e7db5152e1a,200,5.799646648917473,241.20052337646484,24,20,60
hardened,2,j-reversible-sp-unigram-32k,kakikudashi,sha256:cb9fa44825fdf64ca0cc20b43e52b6794cdaa8f9281d5127111a3e7db5152e1a,200,4.184239008840097,295.8299341201782,33,34,102
hardened,2,j-reversible-sp-unigram-32k,kanbun,sha256:d6e2432872cc14e525892992dba6be69f57465e92100f664763ac948afad6ca6,201,5.798109215742839,241.13658332824707,24,20,60
hardened,2,j-reversible-sp-unigram-32k,kakikudashi,sha256:d6e2432872cc14e525892992dba6be69f57465e92100f664763ac948afad6ca6,201,4.473831476175276,279.09213066101074,27,30,90
hardened,2,j-reversible-sp-unigram-32k,kanbun,sha256:5f5b3982dab2403ac9654c377bda065e729fe09856a43043f143e68a8a6400ee,202,5.963686361308753,248.02274322509766,24,20,60
hardened,2,j-reversible-sp-unigram-32k,kakikudashi,sha256:5f5b3982dab2403ac9654c377bda065e729fe09856a43043f143e68a8a6400ee,202,4.571694146337617,294.70369243621826,31,31,93
hardened,2,j-reversible-sp-unigram-32k,kanbun,sha256:0f84e76693e8fbf368fe0c04314a40e46d2eefca885c9796f874cadef3c1330d,203,4.586939741857601,190.76546096801758,19,20,60
hardened,2,j-reversible-sp-unigram-32k,kakikudashi,sha256:0f84e76693e8fbf368fe0c04314a40e46d2eefca885c9796f874cadef3c1330d,203,3.5452679787757635,235.9096803665161,25,32,96
hardened,2,j-reversible-sp-unigram-32k,kanbun,sha256:31b0bc057ce4440bc36fe72505c6bc4a0d66b128b0b6577d1fb6877d51956894,204,4.66543512319258,194.02999210357666,19,20,60
hardened,2,j-reversible-sp-unigram-32k,kakikudashi,sha256:31b0bc057ce4440bc36fe72505c6bc4a0d66b128b0b6577d1fb6877d51956894,204,3.1963700410483176,239.27992725372314,25,36,108
hardened,2,j-reversible-sp-unigram-32k,kanbun,sha256:b69b0b5bb921e91c08a90a0c477ed443dddc07adcc03a27e44adbf5114a8c4f3,205,5.027481236175645,209.08706665039062,22,20,60
hardened,2,j-reversible-sp-unigram-32k,kakikudashi,sha256:b69b0b5bb921e91c08a90a0c477ed443dddc07adcc03a27e44adbf5114a8c4f3,205,3.557871139736854,251.54509162902832,27,34,102
hardened,2,j-reversible-sp-unigram-32k,kanbun,sha256:f2527f6afd47070aebc0483c349437b1252993e2783bdfdf91660f614192b86b,207,5.276822784085511,219.45689010620117,21,20,60
hardened,2,j-reversible-sp-unigram-32k,kakikudashi,sha256:f2527f6afd47070aebc0483c349437b1252993e2783bdfdf91660f614192b86b,207,3.114307107657446,323.8009786605835,35,50,150
hardened,2,j-reversible-sp-unigram-32k,kanbun,sha256:5ea56c919858c6b27fc31fafeef6d65215312c432b7dcd42c15da4fc1dba28e7,208,4.49326884072069,186.869797706604,19,20,60
hardened,2,j-reversible-sp-unigram-32k,kakikudashi,sha256:5ea56c919858c6b27fc31fafeef6d65215312c432b7dcd42c15da4fc1dba28e7,208,3.0323264509983736,277.4440059661865,31,44,132
hardened,2,j-reversible-sp-unigram-32k,kanbun,sha256:89ef6c35503bd77477e7e6111767b655e2b57b714375233b40ef9dc5dd12dc3b,209,5.039679415256862,209.59437465667725,22,20,60
hardened,2,j-reversible-sp-unigram-32k,kakikudashi,sha256:89ef6c35503bd77477e7e6111767b655e2b57b714375233b40ef9dc5dd12dc3b,209,4.049213641955495,269.4432978630066,32,32,96
hardened,2,j-reversible-sp-unigram-32k,kanbun,sha256:0097773272bafa08c1d34bbcbc1cf8baaca409b3f77d60dd34c0ad2bc423065d,210,5.0284504845338684,209.12737655639648,21,20,60
hardened,2,j-reversible-sp-unigram-32k,kakikudashi,sha256:0097773272bafa08c1d34bbcbc1cf8baaca409b3f77d60dd34c0ad2bc423065d,210,4.14656225019542,258.6760139465332,28,30,90
hardened,2,j-reversible-sp-unigram-32k,kanbun,sha256:de9c54959008529be09eeafb3dd818251358e47c8f81d934422c2d98f8bb75f8,212,4.553110456329626,189.35854053497314,19,20,60
hardened,2,j-reversible-sp-unigram-32k,kakikudashi,sha256:de9c54959008529be09eeafb3dd818251358e47c8f81d934422c2d98f8bb75f8,212,3.5020707259009725,240.31759452819824,25,33,99
hardened,2,j-reversible-sp-unigram-32k,kanbun,sha256:cc64249aee5bb59284feb51e63b4f9f64c8d600fd0940bb849a1d8783e4c936e,213,5.031981563528323,209.27423000335693,21,20,60
hardened,2,j-reversible-sp-unigram-32k,kakikudashi,sha256:cc64249aee5bb59284feb51e63b4f9f64c8d600fd0940bb849a1d8783e4c936e,213,3.733736674756831,279.507137298584,30,36,108
hardened,2,j-reversible-sp-unigram-32k,kanbun,sha256:49d865d062b9cf63e5e9dd51201c423717648afa2c34023c8fca99bbca4788cb,219,5.67906822015705,330.66013050079346,33,28,84
hardened,2,j-reversible-sp-unigram-32k,kakikudashi,sha256:49d865d062b9cf63e5e9dd51201c423717648afa2c34023c8fca99bbca4788cb,219,3.812625768379754,412.26288509368896,44,52,156
hardened,2,j-reversible-sp-unigram-32k,kanbun,sha256:5d0454ada80259405a8f4fd7bda31dce43b2f0b6e250342a507db9eeca304436,220,5.604499720327152,326.31842708587646,33,28,84
hardened,2,j-reversible-sp-unigram-32k,kakikudashi,sha256:5d0454ada80259405a8f4fd7bda31dce43b2f0b6e250342a507db9eeca304436,220,4.0121573290793515,367.094051361084,37,44,132
hardened,2,j-reversible-sp-unigram-32k,kanbun,sha256:28513e5ad1186259987a958686b2320f11d126d7c45d7a6cdd0ea1ba13fc756f,221,5.206706829914091,303.15718936920166,29,28,84
hardened,2,j-reversible-sp-unigram-32k,kakikudashi,sha256:28513e5ad1186259987a958686b2320f11d126d7c45d7a6cdd0ea1ba13fc756f,221,3.908399484819133,381.98254776000977,41,47,141
hardened,2,j-reversible-sp-unigram-32k,kanbun,sha256:3dc06076dde9bd9704d511b47a64df2189524d639d1f9aacc4346888bd01298b,222,5.284782825822185,307.7031145095825,32,28,84
hardened,2,j-reversible-sp-unigram-32k,kakikudashi,sha256:3dc06076dde9bd9704d511b47a64df2189524d639d1f9aacc4346888bd01298b,222,4.488655437959934,336.02027702331543,35,36,108
hardened,2,j-reversible-sp-unigram-32k,kanbun,sha256:a250008bb9fa367a44aec9bec894c189ec392ec3151d58555aed7af16ac75de0,223,5.867916063038969,341.6556758880615,34,28,84
hardened,2,j-reversible-sp-unigram-32k,kakikudashi,sha256:a250008bb9fa367a44aec9bec894c189ec392ec3151d58555aed7af16ac75de0,223,4.490364800475708,364.1605930328369,37,39,117
hardened,2,j-reversible-sp-unigram-32k,kanbun,sha256:91ad91f72087c5f28e8edf719c1616dd688ec1d7832d1c995de2fdb6e2b77176,225,4.25159865593527,247.54662418365479,24,28,84
hardened,2,j-reversible-sp-unigram-32k,kakikudashi,sha256:91ad91f72087c5f28e8edf719c1616dd688ec1d7832d1c995de2fdb6e2b77176,225,3.2773621012075864,333.9390621185303,35,49,147
hardened,2,j-reversible-sp-unigram-32k,kanbun,sha256:98c328acb7c32e7e7fb28214b3fb33c8d0b4874bef214aa80cdd8273727893ac,226,4.860151092742577,282.9792022705078,29,28,84
hardened,2,j-reversible-sp-unigram-32k,kakikudashi,sha256:98c328acb7c32e7e7fb28214b3fb33c8d0b4874bef214aa80cdd8273727893ac,226,3.2441373087245027,377.7756576538086,40,56,168
hardened,2,j-reversible-sp-unigram-32k,kanbun,sha256:55bcc611a9d612c5994242c986eb6a19e1ea6431d49cfe71dcc4e153b2da87c5,231,5.221198530316893,304.0009593963623,32,28,84
hardened,2,j-reversible-sp-unigram-32k,kakikudashi,sha256:55bcc611a9d612c5994242c986eb6a19e1ea6431d49cfe71dcc4e153b2da87c5,231,3.6291169410250057,354.687216758728,39,47,141
hardened,2,j-reversible-sp-unigram-32k,kanbun,sha256:011ced071397b102825c666ca6715f8dc7d49722ce4a635d7e60d1cc92407de2,232,4.762347572988113,277.28465461730957,29,28,84
hardened,2,j-reversible-sp-unigram-32k,kakikudashi,sha256:011ced071397b102825c666ca6715f8dc7d49722ce4a635d7e60d1cc92407de2,232,3.737461292237028,380.81978130340576,46,49,147
hardened,2,j-reversible-sp-unigram-32k,kanbun,sha256:4a060945067101babd48b243fe9999e1384236908b24b497ffca4e21957f2c59,233,5.041392994700439,293.5318965911865,30,28,84
hardened,2,j-reversible-sp-unigram-32k,kakikudashi,sha256:4a060945067101babd48b243fe9999e1384236908b24b497ffca4e21957f2c59,233,3.828440635490284,350.2848138809204,41,44,132
hardened,2,j-reversible-sp-unigram-32k,kanbun,sha256:9bca45cf9879b9d4f102cb00865554ffd97772b9e3dda8343077cd79b5ccb96d,234,4.79646599902458,279.27117824554443,28,28,84
hardened,2,j-reversible-sp-unigram-32k,kakikudashi,sha256:9bca45cf9879b9d4f102cb00865554ffd97772b9e3dda8343077cd79b5ccb96d,234,3.4457667299083083,358.26352405548096,39,50,150
hardened,2,j-reversible-sp-unigram-32k,kanbun,sha256:c582349e2254b7cf39f10b21ad92a867a77db9cd81f11667938bb32c9d5f2934,235,4.636100841744755,269.9340190887451,27,28,84
hardened,2,j-reversible-sp-unigram-32k,kakikudashi,sha256:c582349e2254b7cf39f10b21ad92a867a77db9cd81f11667938bb32c9d5f2934,235,3.6251181805142565,339.2199602127075,38,45,135
hardened,2,j-reversible-sp-unigram-32k,kanbun,sha256:24ad7d00c56bacf8c60d59eedf9dc5937074dec6ca528f34664779dcef0c27a6,236,4.7649829859920345,277.438099861145,29,28,84
hardened,2,j-reversible-sp-unigram-32k,kakikudashi,sha256:24ad7d00c56bacf8c60d59eedf9dc5937074dec6ca528f34664779dcef0c27a6,236,3.6164432761262044,345.92838954925537,37,46,138
hardened,2,j-reversible-sp-unigram-32k,kanbun,sha256:4ff6cf6c1379cc59f9ee8249ac486580414fafab8f72da7c471c72c0821bfe6b,237,4.137969325407011,240.9306287765503,24,28,84
hardened,2,j-reversible-sp-unigram-32k,kakikudashi,sha256:4ff6cf6c1379cc59f9ee8249ac486580414fafab8f72da7c471c72c0821bfe6b,237,3.263234742735778,284.99964714050293,31,42,126
hardened,2,j-reversible-sp-unigram-32k,kanbun,sha256:152c453dfb635e2b4709610fb4b17e9053700561274b3da2a7da25ec0b7fdab2,239,4.501147415094615,262.07644176483154,26,28,84
hardened,2,j-reversible-sp-unigram-32k,kakikudashi,sha256:152c453dfb635e2b4709610fb4b17e9053700561274b3da2a7da25ec0b7fdab2,239,3.5858485843528296,335.5453128814697,37,45,135
hardened,2,j-reversible-sp-unigram-32k,kanbun,sha256:4dbdcd5b15cf9a227576f5729dd00841052f1401389ca7f676dad6c85d8f8897,240,6.522439577077005,379.76489067077637,40,28,84
hardened,2,j-reversible-sp-unigram-32k,kakikudashi,sha256:4dbdcd5b15cf9a227576f5729dd00841052f1401389ca7f676dad6c85d8f8897,240,4.243022474276502,414.68650817871094,44,47,141
hardened,2,j-reversible-sp-unigram-32k,kanbun,sha256:b12e675fb4af745d9f089c70b50887201d49ad540e829401f5d30a8bf5302324,243,4.467662081764924,260.1267795562744,27,28,84
hardened,2,j-reversible-sp-unigram-32k,kakikudashi,sha256:b12e675fb4af745d9f089c70b50887201d49ad540e829401f5d30a8bf5302324,243,3.5371357647978274,338.3422842025757,38,46,138
hardened,2,j-reversible-sp-unigram-32k,kanbun,sha256:78abfa26e0852f975281bfbe3d8b16fe1f137fe6efcb5d4fcc3c1d4f843aeede,244,4.491469902192665,261.5129747390747,27,28,84
hardened,2,j-reversible-sp-unigram-32k,kakikudashi,sha256:78abfa26e0852f975281bfbe3d8b16fe1f137fe6efcb5d4fcc3c1d4f843aeede,244,3.1383880536848467,332.83081912994385,36,51,153
hardened,2,j-reversible-sp-unigram-32k,kanbun,sha256:41ddde068c507811a62d55e4a7441e85ed6e0ad61265b5b78af9dc9a10e56cb3,245,5.010200828899452,291.71575260162354,29,28,84
hardened,2,j-reversible-sp-unigram-32k,kakikudashi,sha256:41ddde068c507811a62d55e4a7441e85ed6e0ad61265b5b78af9dc9a10e56cb3,245,3.951602215894575,353.3364095687866,38,43,129
hardened,2,j-reversible-sp-unigram-32k,kanbun,sha256:844d3f5bd41cbe9bb6a34a2c2735fc07761b20b9c9fd9392b6a5c24c7edc0b3c,246,4.875214217787347,283.8562431335449,28,28,84
hardened,2,j-reversible-sp-unigram-32k,kakikudashi,sha256:844d3f5bd41cbe9bb6a34a2c2735fc07761b20b9c9fd9392b6a5c24c7edc0b3c,246,3.1208576949707183,350.4406213760376,37,54,162
hardened,2,j-reversible-sp-unigram-32k,kanbun,sha256:cd026f6ff2864d5b076323ac4102e894b100f87df6a30d4acb8f5573710a99f7,247,5.106440403944171,297.31924057006836,29,28,84
hardened,2,j-reversible-sp-unigram-32k,kakikudashi,sha256:cd026f6ff2864d5b076323ac4102e894b100f87df6a30d4acb8f5573710a99f7,247,3.436263983341751,364.4210138320923,40,51,153
hardened,2,j-reversible-sp-unigram-32k,kanbun,sha256:9eb52885ad9a2366c827dd8a4c32b6559149c8907d5d4e1edf180f81cf2431bc,248,4.3548936636282845,253.56091022491455,26,28,84
hardened,2,j-reversible-sp-unigram-32k,kakikudashi,sha256:9eb52885ad9a2366c827dd8a4c32b6559149c8907d5d4e1edf180f81cf2431bc,248,3.224065987009253,362.02986431121826,41,54,162
hardened,2,j-reversible-sp-unigram-32k,kanbun,sha256:ed84cf4c7c8f6218ec2504a795d3a1087778ccca943f35ebb73cb43ef99e090e,250,5.465972363157683,318.2527599334717,32,28,84
hardened,2,j-reversible-sp-unigram-32k,kakikudashi,sha256:ed84cf4c7c8f6218ec2504a795d3a1087778ccca943f35ebb73cb43ef99e090e,250,3.59671855224997,358.9999666213989,37,48,144
hardened,2,j-reversible-sp-unigram-32k,kanbun,sha256:7f64a1b51c76c43fc7e8384d048522ff6441f753c4b021ca3065ff6222e524d9,251,6.0484642361211485,352.16797828674316,34,28,84
hardened,2,j-reversible-sp-unigram-32k,kakikudashi,sha256:7f64a1b51c76c43fc7e8384d048522ff6441f753c4b021ca3065ff6222e524d9,251,4.057132987326783,455.57482719421387,50,54,162
hardened,2,j-reversible-sp-unigram-32k,kanbun,sha256:9ca411772023aecfd281495631b4fe5f1a959688a8121f1819654d0e3a0cfcc5,252,4.384247056443446,255.26999282836914,27,28,84
hardened,2,j-reversible-sp-unigram-32k,kakikudashi,sha256:9ca411772023aecfd281495631b4fe5f1a959688a8121f1819654d0e3a0cfcc5,252,3.2755684403240375,326.94494819641113,36,48,144
hardened,2,j-reversible-sp-unigram-32k,kanbun,sha256:ee3d7c09d5783b0be2c5b0baad1a146c0740839732fa870dee429c224979bf67,253,5.330806284054577,310.3828010559082,31,28,84
hardened,2,j-reversible-sp-unigram-32k,kakikudashi,sha256:ee3d7c09d5783b0be2c5b0baad1a146c0740839732fa870dee429c224979bf67,253,4.045851940241391,361.7638416290283,39,43,129
hardened,2,j-reversible-sp-unigram-32k,kanbun,sha256:3e9c81f0b0f35900a18278d505dbb3f251de08f2fa5954eb278bac211c9acbd7,254,4.7026435009136875,273.80842304229736,28,28,84
hardened,2,j-reversible-sp-unigram-32k,kakikudashi,sha256:3e9c81f0b0f35900a18278d505dbb3f251de08f2fa5954eb278bac211c9acbd7,254,3.8126886829512983,332.9870557785034,36,42,126
hardened,2,j-reversible-sp-unigram-32k,kanbun,sha256:6c65378a07d4a5ff25d50d6015469aaeae8665d97481c30ac22462ad6a2928f2,255,4.580172706097572,266.67763900756836,28,28,84
hardened,2,j-reversible-sp-unigram-32k,kakikudashi,sha256:6c65378a07d4a5ff25d50d6015469aaeae8665d97481c30ac22462ad6a2928f2,255,3.229449410045616,329.0571117401123,35,49,147
hardened,2,j-reversible-sp-unigram-32k,kanbun,sha256:1b7f67baed98aa6c3ccc8e00c68e01db20a3dfb6bc1b98575ed28f6a60a6536d,256,4.997327927482371,290.96623611450195,29,28,84
hardened,2,j-reversible-sp-unigram-32k,kakikudashi,sha256:1b7f67baed98aa6c3ccc8e00c68e01db20a3dfb6bc1b98575ed28f6a60a6536d,256,3.6970355738778435,369.0129289627075,40,48,144
hardened,2,j-reversible-sp-unigram-32k,kanbun,sha256:10048951ca6f4c53dcbac41a4f10f3f3bb862541aedfc94b0644185572994c0c,257,4.554731247038236,265.19632625579834,26,28,84
hardened,2,j-reversible-sp-unigram-32k,kakikudashi,sha256:10048951ca6f4c53dcbac41a4f10f3f3bb862541aedfc94b0644185572994c0c,257,3.578843382143659,342.3317975997925,38,46,138
hardened,2,j-reversible-sp-unigram-32k,kanbun,sha256:e695c03a29cdb807cd78f0bdd0d8c3d5d125d189aa9ff44a967a8e43e399426f,258,5.793452587281197,337.3200874328613,33,28,84
hardened,2,j-reversible-sp-unigram-32k,kakikudashi,sha256:e695c03a29cdb807cd78f0bdd0d8c3d5d125d189aa9ff44a967a8e43e399426f,258,4.5446443007721316,387.46320819854736,40,41,123
hardened,2,j-reversible-sp-unigram-32k,kanbun,sha256:3cd91dee89aca8d2e95bdc7b9caaac2c0d628123d0345f03ab4545d8664d835f,259,5.200752217265717,302.81048583984375,30,28,84
hardened,2,j-reversible-sp-unigram-32k,kakikudashi,sha256:3cd91dee89aca8d2e95bdc7b9caaac2c0d628123d0345f03ab4545d8664d835f,259,3.4012778826799037,403.1472358703613,43,57,171
hardened,2,j-reversible-sp-unigram-32k,kanbun,sha256:6e28a2c43a73753870c2b301c1d1b5de5fe64780b33015beb31d67a778801ed7,261,5.62214183168706,327.345627784729,32,28,84
hardened,2,j-reversible-sp-unigram-32k,kakikudashi,sha256:6e28a2c43a73753870c2b301c1d1b5de5fe64780b33015beb31d67a778801ed7,261,3.803756857837091,435.03295135498047,48,55,165
hardened,2,j-reversible-sp-unigram-32k,kanbun,sha256:ada7f062d18c598fa60c2927db59c0c75b9316ec19073d5b9635b1a024186695,262,4.674527482323234,272.1713857650757,27,28,84
hardened,2,j-reversible-sp-unigram-32k,kakikudashi,sha256:ada7f062d18c598fa60c2927db59c0c75b9316ec19073d5b9635b1a024186695,262,3.598647285616621,366.67565631866455,40,49,147
hardened,2,j-reversible-sp-unigram-32k,kanbun,sha256:e2a39fdcdaac6f53dba56792852353aeeee09a7b63c32e7d64012d17a92635f4,264,5.265422312952756,306.57586097717285,30,28,84
hardened,2,j-reversible-sp-unigram-32k,kakikudashi,sha256:e2a39fdcdaac6f53dba56792852353aeeee09a7b63c32e7d64012d17a92635f4,264,3.8584390445807832,425.2401170730591,46,53,159
hardened,2,j-reversible-sp-unigram-32k,kanbun,sha256:3154de6aa777321b7ecd20304242f6b405a590effd9343f1a8fa9e48d97764bf,265,4.989601123703007,290.51634788513184,30,28,84
hardened,2,j-reversible-sp-unigram-32k,kakikudashi,sha256:3154de6aa777321b7ecd20304242f6b405a590effd9343f1a8fa9e48d97764bf,265,3.5667243112932367,370.83973503112793,40,50,150
hardened,2,j-reversible-sp-unigram-32k,kanbun,sha256:606525302a104e1d2238769c5c54d63a83928e31ad83fe7d93494daa61249ecf,266,4.653101834540846,270.9238910675049,27,28,84
hardened,2,j-reversible-sp-unigram-32k,kakikudashi,sha256:606525302a104e1d2238769c5c54d63a83928e31ad83fe7d93494daa61249ecf,266,3.2770157660551287,340.71813583374023,34,50,150
hardened,2,j-reversible-sp-unigram-32k,kanbun,sha256:84567b97344a2bbc150b54ff37aaa157f04a74611ba9905ebfe664f8e332471c,268,4.6710930543027045,271.9714183807373,28,28,84
hardened,2,j-reversible-sp-unigram-32k,kakikudashi,sha256:84567b97344a2bbc150b54ff37aaa157f04a74611ba9905ebfe664f8e332471c,268,3.397566505281176,353.252046585083,40,50,150
hardened,2,j-reversible-sp-unigram-32k,kanbun,sha256:22edf62e83887b858e884bc488b93db8fd0e9d90376ac6e16d9f37078c76ba84,269,6.15781622708805,358.5349283218384,36,28,84
hardened,2,j-reversible-sp-unigram-32k,kakikudashi,sha256:22edf62e83887b858e884bc488b93db8fd0e9d90376ac6e16d9f37078c76ba84,269,4.704045400293931,391.2714967727661,41,40,120
hardened,2,j-reversible-sp-unigram-32k,kanbun,sha256:f6c2a39a294ff98dff6be57da2037d8c541144d442f2f92779ac3ad74e3c3bf9,270,5.0439434646541335,293.6803960800171,30,28,84
hardened,2,j-reversible-sp-unigram-32k,kakikudashi,sha256:f6c2a39a294ff98dff6be57da2037d8c541144d442f2f92779ac3ad74e3c3bf9,270,3.413684245349892,347.82928466796875,37,49,147
hardened,2,j-reversible-sp-unigram-32k,kanbun,sha256:cf3eb8ec3ab8f190a0a2ba93b65e6406ef6b6c248a16da4728028c1f921e06b9,272,5.326025641360293,310.1044511795044,31,28,84
hardened,2,j-reversible-sp-unigram-32k,kakikudashi,sha256:cf3eb8ec3ab8f190a0a2ba93b65e6406ef6b6c248a16da4728028c1f921e06b9,272,4.330834607908001,369.23441314697266,38,41,123
hardened,2,j-reversible-sp-unigram-32k,kanbun,sha256:5c695da1c550a8a4884a42d387789dcef5cd0fb000950450dd8b2d9007c0d79b,273,4.468017168611406,260.1474542617798,26,28,84
hardened,2,j-reversible-sp-unigram-32k,kakikudashi,sha256:5c695da1c550a8a4884a42d387789dcef5cd0fb000950450dd8b2d9007c0d79b,273,3.546796832882496,324.5156936645508,34,44,132
hardened,2,j-reversible-sp-unigram-32k,kanbun,sha256:b5638ce33f23646019dca08f2a00a968e719f0045f830409f8e96a07f6080e36,274,4.866776454108616,283.3649597167969,27,28,84
hardened,2,j-reversible-sp-unigram-32k,kakikudashi,sha256:b5638ce33f23646019dca08f2a00a968e719f0045f830409f8e96a07f6080e36,274,3.867943424375681,353.89913845062256,37,44,132
hardened,2,j-reversible-sp-unigram-32k,kanbun,sha256:3b1f52da85d3d3935b548c3ea5b3305433c23fded5f370f6ff905c97f4165749,275,5.65815465481243,329.4424514770508,32,28,84
hardened,2,j-reversible-sp-unigram-32k,kakikudashi,sha256:3b1f52da85d3d3935b548c3ea5b3305433c23fded5f370f6ff905c97f4165749,275,4.27165563894792,417.48493480682373,44,47,141
hardened,2,j-reversible-sp-unigram-32k,kanbun,sha256:57c1686b4a8c9fd318957ecaa6a85e66d236800c20b9b407dc5dba5eebd6af07,276,5.313351060508607,309.36648178100586,32,28,84
hardened,2,j-reversible-sp-unigram-32k,kakikudashi,sha256:57c1686b4a8c9fd318957ecaa6a85e66d236800c20b9b407dc5dba5eebd6af07,276,3.7143377642582043,370.7399158477783,38,48,144
hardened,2,j-reversible-sp-unigram-32k,kanbun,sha256:13e7eb09fc259541192ec679020e19453d822e5b9af112e03ae2118502555828,277,6.507741530251767,378.90910625457764,37,28,84
hardened,2,j-reversible-sp-unigram-32k,kakikudashi,sha256:13e7eb09fc259541192ec679020e19453d822e5b9af112e03ae2118502555828,277,5.009493141431877,447.9287700653076,46,43,129
hardened,2,j-reversible-sp-unigram-32k,kanbun,sha256:6351ce933135ea9531cdbd4f1dcd80a8a8e562bc2b093163444b5b8d6afed9dc,278,4.481847178049489,260.95269775390625,26,28,84
hardened,2,j-reversible-sp-unigram-32k,kakikudashi,sha256:6351ce933135ea9531cdbd4f1dcd80a8a8e562bc2b093163444b5b8d6afed9dc,278,3.2699468516049346,380.7811460494995,43,56,168
hardened,2,j-reversible-sp-unigram-32k,kanbun,sha256:f19dbbe6a04c7d8ecfdd6cdaee9c62765f9c0d832caae3ab4f8fb05e9d17a64b,279,5.160281669347183,300.4541139602661,30,28,84
hardened,2,j-reversible-sp-unigram-32k,kakikudashi,sha256:f19dbbe6a04c7d8ecfdd6cdaee9c62765f9c0d832caae3ab4f8fb05e9d17a64b,279,3.8836837274989495,371.49109077453613,38,46,138
hardened,2,j-reversible-sp-unigram-32k,kanbun,sha256:9ce5d9be64e38f486c10bc9413905e2425c79a1b00832565dda658cdd71b207b,280,4.177453708426198,243.22958183288574,26,28,84
hardened,2,j-reversible-sp-unigram-32k,kakikudashi,sha256:9ce5d9be64e38f486c10bc9413905e2425c79a1b00832565dda658cdd71b207b,280,2.9495681269111973,343.4734516143799,38,56,168
hardened,2,j-reversible-sp-unigram-32k,kanbun,sha256:26f7146c6a32da6d02654d965d0caf7cdd032352c8eec79349b0a1bf2c70250d,281,4.940902942146496,287.6809272766113,30,28,84
hardened,2,j-reversible-sp-unigram-32k,kakikudashi,sha256:26f7146c6a32da6d02654d965d0caf7cdd032352c8eec79349b0a1bf2c70250d,281,3.6743397132036852,359.1070079803467,40,47,141
hardened,2,j-reversible-sp-unigram-32k,kanbun,sha256:f0b83a464b9a058a31b26d0c3e0453ae09909c1e54328ca92580b1a0bdbb4acf,285,5.0640733132484215,294.85244369506836,30,28,84
hardened,2,j-reversible-sp-unigram-32k,kakikudashi,sha256:f0b83a464b9a058a31b26d0c3e0453ae09909c1e54328ca92580b1a0bdbb4acf,285,4.014929164280972,350.6500406265259,39,42,126
hardened,2,j-reversible-sp-unigram-32k,kanbun,sha256:bfa6a8b825c2504e22fe2b21adc34429544d75877cbcabec0640163cebae8718,286,4.3590218369037945,253.80127048492432,26,28,84
hardened,2,j-reversible-sp-unigram-32k,kakikudashi,sha256:bfa6a8b825c2504e22fe2b21adc34429544d75877cbcabec0640163cebae8718,286,3.1342737705953594,325.8769540786743,36,50,150
hardened,2,j-reversible-sp-unigram-32k,kanbun,sha256:ce6c9a95217f9aa12ad1daa4a80618412b5df51e3b6a33c39e2ac24f9236abb9,287,4.573122219997901,266.267128944397,28,28,84
hardened,2,j-reversible-sp-unigram-32k,kakikudashi,sha256:ce6c9a95217f9aa12ad1daa4a80618412b5df51e3b6a33c39e2ac24f9236abb9,287,3.5912431807237355,298.7112102508545,33,40,120
hardened,2,j-reversible-sp-unigram-32k,kanbun,sha256:a5b3d14933ba9c3cb1c94d03c6c781290e908104eb4dd7205a84cbc0fa59f29e,289,4.842642800264342,281.9597930908203,29,28,84
hardened,2,j-reversible-sp-unigram-32k,kakikudashi,sha256:a5b3d14933ba9c3cb1c94d03c6c781290e908104eb4dd7205a84cbc0fa59f29e,289,3.340555843346747,347.32452964782715,37,50,150
hardened,2,j-reversible-sp-unigram-32k,kanbun,sha256:4797cac5044de7738911e1327351945389d7f1c0ba19e3bc1ae07974be7826d2,291,6.312570524090327,367.5453987121582,36,28,84
hardened,2,j-reversible-sp-unigram-32k,kakikudashi,sha256:4797cac5044de7738911e1327351945389d7f1c0ba19e3bc1ae07974be7826d2,291,4.2641321494270805,443.35067653656006,47,50,150
hardened,2,j-reversible-sp-unigram-32k,kanbun,sha256:84f043ddab6fae18d9a113435e6994c20979e8c4bf3e54c63b76d16a81323aeb,292,5.441331933768866,316.8180866241455,30,28,84
hardened,2,j-reversible-sp-unigram-32k,kakikudashi,sha256:84f043ddab6fae18d9a113435e6994c20979e8c4bf3e54c63b76d16a81323aeb,292,3.917908896416704,399.20606327056885,41,49,147
hardened,2,j-reversible-sp-unigram-32k,kanbun,sha256:15d5252ccb091123dce9d507a42d69e81e342a7d8cfa2e9c2694897e2d71e8b8,294,5.252381867675135,305.81658935546875,30,28,84
hardened,2,j-reversible-sp-unigram-32k,kakikudashi,sha256:15d5252ccb091123dce9d507a42d69e81e342a7d8cfa2e9c2694897e2d71e8b8,294,3.8641303344842557,385.6911907196045,41,48,144
hardened,2,j-reversible-sp-unigram-32k,kanbun,sha256:ee53a3fbd722c59c22bdbeb52c5019bd04825f21b986c91ed87e75086c19b587,296,5.326942554578894,310.1578378677368,32,28,84
hardened,2,j-reversible-sp-unigram-32k,kakikudashi,sha256:ee53a3fbd722c59c22bdbeb52c5019bd04825f21b986c91ed87e75086c19b587,296,3.6206486743056256,331.2727994918823,34,44,132
hardened,2,j-reversible-sp-unigram-32k,kanbun,sha256:4694fd5b06af782102e95b6b6ed4dd158c912030cb1aeb16ad75a23f97e31db8,297,4.808291526097906,279.9597120285034,28,28,84
hardened,2,j-reversible-sp-unigram-32k,kakikudashi,sha256:4694fd5b06af782102e95b6b6ed4dd158c912030cb1aeb16ad75a23f97e31db8,297,3.9384420167584437,319.40063762664795,33,39,117
hardened,2,j-reversible-sp-unigram-32k,kanbun,sha256:71787239d84200daea855da14615f92021caad2f2595da06ff623d003a7aa257,299,5.081454142013419,295.8644313812256,29,28,84
hardened,2,j-reversible-sp-unigram-32k,kakikudashi,sha256:71787239d84200daea855da14615f92021caad2f2595da06ff623d003a7aa257,299,3.7957931276096692,386.76336574554443,43,49,147
hardened,2,j-reversible-sp-unigram-32k,kanbun,sha256:1adfa99587e2df25aabc70ce467dd514b304bc2e1c674e01ad764f295d63c309,300,4.796849438439503,279.2935037612915,27,28,84
hardened,2,j-reversible-sp-unigram-32k,kakikudashi,sha256:1adfa99587e2df25aabc70ce467dd514b304bc2e1c674e01ad764f295d63c309,300,3.7738165396059764,274.660080909729,28,35,105
hardened,2,j-reversible-sp-unigram-32k,kanbun,sha256:5406a4c84da9e52501972cb84769d459e4092bfb634de5090fa8418e2854261e,301,5.049773463587481,294.0198440551758,30,28,84
hardened,2,j-reversible-sp-unigram-32k,kakikudashi,sha256:5406a4c84da9e52501972cb84769d459e4092bfb634de5090fa8418e2854261e,301,3.634522121121987,385.446590423584,41,51,153
hardened,2,j-reversible-sp-unigram-32k,kanbun,sha256:9d80419ac012f4b87c30185a379327160482f6a058c63af4d8f4ceedfac026de,303,5.5377282095774705,241.82302379608154,24,21,63
hardened,2,j-reversible-sp-unigram-32k,kakikudashi,sha256:9d80419ac012f4b87c30185a379327160482f6a058c63af4d8f4ceedfac026de,303,3.97176587868179,313.8440885543823,34,38,114
hardened,2,j-reversible-sp-unigram-32k,kanbun,sha256:da046e5b10cae95bae697f791d97ac6703eb750140535962c2197c50f9d1f7ab,309,5.2251945717786406,304.2336263656616,31,28,84
hardened,2,j-reversible-sp-unigram-32k,kakikudashi,sha256:da046e5b10cae95bae697f791d97ac6703eb750140535962c2197c50f9d1f7ab,309,4.283768082848079,356.3138122558594,38,40,120
hardened,2,j-reversible-sp-unigram-32k,kanbun,sha256:f2be46d7d95d3fdd960ce942581fbbf50d51e4d5b907600f90a1c2238c5e2391,310,4.943018852889711,287.8041248321533,28,28,84
hardened,2,j-reversible-sp-unigram-32k,kakikudashi,sha256:f2be46d7d95d3fdd960ce942581fbbf50d51e4d5b907600f90a1c2238c5e2391,310,3.2979572526466217,411.47455883026123,46,60,180
hardened,2,j-reversible-sp-unigram-32k,kanbun,sha256:b45994dcbcfd0adceee5b959d1bdc409623ec38ee9c5405c6e58825a0207b76f,311,4.968889957369503,289.310453414917,28,28,84
hardened,2,j-reversible-sp-unigram-32k,kakikudashi,sha256:b45994dcbcfd0adceee5b959d1bdc409623ec38ee9c5405c6e58825a0207b76f,311,3.6704668883375153,358.72850227355957,37,47,141
hardened,2,j-reversible-sp-unigram-32k,kanbun,sha256:a14447b66a174ce657e5251d2434feb8fc7dbcf12072e6eb68c40528bfa93bfe,312,4.770388384329353,277.7528257369995,28,28,84
hardened,2,j-reversible-sp-unigram-32k,kakikudashi,sha256:a14447b66a174ce657e5251d2434feb8fc7dbcf12072e6eb68c40528bfa93bfe,312,3.5257405918226734,329.92071533203125,34,45,135
hardened,2,j-reversible-sp-unigram-32k,kanbun,sha256:31a98663fb1c627a3e654a645a7da2f2aec4c2f786f3c79ad81540f14cdf801b,314,4.6434480716240145,270.36180686950684,27,28,84
hardened,2,j-reversible-sp-unigram-32k,kakikudashi,sha256:31a98663fb1c627a3e654a645a7da2f2aec4c2f786f3c79ad81540f14cdf801b,314,3.3232567418422394,352.4364242553711,36,51,153
hardened,2,j-reversible-sp-unigram-32k,kanbun,sha256:7abc00f3a801b9832ab595ea226aba2f38f5ee81b57ee9f43930244e588dc857,317,5.167133572812658,300.8530616760254,30,28,84
hardened,2,j-reversible-sp-unigram-32k,kakikudashi,sha256:7abc00f3a801b9832ab595ea226aba2f38f5ee81b57ee9f43930244e588dc857,317,3.869066762935162,354.0019187927246,39,44,132
hardened,2,j-reversible-sp-unigram-32k,kanbun,sha256:64ae9d741f6a83d2d64a058978e596c190f1ee6776e1533b9f9c07b6cf3a3759,318,5.446972833682765,317.1465244293213,33,28,84
hardened,2,j-reversible-sp-unigram-32k,kakikudashi,sha256:64ae9d741f6a83d2d64a058978e596c190f1ee6776e1533b9f9c07b6cf3a3759,318,4.153824785692009,380.05597591400146,41,44,132
hardened,2,j-reversible-sp-unigram-32k,kanbun,sha256:58be24a0af02d2def8b8725e125189db45e302fc68fc2378b1eeec3dd645c37d,319,5.0069408895626974,291.52594470977783,29,28,84
hardened,2,j-reversible-sp-unigram-32k,kakikudashi,sha256:58be24a0af02d2def8b8725e125189db45e302fc68fc2378b1eeec3dd645c37d,319,3.7116723463264494,378.19207763671875,42,49,147
hardened,2,j-reversible-sp-unigram-32k,kanbun,sha256:caae78fd86a46160b8c947aa9ece8025378957c3db78f53f308fad1ed66c71c9,321,4.464382782095473,259.9358444213867,26,28,84
hardened,2,j-reversible-sp-unigram-32k,kakikudashi,sha256:caae78fd86a46160b8c947aa9ece8025378957c3db78f53f308fad1ed66c71c9,321,3.1163732084811313,317.53547954559326,33,49,147
hardened,2,j-reversible-sp-unigram-32k,kanbun,sha256:f1982863dbe53fc5ec4bfc36d7ce4c66e3bc2834548a9ce502b0b508969a9283,323,5.517412210237748,321.24781227111816,32,28,84
hardened,2,j-reversible-sp-unigram-32k,kakikudashi,sha256:f1982863dbe53fc5ec4bfc36d7ce4c66e3bc2834548a9ce502b0b508969a9283,323,3.7857770721930906,401.4874076843262,42,51,153
hardened,2,j-reversible-sp-unigram-32k,kanbun,sha256:c0ea51c46681ccf1d96574e5b68290e387139d76a656e2b108b86f32fbf72da1,324,4.962040347006039,288.911639213562,30,28,84
hardened,2,j-reversible-sp-unigram-32k,kakikudashi,sha256:c0ea51c46681ccf1d96574e5b68290e387139d76a656e2b108b86f32fbf72da1,324,3.5029562977897553,356.9254493713379,39,49,147
hardened,2,j-reversible-sp-unigram-32k,kanbun,sha256:241fb41c6b0fc0890521bcb90ae877d36d315693ad862e5e2c22043116a47068,325,5.299490077814069,308.55943489074707,32,28,84
hardened,2,j-reversible-sp-unigram-32k,kakikudashi,sha256:241fb41c6b0fc0890521bcb90ae877d36d315693ad862e5e2c22043116a47068,325,4.2749064359866615,355.57672119140625,38,40,120
hardened,2,j-reversible-sp-unigram-32k,kanbun,sha256:7478d40e002f983c02d9e98f2a1a7198f46f1ed2b4ebb4c8cebcb29ecc239f0f,328,4.7718697282287845,277.8390760421753,28,28,84
hardened,2,j-reversible-sp-unigram-32k,kakikudashi,sha256:7478d40e002f983c02d9e98f2a1a7198f46f1ed2b4ebb4c8cebcb29ecc239f0f,328,3.3055622624074696,329.9387273788452,37,48,144
hardened,2,j-reversible-sp-unigram-32k,kanbun,sha256:9ab98dc9e77f08fd65387df12ab41e7f32500fcffd7bcb1748b7e10d5c411c31,329,4.940647425065214,287.6660499572754,28,28,84
hardened,2,j-reversible-sp-unigram-32k,kakikudashi,sha256:9ab98dc9e77f08fd65387df12ab41e7f32500fcffd7bcb1748b7e10d5c411c31,329,3.480818597374694,354.6697807312012,38,49,147
hardened,2,j-reversible-sp-unigram-32k,kanbun,sha256:b051eac4274a1ed1236b3436bca300cc58a2c25bce1bb0140f0cbe74217a5326,330,4.76414289169082,277.38918590545654,28,28,84
hardened,2,j-reversible-sp-unigram-32k,kakikudashi,sha256:b051eac4274a1ed1236b3436bca300cc58a2c25bce1bb0140f0cbe74217a5326,330,3.9907903253382666,323.64599227905273,35,39,117
hardened,2,j-reversible-sp-unigram-32k,kanbun,sha256:79a221b810d6d6ece4bb17456a05eae5c4b9f564171449ae95cc609bbaf626ba,331,4.564631878765907,265.77278423309326,27,28,84
hardened,2,j-reversible-sp-unigram-32k,kakikudashi,sha256:79a221b810d6d6ece4bb17456a05eae5c4b9f564171449ae95cc609bbaf626ba,331,3.810953739280849,324.9108762741089,36,41,123
hardened,2,j-reversible-sp-unigram-32k,kanbun,sha256:0f23385eaa1b352112e0481918a638150e0c4f4b03c5512cf6e1025aa5a74f8f,332,4.530791638762035,263.80245780944824,26,28,84
hardened,2,j-reversible-sp-unigram-32k,kakikudashi,sha256:0f23385eaa1b352112e0481918a638150e0c4f4b03c5512cf6e1025aa5a74f8f,332,3.3907989852944382,338.44647693634033,38,48,144
hardened,2,j-reversible-sp-unigram-32k,kanbun,sha256:83a98b9cb75cdd20948000956fc8dc8fbb9fc20be7594b7e821962b1095ca118,333,5.475208797887721,318.790545463562,31,28,84
hardened,2,j-reversible-sp-unigram-32k,kakikudashi,sha256:83a98b9cb75cdd20948000956fc8dc8fbb9fc20be7594b7e821962b1095ca118,333,4.838935914148804,342.11766815185547,34,34,102
hardened,2,j-reversible-sp-unigram-32k,kanbun,sha256:7aa2ecd80d925b53947a6b07c67e41342784e641e081a2258e78f68c454c9bae,334,4.759688426378373,277.12982749938965,28,28,84
hardened,2,j-reversible-sp-unigram-32k,kakikudashi,sha256:7aa2ecd80d925b53947a6b07c67e41342784e641e081a2258e78f68c454c9bae,334,3.0917954734019495,340.74802112579346,36,53,159
hardened,2,j-reversible-sp-unigram-32k,kanbun,sha256:f41b2b44c3527a526b2267efbebfd277ebe85d6c16df919ca8f66e9aadf4a9dd,335,4.463618278264137,259.89133167266846,26,28,84
hardened,2,j-reversible-sp-unigram-32k,kakikudashi,sha256:f41b2b44c3527a526b2267efbebfd277ebe85d6c16df919ca8f66e9aadf4a9dd,335,3.290844862984205,369.5284538269043,40,54,162
hardened,2,j-reversible-sp-unigram-32k,kanbun,sha256:0e63cc334d2783636389d831678fc3bc38e590119c8bbb26698f44b1be11d6a5,336,5.528159537124566,321.8735685348511,32,28,84
hardened,2,j-reversible-sp-unigram-32k,kakikudashi,sha256:0e63cc334d2783636389d831678fc3bc38e590119c8bbb26698f44b1be11d6a5,336,4.048418157396826,395.6670980453491,43,47,141
hardened,2,j-reversible-sp-unigram-32k,kanbun,sha256:380b22c599ed04cd6119c1f94180c177ec558d212feabf343399760a0b107f2e,339,4.453605612123906,259.3083505630493,26,28,84
hardened,2,j-reversible-sp-unigram-32k,kakikudashi,sha256:380b22c599ed04cd6119c1f94180c177ec558d212feabf343399760a0b107f2e,339,3.305436071359498,295.5588264465332,31,43,129
hardened,2,j-reversible-sp-unigram-32k,kanbun,sha256:f8c19e1305bcab305f089db5ec3c08d4169665ec713cb00b1b0335640db5c11b,341,5.566618952682511,324.11284351348877,34,28,84
hardened,2,j-reversible-sp-unigram-32k,kakikudashi,sha256:f8c19e1305bcab305f089db5ec3c08d4169665ec713cb00b1b0335640db5c11b,341,3.99568750735819,357.2783393859863,39,43,129
hardened,2,j-reversible-sp-unigram-32k,kanbun,sha256:21ba147d597836b1343dae04293fb8a0a830444cc005e5a5660642aded0dc596,342,5.530175108275477,321.99092388153076,33,28,84
hardened,2,j-reversible-sp-unigram-32k,kakikudashi,sha256:21ba147d597836b1343dae04293fb8a0a830444cc005e5a5660642aded0dc596,342,3.968462001966268,379.6004981994629,42,46,138
hardened,2,j-reversible-sp-unigram-32k,kanbun,sha256:dea74fb7ca686c59766d4cc337cf188be5a9608f6be4d2ac21dfea3c89f75220,343,5.633594582269816,328.0124568939209,31,28,84
hardened,2,j-reversible-sp-unigram-32k,kakikudashi,sha256:dea74fb7ca686c59766d4cc337cf188be5a9608f6be4d2ac21dfea3c89f75220,343,3.987072474125734,414.5442066192627,43,50,150
hardened,2,j-reversible-sp-unigram-32k,kanbun,sha256:dc6bf5a8fd927674eedc59eacd0761a954e0250ebc88eb1c5dc117d0fe79fc05,345,4.854577315200415,282.65467262268066,29,28,84
hardened,2,j-reversible-sp-unigram-32k,kakikudashi,sha256:dc6bf5a8fd927674eedc59eacd0761a954e0250ebc88eb1c5dc117d0fe79fc05,345,3.758894802863423,328.28888416290283,37,42,126
hardened,2,j-reversible-sp-unigram-32k,kanbun,sha256:09196e4814cbac31fe5e8f11d7f9f69be5021fd1d1d54c9e1b5a74840b507f1b,346,4.3262772246617205,251.89473628997803,26,28,84
hardened,2,j-reversible-sp-unigram-32k,kakikudashi,sha256:09196e4814cbac31fe5e8f11d7f9f69be5021fd1d1d54c9e1b5a74840b507f1b,346,3.283463826229575,307.249698638916,35,45,135
hardened,2,j-reversible-sp-unigram-32k,kanbun,sha256:98df25c37a6c0cc07d498bce52b69a4a491f4341fc9b3ba11fadeb0ac8ca0445,347,5.014589285632568,291.9712677001953,28,28,84
hardened,2,j-reversible-sp-unigram-32k,kakikudashi,sha256:98df25c37a6c0cc07d498bce52b69a4a491f4341fc9b3ba11fadeb0ac8ca0445,347,3.6367843705883485,370.56154441833496,39,49,147
hardened,2,j-reversible-sp-unigram-32k,kanbun,sha256:b0d769eea7c9a37c442c1c0b7ceaf750a3feb6a5f303ea7296249217b413ea12,348,5.7502984220786,334.80746364593506,34,28,84
hardened,2,j-reversible-sp-unigram-32k,kakikudashi,sha256:b0d769eea7c9a37c442c1c0b7ceaf750a3feb6a5f303ea7296249217b413ea12,348,3.951392263330423,427.2678394317627,48,52,156
hardened,2,j-reversible-sp-unigram-32k,kanbun,sha256:04db3ee44205c72d133afd359ccb2d2166882d7645716a08241d164acb6c2b2f,350,4.248391801910082,247.35990715026855,26,28,84
hardened,2,j-reversible-sp-unigram-32k,kakikudashi,sha256:04db3ee44205c72d133afd359ccb2d2166882d7645716a08241d164acb6c2b2f,350,3.2579151741147974,304.8589868545532,33,45,135
hardened,2,j-reversible-sp-unigram-32k,kanbun,sha256:01da9f3b83afc42413956741a4e33039543ca785d22fcab02622edffbb269b85,353,5.112971879162138,297.6995315551758,30,28,84
hardened,2,j-reversible-sp-unigram-32k,kakikudashi,sha256:01da9f3b83afc42413956741a4e33039543ca785d22fcab02622edffbb269b85,353,3.753833021796745,366.8761873245239,40,47,141
hardened,2,j-reversible-sp-unigram-32k,kanbun,sha256:e2bd46e4a05a6865e40b986037d26e5fe2b9ba09d27beea301bf29cde6943cc5,354,5.049202726876119,293.9866132736206,29,28,84
hardened,2,j-reversible-sp-unigram-32k,kakikudashi,sha256:e2bd46e4a05a6865e40b986037d26e5fe2b9ba09d27beea301bf29cde6943cc5,354,3.401822067734475,360.7683963775635,37,51,153
hardened,2,j-reversible-sp-unigram-32k,kanbun,sha256:012bc4d5f1f13e4baa4f6ed62d5485bfa25ca49ffe16c23d5b5f016a0336d470,355,5.384774669205528,313.5250759124756,32,28,84
hardened,2,j-reversible-sp-unigram-32k,kakikudashi,sha256:012bc4d5f1f13e4baa4f6ed62d5485bfa25ca49ffe16c23d5b5f016a0336d470,355,4.018210680615701,367.64790534973145,39,44,132
hardened,2,j-reversible-sp-unigram-32k,kanbun,sha256:175dc4de4301b6f507ac2ffa95053a7867eca7cc72da80cbec2a08820defc43b,356,5.1172436661407685,297.9482536315918,30,28,84
hardened,2,j-reversible-sp-unigram-32k,kakikudashi,sha256:175dc4de4301b6f507ac2ffa95053a7867eca7cc72da80cbec2a08820defc43b,356,3.7655509487173875,368.02142429351807,41,47,141
hardened,2,j-reversible-sp-unigram-32k,kanbun,sha256:822561d4ac2d7d7e12ba769a3a5eaa12296f41dd9eb41ae8f6fea39fa68c7022,357,4.640028892731861,270.16272735595703,28,28,84
hardened,2,j-reversible-sp-unigram-32k,kakikudashi,sha256:822561d4ac2d7d7e12ba769a3a5eaa12296f41dd9eb41ae8f6fea39fa68c7022,357,3.452331494892251,394.84068393707275,44,55,165
hardened,2,j-reversible-sp-unigram-32k,kanbun,sha256:d05a7595d061e365f658efb62c84bb582de592e12f4a9386920aa74242d269a6,358,5.870408583028973,341.80080127716064,34,28,84
hardened,2,j-reversible-sp-unigram-32k,kakikudashi,sha256:d05a7595d061e365f658efb62c84bb582de592e12f4a9386920aa74242d269a6,358,3.7717286033969573,392.15445709228516,40,50,150
hardened,2,j-reversible-sp-unigram-32k,kanbun,sha256:a9c21481f94694b1e963efc65e93f935d904f3fd275759e70507ad9f45b475d6,359,4.885868526628998,284.47658348083496,29,28,84
hardened,2,j-reversible-sp-unigram-32k,kakikudashi,sha256:a9c21481f94694b1e963efc65e93f935d904f3fd275759e70507ad9f45b475d6,359,3.4464499775294724,351.1678714752197,39,49,147
hardened,2,j-reversible-sp-unigram-32k,kanbun,sha256:07b05a3858067d4cd7fbb19ac1f4629a700b1ecd14527e73d1f6de944b1e1dcd,362,4.732661860553585,275.5562229156494,27,28,84
hardened,2,j-reversible-sp-unigram-32k,kakikudashi,sha256:07b05a3858067d4cd7fbb19ac1f4629a700b1ecd14527e73d1f6de944b1e1dcd,362,3.59749669730839,359.0776357650757,41,48,144
hardened,2,j-reversible-sp-unigram-32k,kanbun,sha256:eba4b3b87b08ffbe3e8ca25c84e9dbe0b780ba6ede88955e95d87979def894d2,363,6.322214934426811,368.1069383621216,36,28,84
hardened,2,j-reversible-sp-unigram-32k,kakikudashi,sha256:eba4b3b87b08ffbe3e8ca25c84e9dbe0b780ba6ede88955e95d87979def894d2,363,4.233931862426076,396.1896209716797,42,45,135
hardened,2,j-reversible-sp-unigram-32k,kanbun,sha256:7e2c9d22669bcba6b5a5682ed98a826388f98711e7648dba6709fdeaa92ce36d,364,4.899335963880461,285.26071643829346,30,28,84
hardened,2,j-reversible-sp-unigram-32k,kakikudashi,sha256:7e2c9d22669bcba6b5a5682ed98a826388f98711e7648dba6709fdeaa92ce36d,364,3.53203329927563,359.88818168640137,39,49,147
hardened,2,j-reversible-sp-unigram-32k,kanbun,sha256:a0c39be8a53091206aa4d8fb79d78fd2c988818c63507ebd7d8f46c50316ca2e,365,4.613948264245418,268.6441993713379,27,28,84
hardened,2,j-reversible-sp-unigram-32k,kakikudashi,sha256:a0c39be8a53091206aa4d8fb79d78fd2c988818c63507ebd7d8f46c50316ca2e,365,3.518703753501807,351.2130603790283,40,48,144
hardened,2,j-reversible-sp-unigram-32k,kanbun,sha256:0e486321920abeb917cb71631c251827ef9d25efd97d66c59700fb4024b41489,366,4.71068678552924,274.2767381668091,28,28,84
hardened,2,j-reversible-sp-unigram-32k,kakikudashi,sha256:0e486321920abeb917cb71631c251827ef9d25efd97d66c59700fb4024b41489,366,3.267621168114521,346.53618717193604,39,51,153
hardened,2,j-reversible-sp-unigram-32k,kanbun,sha256:0c945b53221806c4e120e6e87211fbd986470bf14a71f469e33adbaa734d5384,367,5.644678831359324,328.6578302383423,32,28,84
hardened,2,j-reversible-sp-unigram-32k,kakikudashi,sha256:0c945b53221806c4e120e6e87211fbd986470bf14a71f469e33adbaa734d5384,367,4.500883613363352,374.37297439575195,39,40,120
hardened,2,j-reversible-sp-unigram-32k,kanbun,sha256:bd1d7f5499a1b9adc8767debf6acf094806cec83310caaa1e457d750f2b0ada4,368,5.3553063100830895,311.80929946899414,32,28,84
hardened,2,j-reversible-sp-unigram-32k,kakikudashi,sha256:bd1d7f5499a1b9adc8767debf6acf094806cec83310caaa1e457d750f2b0ada4,368,4.555218838782538,341.00320625305176,37,36,108
hardened,2,j-reversible-sp-unigram-32k,kanbun,sha256:e652d2fd7cb60f3cb65ea029698a20fe750a2e4cbaf35a9618df137601851133,369,4.56703254364105,265.912561416626,26,28,84
hardened,2,j-reversible-sp-unigram-32k,kakikudashi,sha256:e652d2fd7cb60f3cb65ea029698a20fe750a2e4cbaf35a9618df137601851133,369,3.1383159442315316,378.5047836303711,42,58,174
hardened,2,j-reversible-sp-unigram-32k,kanbun,sha256:9ceac548984fd90a7480945416bc9a82e438b7f3d863cf76bfe2ee53a9d16188,370,6.175353101444929,359.556001663208,36,28,84
hardened,2,j-reversible-sp-unigram-32k,kakikudashi,sha256:9ceac548984fd90a7480945416bc9a82e438b7f3d863cf76bfe2ee53a9d16188,370,4.281200588249878,427.32030487060547,47,48,144
hardened,2,j-reversible-sp-unigram-32k,kanbun,sha256:4777857cc0ba17a5e4873b90013a5f0bd1847bfa0e64c02cc9280109e605a269,372,5.710903846761764,332.51373958587646,33,28,84
hardened,2,j-reversible-sp-unigram-32k,kakikudashi,sha256:4777857cc0ba17a5e4873b90013a5f0bd1847bfa0e64c02cc9280109e605a269,372,4.103420172916283,409.5754737854004,44,48,144
hardened,2,j-reversible-sp-unigram-32k,kanbun,sha256:f27b841f3f365dd48e585a84c293aa316a51c69f2b6ebc850d6877b6e6faac22,373,4.714020038613162,274.470814704895,28,28,84
hardened,2,j-reversible-sp-unigram-32k,kakikudashi,sha256:f27b841f3f365dd48e585a84c293aa316a51c69f2b6ebc850d6877b6e6faac22,373,3.5661336724219295,370.7783250808716,40,50,150
hardened,2,j-reversible-sp-unigram-32k,kanbun,sha256:66c2130dd148c6206c7ff1e410ca3ade7ce923af0117ceee6c24c41d4dc66961,374,4.699676914841405,273.6356954574585,28,28,84
hardened,2,j-reversible-sp-unigram-32k,kakikudashi,sha256:66c2130dd148c6206c7ff1e410ca3ade7ce923af0117ceee6c24c41d4dc66961,374,3.352674867571469,327.66949558258057,35,47,141
hardened,2,j-reversible-sp-unigram-32k,kanbun,sha256:28736a6bebe27efd880048769c5f93767df8963f73f9d2e1391c3097a577b422,375,5.854153962179026,340.8543863296509,34,28,84
hardened,2,j-reversible-sp-unigram-32k,kakikudashi,sha256:28736a6bebe27efd880048769c5f93767df8963f73f9d2e1391c3097a577b422,375,4.441379873596356,415.60154151916504,44,45,135
hardened,2,j-reversible-sp-unigram-32k,kanbun,sha256:c93c8c67ffc3c4a96afee6b2084894dcff51fd20b8e313a35f6747e52150c5c1,376,5.437117212271722,316.57268714904785,32,28,84
hardened,2,j-reversible-sp-unigram-32k,kakikudashi,sha256:c93c8c67ffc3c4a96afee6b2084894dcff51fd20b8e313a35f6747e52150c5c1,376,3.7856719064881927,409.34833812713623,46,52,156
hardened,2,j-reversible-sp-unigram-32k,kanbun,sha256:6469c7a2948509d0e469340d3dc7b8aac351ce1cb65f8602f41e23130c24221c,379,5.544068325432578,322.79984760284424,33,28,84
hardened,2,j-reversible-sp-unigram-32k,kakikudashi,sha256:6469c7a2948509d0e469340d3dc7b8aac351ce1cb65f8602f41e23130c24221c,379,4.491390986724869,392.2625699043274,44,42,126
hardened,2,j-reversible-sp-unigram-32k,kanbun,sha256:55ac80df08c41262c4fbcc45fabdc0303231406fe8464f6f866397f8a9546d35,380,5.680981060337846,330.77150440216064,33,28,84
hardened,2,j-reversible-sp-unigram-32k,kakikudashi,sha256:55ac80df08c41262c4fbcc45fabdc0303231406fe8464f6f866397f8a9546d35,380,4.620623616959445,365.11603450775146,38,38,114
hardened,2,j-reversible-sp-unigram-32k,kanbun,sha256:eccb3d3596861966ea13e29754a2f2e78601514923b14daf562e80118bd040cf,381,4.847019529418598,282.21462535858154,30,28,84
hardened,2,j-reversible-sp-unigram-32k,kakikudashi,sha256:eccb3d3596861966ea13e29754a2f2e78601514923b14daf562e80118bd040cf,381,3.866760623917117,313.58740425109863,34,39,117
hardened,2,j-reversible-sp-unigram-32k,kanbun,sha256:a0fcecb1a878572791353b99abf72fbfd97acd739e9386fd139b25158623d3d6,384,5.700788334996316,331.9247703552246,33,28,84
hardened,2,j-reversible-sp-unigram-32k,kakikudashi,sha256:a0fcecb1a878572791353b99abf72fbfd97acd739e9386fd139b25158623d3d6,384,3.9475390346660197,418.6425094604492,46,51,153
hardened,2,j-reversible-sp-unigram-32k,kanbun,sha256:014d7b518ba9baa9de1d85e9b39e784316f705f7e938e9a951f0af81a4a0e354,386,5.16742297866581,300.869912147522,32,28,84
hardened,2,j-reversible-sp-unigram-32k,kakikudashi,sha256:014d7b518ba9baa9de1d85e9b39e784316f705f7e938e9a951f0af81a4a0e354,386,4.51166286350603,328.36087131500244,36,35,105
hardened,2,j-reversible-sp-unigram-32k,kanbun,sha256:bf7b40d2c0a7083d5276fcac9e06310b1d37b1e28e205505d4f889d68434ad0d,387,5.266151339220114,306.6183080673218,31,28,84
hardened,2,j-reversible-sp-unigram-32k,kakikudashi,sha256:bf7b40d2c0a7083d5276fcac9e06310b1d37b1e28e205505d4f889d68434ad0d,387,3.7041460091607754,400.5328645706177,43,52,156
hardened,2,j-reversible-sp-unigram-32k,kanbun,sha256:3d8842a0f5e3cf4004328ce380b076d2c31d69854539e559ed40eaf7de40f7e7,390,4.666087245370191,271.67995834350586,27,28,84
hardened,2,j-reversible-sp-unigram-32k,kakikudashi,sha256:3d8842a0f5e3cf4004328ce380b076d2c31d69854539e559ed40eaf7de40f7e7,390,3.5257680478974245,329.92328453063965,35,45,135
hardened,2,j-reversible-sp-unigram-32k,kanbun,sha256:ed3f497d365c250e5997d486e45bbd37ea8306dd5fd5c90a22c4df25d16549f7,394,4.740987786371355,276.04099464416504,28,28,84
hardened,2,j-reversible-sp-unigram-32k,kakikudashi,sha256:ed3f497d365c250e5997d486e45bbd37ea8306dd5fd5c90a22c4df25d16549f7,394,3.270106019973376,353.5997037887573,37,52,156
hardened,2,j-reversible-sp-unigram-32k,kanbun,sha256:ae8c05ae56ffa85a82cdeca05e3afe1fd10a5cc9c87b250bbc23785048b699cd,395,4.457989957652702,259.5636262893677,26,28,84
hardened,2,j-reversible-sp-unigram-32k,kakikudashi,sha256:ae8c05ae56ffa85a82cdeca05e3afe1fd10a5cc9c87b250bbc23785048b699cd,395,3.257837155573353,359.04754161834717,40,53,159
hardened,2,j-reversible-sp-unigram-32k,kanbun,sha256:836caaacaf482ff8c38b870413a64dba3c1d8124bc70f95bb66314d3f529a108,396,6.422982157496744,373.974045753479,38,28,84
hardened,2,j-reversible-sp-unigram-32k,kakikudashi,sha256:836caaacaf482ff8c38b870413a64dba3c1d8124bc70f95bb66314d3f529a108,396,4.3427975917934365,451.5296859741211,48,50,150
hardened,2,j-reversible-sp-unigram-32k,kanbun,sha256:96519f6e16c77d37de18372570dcc96f1836e00e3f5f3cb992193216a10b1a29,397,4.443203085883118,258.7026700973511,28,28,84
hardened,2,j-reversible-sp-unigram-32k,kakikudashi,sha256:96519f6e16c77d37de18372570dcc96f1836e00e3f5f3cb992193216a10b1a29,397,3.177058114278715,297.29279804229736,32,45,135
hardened,2,j-reversible-sp-unigram-32k,kanbun,sha256:e0f7d4b82ad6536a0d100d9d1559c821ca8a078dbb6aa729fbf2dd9028e2e908,398,5.091066530818242,296.4241065979004,29,28,84
hardened,2,j-reversible-sp-unigram-32k,kakikudashi,sha256:e0f7d4b82ad6536a0d100d9d1559c821ca8a078dbb6aa729fbf2dd9028e2e908,398,4.175700269409894,390.7406072616577,41,45,135
hardened,2,j-reversible-sp-unigram-32k,kanbun,sha256:71345211ec3ba323c2f3fea96d80860d327b842b3d46c17c4ab28e9c8f26ef4b,446,4.979551995056886,310.6406183242798,30,30,90
hardened,2,j-reversible-sp-unigram-32k,kakikudashi,sha256:71345211ec3ba323c2f3fea96d80860d327b842b3d46c17c4ab28e9c8f26ef4b,446,3.7590972446255417,414.29161739349365,43,53,159
hardened,2,j-reversible-sp-unigram-32k,kanbun,sha256:9100a9d34da88fd774602b05c6ee90111876201854176c82b281df6d57a5a5bf,13,5.195627221626273,648.2401847839355,63,60,180
hardened,2,j-reversible-sp-unigram-32k,kakikudashi,sha256:9100a9d34da88fd774602b05c6ee90111876201854176c82b281df6d57a5a5bf,13,3.6156168753946214,857.1048879623413,91,114,342
hardened,2,j-reversible-sp-unigram-32k,kanbun,sha256:37e41b45f0a4183f9f226c73d0b4017a78425c8da65bcfe34480e6f688ded206,57,5.434577856154877,5379.222190856934,532,476,1428
hardened,2,j-reversible-sp-unigram-32k,kakikudashi,sha256:37e41b45f0a4183f9f226c73d0b4017a78425c8da65bcfe34480e6f688ded206,57,4.121512676648422,6367.840393066406,682,743,2229
hardened,2,j-reversible-sp-unigram-32k,kanbun,sha256:6e1cd63b15f93f8ceabc67586351fb8825b5605482df3f7b4c47790860960bd7,134,4.925603189307064,297.03261280059814,31,29,87
hardened,2,j-reversible-sp-unigram-32k,kakikudashi,sha256:6e1cd63b15f93f8ceabc67586351fb8825b5605482df3f7b4c47790860960bd7,134,3.46366147111944,417.7439298629761,46,58,174
hardened,2,j-reversible-sp-unigram-32k,kanbun,sha256:f210cb062afab635a3aebbe9d65a845191038025db1ba590476a534d9e4b65af,217,5.35944586415955,1103.320782661438,109,99,297
hardened,2,j-reversible-sp-unigram-32k,kakikudashi,sha256:f210cb062afab635a3aebbe9d65a845191038025db1ba590476a534d9e4b65af,217,3.769508685293622,1340.3788747787476,143,171,513
hardened,2,j-reversible-sp-unigram-32k,kanbun,sha256:384a2829117df294f918e0e3292aaeb2ceb26f82fe95b69531292e41d596fcdb,417,6.205276823126882,516.1404161453247,50,40,120
hardened,2,j-reversible-sp-unigram-32k,kakikudashi,sha256:384a2829117df294f918e0e3292aaeb2ceb26f82fe95b69531292e41d596fcdb,417,4.4226017157789945,625.3648376464844,64,68,204
hardened,2,j-reversible-sp-unigram-32k,kanbun,sha256:fcce7557f2d919d4d0ab9666c2a16d44fa53dc0c35a78ed6945b85b1367d4146,428,5.345600641164299,444.6345615386963,46,40,120
hardened,2,j-reversible-sp-unigram-32k,kakikudashi,sha256:fcce7557f2d919d4d0ab9666c2a16d44fa53dc0c35a78ed6945b85b1367d4146,428,4.155658638211203,535.769850730896,57,62,186
hardened,2,j-reversible-sp-unigram-32k,kanbun,sha256:66be6d209047c20bf16ed7e709147176ce8d974b4814dc9bb1808e1b9003a4c3,432,5.034040941117304,418.7197542190552,40,40,120
hardened,2,j-reversible-sp-unigram-32k,kakikudashi,sha256:66be6d209047c20bf16ed7e709147176ce8d974b4814dc9bb1808e1b9003a4c3,432,3.9491137541805843,500.92902278900146,51,61,183
hardened,2,j-reversible-sp-unigram-32k,kanbun,sha256:8952801954f78ca62cdeb76b00e9976739ee20e4a31fb68734b7fef676634790,433,5.456962526216702,453.89738273620605,44,40,120
hardened,2,j-reversible-sp-unigram-32k,kakikudashi,sha256:8952801954f78ca62cdeb76b00e9976739ee20e4a31fb68734b7fef676634790,433,3.910747442430896,569.2519483566284,63,70,210
hardened,2,j-reversible-sp-unigram-32k,kanbun,sha256:976c593d798c11b05704cbc42adbad4e4c52a73c3def579dad8fb18d1ac52a6d,438,4.798049213980873,399.09051418304443,39,40,120
hardened,2,j-reversible-sp-unigram-32k,kakikudashi,sha256:976c593d798c11b05704cbc42adbad4e4c52a73c3def579dad8fb18d1ac52a6d,438,3.138328838910088,580.811450958252,65,89,267
hardened,2,j-reversible-sp-unigram-32k,kanbun,sha256:1d462ae5e9da2fcffab98988325fe94a152555eadb42c0f9483fa915caa8b4de,37,5.698371529139907,947.9544382095337,93,80,240
hardened,2,j-reversible-sp-unigram-32k,kakikudashi,sha256:1d462ae5e9da2fcffab98988325fe94a152555eadb42c0f9483fa915caa8b4de,37,3.8136306354892886,1252.9750709533691,134,158,474
hardened,2,j-reversible-sp-unigram-32k,kanbun,sha256:c6fedba6d584e75c829082a67d2ee059e215a162bc29488af48dadcb3b48695a,81,5.705425257522029,664.3895044326782,66,56,168
hardened,2,j-reversible-sp-unigram-32k,kakikudashi,sha256:c6fedba6d584e75c829082a67d2ee059e215a162bc29488af48dadcb3b48695a,81,4.320587116863293,790.6279335021973,88,88,264
hardened,2,j-reversible-sp-unigram-32k,kanbun,sha256:7f1acba73dbb590f2059350b81b6452ea01874038280fd90c87628f586c00cfd,103,5.0473570745842595,587.7583026885986,57,56,168
hardened,2,j-reversible-sp-unigram-32k,kakikudashi,sha256:7f1acba73dbb590f2059350b81b6452ea01874038280fd90c87628f586c00cfd,103,3.9217781989942386,742.1148738861084,79,91,273
hardened,2,j-reversible-sp-unigram-32k,kanbun,sha256:c391898daeab8372fb8199bbd41e708d8b04b33d1984080480949e3511a584bd,104,5.0542035319324565,588.5555639266968,58,56,168
hardened,2,j-reversible-sp-unigram-32k,kakikudashi,sha256:c391898daeab8372fb8199bbd41e708d8b04b33d1984080480949e3511a584bd,104,4.112045170800816,692.6113615036011,74,81,243
hardened,2,j-reversible-sp-unigram-32k,kanbun,sha256:49f02e00aefd621557e789f30a22273b497c62377cdb20a7308eb042a223a0c9,110,5.156394304541481,600.4555492401123,60,56,168
hardened,2,j-reversible-sp-unigram-32k,kakikudashi,sha256:49f02e00aefd621557e789f30a22273b497c62377cdb20a7308eb042a223a0c9,110,3.882402558041068,758.8835411071777,84,94,282
hardened,2,j-reversible-sp-unigram-32k,kanbun,sha256:c3b29a274f6ee071fbe02e89e38bae7e2a961492db2382eb5f98bacb15565fab,124,5.542785678822443,645.4503326416016,65,56,168
hardened,2,j-reversible-sp-unigram-32k,kakikudashi,sha256:c3b29a274f6ee071fbe02e89e38bae7e2a961492db2382eb5f98bacb15565fab,124,4.213416103238752,727.2088556289673,77,83,249
hardened,2,j-reversible-sp-unigram-32k,kanbun,sha256:9beed968afd17741e87149d0ebe3868b9aad034dcf2a2aa1dce8f8b630cc0bd1,153,4.963450948708416,206.42412185668945,20,20,60
hardened,2,j-reversible-sp-unigram-32k,kakikudashi,sha256:9beed968afd17741e87149d0ebe3868b9aad034dcf2a2aa1dce8f8b630cc0bd1,153,3.1999589737325773,266.16510486602783,27,40,120
hardened,2,j-reversible-sp-unigram-32k,kanbun,sha256:1bdc76492ee87575f06f81fed47e66616f04a17174f37cb9e9b56f2e51f6058a,169,5.495399639719655,228.54724597930908,22,20,60
hardened,2,j-reversible-sp-unigram-32k,kakikudashi,sha256:1bdc76492ee87575f06f81fed47e66616f04a17174f37cb9e9b56f2e51f6058a,169,3.8333226427239815,286.96213245391846,32,36,108
hardened,2,j-reversible-sp-unigram-32k,kanbun,sha256:ec1d71629897d032d200bc0c57750145d04d86acc0a6396c648a042829924aea,187,4.982644831682249,207.22237300872803,20,20,60
hardened,2,j-reversible-sp-unigram-32k,kakikudashi,sha256:ec1d71629897d032d200bc0c57750145d04d86acc0a6396c648a042829924aea,187,4.205988305113482,253.6370973587036,26,29,87
hardened,2,j-reversible-sp-unigram-32k,kanbun,sha256:0229116fc57ac9d156b7b050ed0b3d8d32973da148d5caedf78e34865dfcf6bc,211,4.629189366764881,192.52257347106934,20,20,60
hardened,2,j-reversible-sp-unigram-32k,kakikudashi,sha256:0229116fc57ac9d156b7b050ed0b3d8d32973da148d5caedf78e34865dfcf6bc,211,3.714169120783039,239.42532444000244,27,31,93
hardened,2,j-reversible-sp-unigram-32k,kanbun,sha256:f1f6ff8fc59c4bdf2a0c7d89a59ce1297591ca2585ddd9a740f565903454591c,214,5.133989747889681,213.5166311264038,20,20,60
hardened,2,j-reversible-sp-unigram-32k,kakikudashi,sha256:f1f6ff8fc59c4bdf2a0c7d89a59ce1297591ca2585ddd9a740f565903454591c,214,3.3732993055029334,301.6268844604492,32,43,129
hardened,2,j-reversible-sp-unigram-32k,kanbun,sha256:f9e6b50f8fab92d523315a94e9ac2b6a97d4de417458d64ce2b8d3b137f12b75,224,4.543700591018598,264.55407333374023,27,28,84
hardened,2,j-reversible-sp-unigram-32k,kakikudashi,sha256:f9e6b50f8fab92d523315a94e9ac2b6a97d4de417458d64ce2b8d3b137f12b75,224,3.471590541734837,368.16744899749756,42,51,153
hardened,2,j-reversible-sp-unigram-32k,kanbun,sha256:be5128326818907c64a0de0aa20944748f8f995f9f475c0d205f6616c4437bb7,228,5.095851104544546,296.70268535614014,29,28,84
hardened,2,j-reversible-sp-unigram-32k,kakikudashi,sha256:be5128326818907c64a0de0aa20944748f8f995f9f475c0d205f6616c4437bb7,228,4.00836960402313,366.74749183654785,40,44,132
hardened,2,j-reversible-sp-unigram-32k,kanbun,sha256:ca92af2a8bc61ae0ed038296541d8177d788bfd267f5857643ae688a5962e783,229,4.865285397284236,283.27814388275146,28,28,84
hardened,2,j-reversible-sp-unigram-32k,kakikudashi,sha256:ca92af2a8bc61ae0ed038296541d8177d788bfd267f5857643ae688a5962e783,229,3.397396916628813,353.234414100647,38,50,150
hardened,2,j-reversible-sp-unigram-32k,kanbun,sha256:69b01b2daede497431a5d130a695d18f1235d869145fe59b5d92bd960a722364,230,4.7545100942780945,276.8283224105835,27,28,84
hardened,2,j-reversible-sp-unigram-32k,kakikudashi,sha256:69b01b2daede497431a5d130a695d18f1235d869145fe59b5d92bd960a722364,230,3.2721046921864105,333.40337085723877,36,49,147
hardened,2,j-reversible-sp-unigram-32k,kanbun,sha256:d4b6bdac65f25e1d06547ce88e4c9810c1c705b41cc1bc9e1d075549ba3cd696,241,4.698646149107934,205.18175983428955,20,21,63
hardened,2,j-reversible-sp-unigram-32k,kakikudashi,sha256:d4b6bdac65f25e1d06547ce88e4c9810c1c705b41cc1bc9e1d075549ba3cd696,241,3.7847794570751763,243.9770565032959,25,31,93
hardened,2,j-reversible-sp-unigram-32k,kanbun,sha256:f60ea7caa4cf25c42fa6d8ac30814d7c61d6959f972e21f71f7a4d57c45b2bb4,242,5.467828088719093,318.36080837249756,31,28,84
hardened,2,j-reversible-sp-unigram-32k,kakikudashi,sha256:f60ea7caa4cf25c42fa6d8ac30814d7c61d6959f972e21f71f7a4d57c45b2bb4,242,3.869738201444714,386.2509298324585,40,48,144
hardened,2,j-reversible-sp-unigram-32k,kanbun,sha256:92962b2becc7cee570967487d785019a13b9cb591d3f50b25b2afcd1fe53f2c2,267,6.194916259014975,360.69505405426025,36,28,84
hardened,2,j-reversible-sp-unigram-32k,kakikudashi,sha256:92962b2becc7cee570967487d785019a13b9cb591d3f50b25b2afcd1fe53f2c2,267,4.273908304300975,417.705096244812,45,47,141
hardened,2,j-reversible-sp-unigram-32k,kanbun,sha256:1db2d79ff29ec9c8f61636a1207403fe5c301755545cc3920d27ccf8c94c9442,283,4.575952874258802,266.431941986084,27,28,84
hardened,2,j-reversible-sp-unigram-32k,kakikudashi,sha256:1db2d79ff29ec9c8f61636a1207403fe5c301755545cc3920d27ccf8c94c9442,283,3.2364785418277964,323.0432605743408,38,48,144
hardened,2,j-reversible-sp-unigram-32k,kanbun,sha256:5b6327eb9c50ed53f3079584bad4f486ca82a0efb5c51fd0b607d68fa979d8fd,305,4.593902654391453,267.4770565032959,27,28,84
hardened,2,j-reversible-sp-unigram-32k,kakikudashi,sha256:5b6327eb9c50ed53f3079584bad4f486ca82a0efb5c51fd0b607d68fa979d8fd,305,3.3790922568296273,379.4377398490906,44,54,162
hardened,2,j-reversible-sp-unigram-32k,kanbun,sha256:0bf633a5dc9bf7ac673d3599d8596c43ba77d4ea94b9469cf17de002f895f6c3,307,4.378118380973099,254.91315460205078,26,28,84
hardened,2,j-reversible-sp-unigram-32k,kakikudashi,sha256:0bf633a5dc9bf7ac673d3599d8596c43ba77d4ea94b9469cf17de002f895f6c3,307,3.0832308295296986,346.2155065536499,39,54,162
hardened,2,j-reversible-sp-unigram-32k,kanbun,sha256:e66c9c522bbdb987b6e975cb5ac62c23f1a3340f2edb970afc57d26586920b73,308,4.402486242429249,256.33195781707764,26,28,84
hardened,2,j-reversible-sp-unigram-32k,kakikudashi,sha256:e66c9c522bbdb987b6e975cb5ac62c23f1a3340f2edb970afc57d26586920b73,308,3.2519167067849266,317.8220224380493,35,47,141
hardened,2,j-reversible-sp-unigram-32k,kanbun,sha256:22f44fef0442f74ec7e3a8019f0d5b5863c7412ab19972f024585da8f6ae00e5,313,5.478001583206832,318.9531536102295,32,28,84
hardened,2,j-reversible-sp-unigram-32k,kakikudashi,sha256:22f44fef0442f74ec7e3a8019f0d5b5863c7412ab19972f024585da8f6ae00e5,313,3.854716720208369,408.7985620498657,44,51,153
hardened,2,j-reversible-sp-unigram-32k,kanbun,sha256:e4769a914ff8c9e3d6cad934898bf6a90ebb6992033d1756a9abab376ae5d9fd,337,5.499617509318275,320.211727142334,32,28,84
hardened,2,j-reversible-sp-unigram-32k,kakikudashi,sha256:e4769a914ff8c9e3d6cad934898bf6a90ebb6992033d1756a9abab376ae5d9fd,337,4.262119823998273,354.5131607055664,37,40,120
hardened,2,j-reversible-sp-unigram-32k,kanbun,sha256:54246f8567838836aa8f2dfa6cd0fa1a0615aa5a61094e0e6d22bd4e010af3b5,344,5.190812144183449,302.2317314147949,30,28,84
hardened,2,j-reversible-sp-unigram-32k,kakikudashi,sha256:54246f8567838836aa8f2dfa6cd0fa1a0615aa5a61094e0e6d22bd4e010af3b5,344,3.5338718734635495,367.42399883270264,38,50,150
hardened,2,j-reversible-sp-unigram-32k,kanbun,sha256:964bfe91c38434748812e8b8b16787e3c98616914e921f9b879582ebbc22b7f4,351,6.483117758611134,377.47540283203125,37,28,84
hardened,2,j-reversible-sp-unigram-32k,kakikudashi,sha256:964bfe91c38434748812e8b8b16787e3c98616914e921f9b879582ebbc22b7f4,351,3.992782169128898,514.7709407806396,57,62,186
hardened,2,j-reversible-sp-unigram-32k,kanbun,sha256:db3fdb4a7c74e76b8850dd288bfabc473e0bbcecc4a5f6ae7a46e3aef4ef15bc,361,4.984901902509431,290.2427387237549,30,28,84
hardened,2,j-reversible-sp-unigram-32k,kakikudashi,sha256:db3fdb4a7c74e76b8850dd288bfabc473e0bbcecc4a5f6ae7a46e3aef4ef15bc,361,3.1791316988364935,350.37338161468506,39,53,159
hardened,2,j-reversible-sp-unigram-32k,kanbun,sha256:7beffd8ab6e37ff02e514b4f5e7e27b31ab567e82347b63efb2870cfd85d2120,377,5.988326341904747,348.6664876937866,34,28,84
hardened,2,j-reversible-sp-unigram-32k,kakikudashi,sha256:7beffd8ab6e37ff02e514b4f5e7e27b31ab567e82347b63efb2870cfd85d2120,377,4.119449493281972,436.87387466430664,45,51,153
hardened,2,j-reversible-sp-unigram-32k,kanbun,sha256:e62e8d1b5a1be2dbb714cc0f0b0d8503d6a659c6737858eeb90e06ab78241761,378,4.729930448471882,275.3971881866455,27,28,84
hardened,2,j-reversible-sp-unigram-32k,kakikudashi,sha256:e62e8d1b5a1be2dbb714cc0f0b0d8503d6a659c6737858eeb90e06ab78241761,378,3.494194228462005,363.2986316680908,38,50,150
hardened,2,j-reversible-sp-unigram-32k,kanbun,sha256:ebfa9bb78878b7b86200084062c20b9a4ece85921e41296ea467c09d9a15c1b1,383,4.435344117531391,258.2450866699219,26,28,84
hardened,2,j-reversible-sp-unigram-32k,kakikudashi,sha256:ebfa9bb78878b7b86200084062c20b9a4ece85921e41296ea467c09d9a15c1b1,383,4.138972885123046,275.4160690307617,29,32,96
hardened,2,j-reversible-sp-unigram-32k,kanbun,sha256:cb2a8a3119275310a787147d26d5a1124462b3c321e829061f03ab4ac6121b90,385,4.799112156849355,279.42524909973145,29,28,84
hardened,2,j-reversible-sp-unigram-32k,kakikudashi,sha256:cb2a8a3119275310a787147d26d5a1124462b3c321e829061f03ab4ac6121b90,385,3.445959353534744,343.95220947265625,38,48,144
hardened,2,j-reversible-sp-unigram-32k,kanbun,sha256:535ff6b269a808c5e5d4784d77e49613744c3d107298fd16704eb1d0ae3dc8b7,388,4.4243577511391745,257.60541248321533,27,28,84
hardened,2,j-reversible-sp-unigram-32k,kakikudashi,sha256:535ff6b269a808c5e5d4784d77e49613744c3d107298fd16704eb1d0ae3dc8b7,388,3.5752123881229494,304.8122515678406,33,41,123
hardened,2,j-reversible-sp-unigram-32k,kanbun,sha256:215977ec34040a8aadcca9036a7b8f0a836dce0d3aec6016d2715e724ae2d6a7,391,5.480716583229852,319.11123275756836,31,28,84
hardened,2,j-reversible-sp-unigram-32k,kakikudashi,sha256:215977ec34040a8aadcca9036a7b8f0a836dce0d3aec6016d2715e724ae2d6a7,391,3.4695352906512875,353.520094871521,37,49,147
hardened,2,j-reversible-sp-unigram-32k,kanbun,sha256:e1462673503c6f46a9b178f0c5bed3bd7182b2b5ed046517d8691e7372bc1ee1,392,4.756723167029397,276.9571771621704,28,28,84
hardened,2,j-reversible-sp-unigram-32k,kakikudashi,sha256:e1462673503c6f46a9b178f0c5bed3bd7182b2b5ed046517d8691e7372bc1ee1,392,3.6088291692308765,360.20876598358154,39,48,144
hardened,2,j-reversible-sp-unigram-32k,kanbun,sha256:aacc5122dd14a93c28b61f0916e1aff1d20f56bd5d6a0cd4fd2b767b82852a03,0,5.756332442228944,1196.995680809021,117,100,300
hardened,2,j-reversible-sp-unigram-32k,kakikudashi,sha256:aacc5122dd14a93c28b61f0916e1aff1d20f56bd5d6a0cd4fd2b767b82852a03,0,4.2089391720253895,1540.3947610855103,168,176,528
hardened,2,j-reversible-sp-unigram-32k,kanbun,sha256:86c9c4dca0127039f1ae50c558904b59fbd4edc03012923694b9ff7998751210,89,5.519302463363731,321.357871055603,33,28,84
hardened,2,j-reversible-sp-unigram-32k,kakikudashi,sha256:86c9c4dca0127039f1ae50c558904b59fbd4edc03012923694b9ff7998751210,89,3.039531056484238,347.6289930343628,40,55,165
hardened,2,j-reversible-sp-unigram-32k,kanbun,sha256:87bc3920a414557db574f9eaf2e17fd70735979bc5ffedf6d561fbd6bea78a45,100,5.033653603428961,586.1625509262085,58,56,168
hardened,2,j-reversible-sp-unigram-32k,kakikudashi,sha256:87bc3920a414557db574f9eaf2e17fd70735979bc5ffedf6d561fbd6bea78a45,100,3.705028027045081,793.5520868301392,85,103,309
hardened,2,j-reversible-sp-unigram-32k,kanbun,sha256:c2c3ee696b5b493e537c49dadd14b04b067ebe32fa96f36b078c1d6c5be6f756,163,5.079478885779777,1330.872405052185,132,126,378
hardened,2,j-reversible-sp-unigram-32k,kakikudashi,sha256:c2c3ee696b5b493e537c49dadd14b04b067ebe32fa96f36b078c1d6c5be6f756,163,3.6221244503177186,1732.359091758728,186,230,690
hardened,2,j-reversible-sp-unigram-32k,kanbun,sha256:88362c9b02b3036094ebff13f879919608f9de1d43cb3e7077cbc826a69b3f8e,249,4.391539972563633,511.3892364501953,52,56,168
hardened,2,j-reversible-sp-unigram-32k,kakikudashi,sha256:88362c9b02b3036094ebff13f879919608f9de1d43cb3e7077cbc826a69b3f8e,249,3.1721852704060054,672.8301305770874,74,102,306
hardened,2,j-reversible-sp-unigram-32k,kanbun,sha256:a2d102ad8170a1ea7416667b7226955d7fe7d42a70e2083e50f7fac9a559fd5a,315,5.00675124456658,874.5447082519531,90,84,252
hardened,2,j-reversible-sp-unigram-32k,kakikudashi,sha256:a2d102ad8170a1ea7416667b7226955d7fe7d42a70e2083e50f7fac9a559fd5a,315,3.7323919154056773,1102.1032934188843,117,142,426
hardened,2,j-reversible-sp-unigram-32k,kanbun,sha256:fa6cc111cd2ef421711faa1460ebc8ce838fdf13293855c223b6e74434edff05,349,5.041978551038532,2642.093912124634,271,252,756
hardened,2,j-reversible-sp-unigram-32k,kakikudashi,sha256:fa6cc111cd2ef421711faa1460ebc8ce838fdf13293855c223b6e74434edff05,349,3.648762314004239,3308.101138114929,361,436,1308
hardened,2,j-reversible-sp-unigram-32k,kanbun,sha256:2095bc33187d6f3979e02211a3b227ce1dd28cb684fbc1a054587a1572e4e3b4,408,5.411628896948641,450.12663745880127,45,40,120
hardened,2,j-reversible-sp-unigram-32k,kakikudashi,sha256:2095bc33187d6f3979e02211a3b227ce1dd28cb684fbc1a054587a1572e4e3b4,408,4.13990270309368,593.9993104934692,63,69,207
hardened,2,j-reversible-sp-unigram-32k,kanbun,sha256:4407f3d844541f2fb9d8b6d645132e11ab661a4288b1422293ccb9f28d2675a2,409,5.544433739427761,461.17303371429443,45,40,120
hardened,2,j-reversible-sp-unigram-32k,kakikudashi,sha256:4407f3d844541f2fb9d8b6d645132e11ab661a4288b1422293ccb9f28d2675a2,409,3.9049303791790977,617.1256580352783,69,76,228
hardened,2,j-reversible-sp-unigram-32k,kanbun,sha256:d424c3774ec17385aaab9fa7645d5796a51c6f7ff14faacd6656efa2788d52f8,425,4.948983309497434,411.64485931396484,42,40,120
hardened,2,j-reversible-sp-unigram-32k,kakikudashi,sha256:d424c3774ec17385aaab9fa7645d5796a51c6f7ff14faacd6656efa2788d52f8,425,3.8550426103256683,497.0128164291382,55,62,186
hardened,2,j-reversible-sp-unigram-32k,kanbun,sha256:91a9fc3f3bf6f759c805d8991ec615e476b531e2d18733983b45d55fa3050bdc,427,4.657408635549262,387.39235973358154,40,40,120
hardened,2,j-reversible-sp-unigram-32k,kakikudashi,sha256:91a9fc3f3bf6f759c805d8991ec615e476b531e2d18733983b45d55fa3050bdc,427,3.728509939542195,457.4398889541626,51,59,177
hardened,2,j-reversible-sp-unigram-32k,kanbun,sha256:05554bc9b8e804ebbb02cfc07924513e935f5384702576a7b045942bcc776571,430,5.601745238001284,465.9400701522827,46,40,120
hardened,2,j-reversible-sp-unigram-32k,kakikudashi,sha256:05554bc9b8e804ebbb02cfc07924513e935f5384702576a7b045942bcc776571,430,4.239659993396432,555.4158821105957,61,63,189
hardened,2,j-reversible-sp-unigram-32k,kanbun,sha256:dd88113ccc60b7699d2c9347a398c5a7acd779379d3a65044cdfec0f7a53ca47,431,5.518587464328965,459.02320098876953,45,40,120
hardened,2,j-reversible-sp-unigram-32k,kakikudashi,sha256:dd88113ccc60b7699d2c9347a398c5a7acd779379d3a65044cdfec0f7a53ca47,431,4.319419136802155,547.9007549285889,57,61,183
hardened,2,j-reversible-sp-unigram-32k,kanbun,sha256:b004000bb7c65a514d4447f566f6d669a14b0e75e76ad73b89ec148382406328,434,5.116772759625476,425.60119342803955,42,40,120
hardened,2,j-reversible-sp-unigram-32k,kakikudashi,sha256:b004000bb7c65a514d4447f566f6d669a14b0e75e76ad73b89ec148382406328,434,3.780337951381973,550.2694244384766,60,70,210
hardened,2,j-reversible-sp-unigram-32k,kanbun,sha256:eab5a1ee862005a36aabd8128fab3ca66f14360f68d43eb46be2cfb47469b2cd,447,4.9427796889016316,411.12885665893555,41,40,120
hardened,2,j-reversible-sp-unigram-32k,kakikudashi,sha256:eab5a1ee862005a36aabd8128fab3ca66f14360f68d43eb46be2cfb47469b2cd,447,3.714984160338443,517.5811901092529,57,67,201
hardened,2,j-reversible-sp-unigram-32k,kanbun,sha256:8215e571653d767b252e7ae8725974a13373db12bf182977ca33c96ba5ee6b80,450,5.754687013121977,478.66140937805176,47,40,120
hardened,2,j-reversible-sp-unigram-32k,kakikudashi,sha256:8215e571653d767b252e7ae8725974a13373db12bf182977ca33c96ba5ee6b80,450,4.472210681098852,557.9820404052734,57,60,180
hardened,2,j-reversible-sp-unigram-32k,kanbun,sha256:f7436097f1cf75a3137b5e899d5dc6e5b933a514de2be41598bc747649b46bd8,4,5.272658384712009,438.5673952102661,44,40,120
hardened,2,j-reversible-sp-unigram-32k,kakikudashi,sha256:f7436097f1cf75a3137b5e899d5dc6e5b933a514de2be41598bc747649b46bd8,4,3.79064599491402,583.2995796203613,63,74,222
hardened,2,j-reversible-sp-unigram-32k,kanbun,sha256:d849179ec7b142b2d9eb33ad8eb59461b6c686a0ca5659c9b6ec0c8b0dc73cf1,17,4.9447057111431345,616.9335880279541,62,60,180
hardened,2,j-reversible-sp-unigram-32k,kakikudashi,sha256:d849179ec7b142b2d9eb33ad8eb59461b6c686a0ca5659c9b6ec0c8b0dc73cf1,17,4.125721922349502,746.3901872634888,79,87,261
hardened,2,j-reversible-sp-unigram-32k,kanbun,sha256:17672397b016991e757a866468203dc56a37ad82f5134adf2459846a3cedb669,31,6.461105419041172,1074.8392810821533,106,80,240
hardened,2,j-reversible-sp-unigram-32k,kakikudashi,sha256:17672397b016991e757a866468203dc56a37ad82f5134adf2459846a3cedb669,31,4.3537136164957015,1294.6208925247192,137,143,429
hardened,2,j-reversible-sp-unigram-32k,kanbun,sha256:993cf16ce411260e37f115ed6283350dd03253978bb9dafabd3b6ef85c86612d,38,5.30593005891695,1103.3371381759644,109,100,300
hardened,2,j-reversible-sp-unigram-32k,kakikudashi,sha256:993cf16ce411260e37f115ed6283350dd03253978bb9dafabd3b6ef85c86612d,38,3.82569684978321,1424.001019001007,156,179,537
hardened,2,j-reversible-sp-unigram-32k,kanbun,sha256:4c02892fa00fda9a82e65f5f9943d005b963874eb0a1bb42580237d0229d800a,65,5.058024290314375,589.0004863739014,60,56,168
hardened,2,j-reversible-sp-unigram-32k,kakikudashi,sha256:4c02892fa00fda9a82e65f5f9943d005b963874eb0a1bb42580237d0229d800a,65,3.472003566767096,794.1811294555664,93,110,330
hardened,2,j-reversible-sp-unigram-32k,kanbun,sha256:ebaf0a12c2adc7099504c6b86bc708e24aceb7691b4ff10637999dc94e4f54eb,82,6.938453595297529,807.9740839004517,81,56,168
hardened,2,j-reversible-sp-unigram-32k,kakikudashi,sha256:ebaf0a12c2adc7099504c6b86bc708e24aceb7691b4ff10637999dc94e4f54eb,82,4.995570712728803,955.6957483291626,103,92,276
hardened,2,j-reversible-sp-unigram-32k,kanbun,sha256:5b1999b0cac33e1542758e3b59d9c473b5fd370a2b0e632b3b27ca873479c6c6,84,5.493428304144475,639.7027292251587,64,56,168
hardened,2,j-reversible-sp-unigram-32k,kakikudashi,sha256:5b1999b0cac33e1542758e3b59d9c473b5fd370a2b0e632b3b27ca873479c6c6,84,3.679985250511087,880.0161333084106,99,115,345
hardened,2,j-reversible-sp-unigram-32k,kanbun,sha256:cc8beb8808cee6f397a4c7e5703b64ad374667e09e452594277ad614a4113104,95,5.5892867983934815,650.8653287887573,64,56,168
hardened,2,j-reversible-sp-unigram-32k,kakikudashi,sha256:cc8beb8808cee6f397a4c7e5703b64ad374667e09e452594277ad614a4113104,95,3.9830274680760045,844.8122234344482,93,102,306
hardened,2,j-reversible-sp-unigram-32k,kanbun,sha256:042ab8718b1edb4db8fa7b7b4ef51267d51b3bbfa609b7c2fb0a488b010a293d,116,5.801847887624465,675.6177968978882,67,56,168
hardened,2,j-reversible-sp-unigram-32k,kakikudashi,sha256:042ab8718b1edb4db8fa7b7b4ef51267d51b3bbfa609b7c2fb0a488b010a293d,116,4.126315258211886,823.7214107513428,90,96,288
hardened,2,j-reversible-sp-unigram-32k,kanbun,sha256:6de762fbae5cdea909bda4906ad245f5cc75f692374795ca0623fcce53a55e9d,117,5.068429715691277,590.2121849060059,59,56,168
hardened,2,j-reversible-sp-unigram-32k,kakikudashi,sha256:6de762fbae5cdea909bda4906ad245f5cc75f692374795ca0623fcce53a55e9d,117,3.587357153675816,708.6714515686035,78,95,285
hardened,2,j-reversible-sp-unigram-32k,kanbun,sha256:52d4e6ff51fc2e69153746cda5f4f5a39ff0d586927a0846b5def92686809376,140,5.729895202965941,667.2389984130859,66,56,168
hardened,2,j-reversible-sp-unigram-32k,kakikudashi,sha256:52d4e6ff51fc2e69153746cda5f4f5a39ff0d586927a0846b5def92686809376,140,4.259873723281772,779.5179376602173,82,88,264
hardened,2,j-reversible-sp-unigram-32k,kanbun,sha256:7edc75ccf8b006bfee320f69fd21cb73bbf58dfcd8e465869abdf29c33953c86,149,5.413151069529388,225.12662410736084,23,20,60
hardened,2,j-reversible-sp-unigram-32k,kakikudashi,sha256:7edc75ccf8b006bfee320f69fd21cb73bbf58dfcd8e465869abdf29c33953c86,149,3.748218273413653,265.0028266906738,28,34,102
hardened,2,j-reversible-sp-unigram-32k,kanbun,sha256:d7d8f505d3d800f8b06b5904e82f03d762ec23c0c9a1869136f46caf102f2c7b,152,5.471472450228776,227.5521421432495,21,20,60
hardened,2,j-reversible-sp-unigram-32k,kakikudashi,sha256:d7d8f505d3d800f8b06b5904e82f03d762ec23c0c9a1869136f46caf102f2c7b,152,3.8499170049345297,296.21006202697754,32,37,111
hardened,2,j-reversible-sp-unigram-32k,kanbun,sha256:4cfce05a50c6c27787ce5282083e079a6b4dacc0a17d46e4c5637c4f2999408b,159,4.554629556153676,189.42171812057495,20,20,60
hardened,2,j-reversible-sp-unigram-32k,kakikudashi,sha256:4cfce05a50c6c27787ce5282083e079a6b4dacc0a17d46e4c5637c4f2999408b,159,3.2415744928733705,215.70126914978027,23,32,96
hardened,2,j-reversible-sp-unigram-32k,kanbun,sha256:b81eee34499968e2ce987a320a443a984cbb6eb55e24690490b083ecfa2d6c5e,179,4.348365316856633,180.8434295654297,18,20,60
hardened,2,j-reversible-sp-unigram-32k,kakikudashi,sha256:b81eee34499968e2ce987a320a443a984cbb6eb55e24690490b083ecfa2d6c5e,179,3.091033809220051,237.8220920562744,26,37,111
hardened,2,j-reversible-sp-unigram-32k,kanbun,sha256:955384079b4cf87e3e9c30e0ba87152d4db31178c42f5276179131094cdc11c5,215,5.769832814321841,239.9606008529663,24,20,60
hardened,2,j-reversible-sp-unigram-32k,kakikudashi,sha256:955384079b4cf87e3e9c30e0ba87152d4db31178c42f5276179131094cdc11c5,215,3.7442974575982646,288.0837640762329,30,37,111
hardened,2,j-reversible-sp-unigram-32k,kanbun,sha256:9bb8ba0d8cf2ad6f8497915f809b3e2670e27464e6d8aeee94804444c0d21c55,218,5.289004623176965,307.94892597198486,32,28,84
hardened,2,j-reversible-sp-unigram-32k,kakikudashi,sha256:9bb8ba0d8cf2ad6f8497915f809b3e2670e27464e6d8aeee94804444c0d21c55,218,3.8529335918390397,376.5616579055786,42,47,141
hardened,2,j-reversible-sp-unigram-32k,kanbun,sha256:ad956be81d174cb25b3d89f0f335c67b00d3da32c475addd0b99e374b8175da2,263,5.505818417501984,320.5727710723877,31,28,84
hardened,2,j-reversible-sp-unigram-32k,kakikudashi,sha256:ad956be81d174cb25b3d89f0f335c67b00d3da32c475addd0b99e374b8175da2,263,3.5376296683964124,441.3776454925537,48,60,180
hardened,2,j-reversible-sp-unigram-32k,kanbun,sha256:75b04a7e467914ade7b81a7dbd0567f092dc7b294240cdc0a911449fa2eed8e3,284,5.1478482081720065,299.7301836013794,30,28,84
hardened,2,j-reversible-sp-unigram-32k,kakikudashi,sha256:75b04a7e467914ade7b81a7dbd0567f092dc7b294240cdc0a911449fa2eed8e3,284,3.659607313061747,426.1566104888916,47,56,168
hardened,2,j-reversible-sp-unigram-32k,kanbun,sha256:31894b65cce53b847f0bbdf4266379e21c8e28ba6e740f0ebea69fdc4f808e6c,288,4.2794868384615805,249.17039585113525,26,28,84
hardened,2,j-reversible-sp-unigram-32k,kakikudashi,sha256:31894b65cce53b847f0bbdf4266379e21c8e28ba6e740f0ebea69fdc4f808e6c,288,3.421857690945242,313.0843334197998,35,44,132
hardened,2,j-reversible-sp-unigram-32k,kanbun,sha256:17081afb209552d4294e87f5efd6594d01eeeb792541c4332b4a0cfff4becfda,290,5.5613189878998215,323.804256439209,33,28,84
hardened,2,j-reversible-sp-unigram-32k,kakikudashi,sha256:17081afb209552d4294e87f5efd6594d01eeeb792541c4332b4a0cfff4becfda,290,4.070094005435141,406.2490825653076,43,48,144
hardened,2,j-reversible-sp-unigram-32k,kanbun,sha256:0652e84601f21465239e3cdb72e18127be0ad1cae7ca187fe484a43b8404129e,295,4.891112031964304,284.7818832397461,29,28,84
hardened,2,j-reversible-sp-unigram-32k,kakikudashi,sha256:0652e84601f21465239e3cdb72e18127be0ad1cae7ca187fe484a43b8404129e,295,3.051546390971106,310.93010425567627,33,49,147
hardened,2,j-reversible-sp-unigram-32k,kanbun,sha256:e65a9c5fd6e9d20ea1287742a598a788ad345da529eb986561206ed8b6525930,298,5.0706468832676,295.23518562316895,30,28,84
hardened,2,j-reversible-sp-unigram-32k,kakikudashi,sha256:e65a9c5fd6e9d20ea1287742a598a788ad345da529eb986561206ed8b6525930,298,3.9003981758840833,348.75794982910156,37,43,129
hardened,2,j-reversible-sp-unigram-32k,kanbun,sha256:5838bb07b453e8326ecde9bed1a68e120ebd0c10351d5b4f0cca67cda9f64860,302,4.94382987393328,287.8513460159302,29,28,84
hardened,2,j-reversible-sp-unigram-32k,kakikudashi,sha256:5838bb07b453e8326ecde9bed1a68e120ebd0c10351d5b4f0cca67cda9f64860,302,3.9309148094499524,359.6607322692871,38,44,132
hardened,2,j-reversible-sp-unigram-32k,kanbun,sha256:58f733bc6cbd287eb76188c05268a0fe9ff300e1bef90bcaacdecc02dfadb6db,306,5.353637701645819,311.7121458053589,30,28,84
hardened,2,j-reversible-sp-unigram-32k,kakikudashi,sha256:58f733bc6cbd287eb76188c05268a0fe9ff300e1bef90bcaacdecc02dfadb6db,306,3.7609223662176303,367.569055557251,40,47,141
hardened,2,j-reversible-sp-unigram-32k,kanbun,sha256:407eeb8ace2d180c36fff5d7853f672bab8adbf3a4b1c3a66554ddc3a8d14f6b,316,4.608975394085371,268.35465717315674,27,28,84
hardened,2,j-reversible-sp-unigram-32k,kakikudashi,sha256:407eeb8ace2d180c36fff5d7853f672bab8adbf3a4b1c3a66554ddc3a8d14f6b,316,3.4849839383707586,362.3410186767578,40,50,150
hardened,2,j-reversible-sp-unigram-32k,kanbun,sha256:1c8795c587d422f9e6badec1be2c0f203662c336e9dc16e7d9da62094f60dd54,320,5.821719573880508,338.9659147262573,33,28,84
hardened,2,j-reversible-sp-unigram-32k,kakikudashi,sha256:1c8795c587d422f9e6badec1be2c0f203662c336e9dc16e7d9da62094f60dd54,320,4.031426866722316,394.0064754486084,40,47,141
hardened,2,j-reversible-sp-unigram-32k,kanbun,sha256:1f9f63a99ef6cbc57d5c80bdef37a7265023289a48ee5d0655f048f73ba0e5bb,322,4.74808492071766,276.45422077178955,27,28,84
hardened,2,j-reversible-sp-unigram-32k,kakikudashi,sha256:1f9f63a99ef6cbc57d5c80bdef37a7265023289a48ee5d0655f048f73ba0e5bb,322,3.306220640268765,336.8795347213745,35,49,147
hardened,2,j-reversible-sp-unigram-32k,kanbun,sha256:d1fcfa5db59009b0b864474ef4c1f16d10583bf1f85e0ba3a65738d29fffb1dd,340,4.5298316152256195,263.74656105041504,28,28,84
hardened,2,j-reversible-sp-unigram-32k,kakikudashi,sha256:d1fcfa5db59009b0b864474ef4c1f16d10583bf1f85e0ba3a65738d29fffb1dd,340,3.8265839479408905,310.3291473388672,35,39,117
hardened,2,j-reversible-sp-unigram-32k,kanbun,sha256:6639bedd74374987daa82adc5ac1b2a6ab82e22bb002607b321814be456b53c0,352,5.382274270772183,313.3794918060303,30,28,84
hardened,2,j-reversible-sp-unigram-32k,kakikudashi,sha256:6639bedd74374987daa82adc5ac1b2a6ab82e22bb002607b321814be456b53c0,352,3.7998241744802765,402.97712421417236,44,51,153
hardened,2,j-reversible-sp-unigram-32k,kanbun,sha256:d9bd1ab196ffa5be4cb918b3dffaae457e91718ad1514009a13c97be076315e9,389,5.054595529531674,294.3006057739258,30,28,84
hardened,2,j-reversible-sp-unigram-32k,kakikudashi,sha256:d9bd1ab196ffa5be4cb918b3dffaae457e91718ad1514009a13c97be076315e9,389,3.8208544911839164,349.5907163619995,37,44,132
hardened,2,j-reversible-sp-unigram-48k,kanbun,sha256:8d1569a11318284af47fff60342c252edcefd144cdd148c9e68e36a421087bc1,1,5.843779580161984,607.589900970459,59,50,150
hardened,2,j-reversible-sp-unigram-48k,kakikudashi,sha256:8d1569a11318284af47fff60342c252edcefd144cdd148c9e68e36a421087bc1,1,4.059268181457166,785.014012336731,80,93,279
hardened,2,j-reversible-sp-unigram-48k,kanbun,sha256:3ea142732fad6ace04e414b474638e26b2a71cbbd1abba9679f4da1e2a9c4ca0,111,5.9564792334106755,371.58451080322266,35,30,90
hardened,2,j-reversible-sp-unigram-48k,kakikudashi,sha256:3ea142732fad6ace04e414b474638e26b2a71cbbd1abba9679f4da1e2a9c4ca0,111,3.642259898068918,424.1365261077881,42,56,168
hardened,2,j-reversible-sp-unigram-48k,kanbun,sha256:302b45f003b5597c93b3fe9a7d8ae3a5c1130611fa05d6c1a18344e093a51079,216,4.6625041948565755,290.8621473312378,27,30,90
hardened,2,j-reversible-sp-unigram-48k,kakikudashi,sha256:302b45f003b5597c93b3fe9a7d8ae3a5c1130611fa05d6c1a18344e093a51079,216,3.5289740368771776,366.9147605895996,36,50,150
hardened,2,j-reversible-sp-unigram-48k,kanbun,sha256:717465d4b85514af22effdea6dbace424ea78c1348817fb62512fcf56cd18b9b,326,5.63621048097562,820.4119148254395,78,70,210
hardened,2,j-reversible-sp-unigram-48k,kakikudashi,sha256:717465d4b85514af22effdea6dbace424ea78c1348817fb62512fcf56cd18b9b,326,3.932659493184385,1063.1056175231934,106,130,390
hardened,2,j-reversible-sp-unigram-48k,kanbun,sha256:fbe5ba23af164c70eb9c29d9db41474c90308d226f06ef9b625c2d993999c9c5,402,5.452533843014538,680.2935228347778,67,60,180
hardened,2,j-reversible-sp-unigram-48k,kakikudashi,sha256:fbe5ba23af164c70eb9c29d9db41474c90308d226f06ef9b625c2d993999c9c5,402,4.000557234780136,848.5303401947021,87,102,306
hardened,2,j-reversible-sp-unigram-48k,kanbun,sha256:59f6055d544b30698a8fbe7996b93846e0ac767a7cccc61eee9e2046f0126edb,413,6.069797008358282,1009.7430438995361,98,80,240
hardened,2,j-reversible-sp-unigram-48k,kakikudashi,sha256:59f6055d544b30698a8fbe7996b93846e0ac767a7cccc61eee9e2046f0126edb,413,4.477283618042144,1247.5734395980835,127,134,402
hardened,2,j-reversible-sp-unigram-48k,kanbun,sha256:a4365ae1a10e6e66a78a392d59934c213231a5a10ba17389b4855d79fe33a9a0,424,4.887237868874467,304.88176345825195,30,30,90
hardened,2,j-reversible-sp-unigram-48k,kakikudashi,sha256:a4365ae1a10e6e66a78a392d59934c213231a5a10ba17389b4855d79fe33a9a0,424,3.208271063466633,446.9846124649048,45,67,201
hardened,2,j-reversible-sp-unigram-48k,kanbun,sha256:55f1caeb87e2a0ba46d0287184c06df421ad3c3453ec64d07abb59c72d738bd9,435,5.73599813083173,1192.767279624939,115,100,300
hardened,2,j-reversible-sp-unigram-48k,kakikudashi,sha256:55f1caeb87e2a0ba46d0287184c06df421ad3c3453ec64d07abb59c72d738bd9,435,4.301138701597369,1395.2587728500366,144,156,468
hardened,2,j-reversible-sp-unigram-48k,kanbun,sha256:93dda650b27b3be7ee4b662c619cff8d66fc4e362b26278ed7d7e33f77f106cd,2,5.765029305529032,1318.6845569610596,128,110,330
hardened,2,j-reversible-sp-unigram-48k,kakikudashi,sha256:93dda650b27b3be7ee4b662c619cff8d66fc4e362b26278ed7d7e33f77f106cd,2,4.116652976074312,1583.662754058838,163,185,555
hardened,2,j-reversible-sp-unigram-48k,kanbun,sha256:8d45ab88cbae6bebf457d5c91095a0b40fc62587fa53ad7208d478c243ba0ef7,24,5.6228416446537555,935.3896398544312,88,80,240
hardened,2,j-reversible-sp-unigram-48k,kakikudashi,sha256:8d45ab88cbae6bebf457d5c91095a0b40fc62587fa53ad7208d478c243ba0ef7,24,3.72733635503813,1147.1151523590088,119,148,444
hardened,2,j-reversible-sp-unigram-48k,kanbun,sha256:567bd56557d7fff24b8feeb440b9f49aa9e3045d837a4002f4795e6dde9751a1,35,5.279747013287781,768.5247688293457,75,70,210
hardened,2,j-reversible-sp-unigram-48k,kakikudashi,sha256:567bd56557d7fff24b8feeb440b9f49aa9e3045d837a4002f4795e6dde9751a1,35,3.949114777931592,936.1626787185669,97,114,342
hardened,2,j-reversible-sp-unigram-48k,kanbun,sha256:b4936462bfae473a417cb2a44cc32e1040d9b0b8ccc5b017f2af8eccb0f5903f,46,5.457666592068664,635.5383234024048,63,56,168
hardened,2,j-reversible-sp-unigram-48k,kakikudashi,sha256:b4936462bfae473a417cb2a44cc32e1040d9b0b8ccc5b017f2af8eccb0f5903f,46,4.318033944602112,772.2025279998779,82,86,258
hardened,2,j-reversible-sp-unigram-48k,kanbun,sha256:f6b2642e761897b8ebb8c391213d9f543eddf599fa9323948af4a771e217d8ea,68,5.127064341145138,2089.640393257141,205,196,588
hardened,2,j-reversible-sp-unigram-48k,kakikudashi,sha256:f6b2642e761897b8ebb8c391213d9f543eddf599fa9323948af4a771e217d8ea,68,4.007407481092309,2591.6157426834106,270,311,933
hardened,2,j-reversible-sp-unigram-48k,kanbun,sha256:17055b5d153d91f39fdfbf0de39853d752877022aa33840b6cf7d4b4adbfc913,78,4.71146206694003,1783.092209815979,178,182,546
hardened,2,j-reversible-sp-unigram-48k,kakikudashi,sha256:17055b5d153d91f39fdfbf0de39853d752877022aa33840b6cf7d4b4adbfc913,78,3.618271463820972,2219.575277328491,234,295,885
hardened,2,j-reversible-sp-unigram-48k,kanbun,sha256:b43081f81735e7b2e52e036432244507a16968d5a5fb1f1feb48c809bea423b6,112,5.969592337263462,521.3635683059692,50,42,126
hardened,2,j-reversible-sp-unigram-48k,kakikudashi,sha256:b43081f81735e7b2e52e036432244507a16968d5a5fb1f1feb48c809bea423b6,112,3.7719878127894053,603.9593677520752,60,77,231
hardened,2,j-reversible-sp-unigram-48k,kanbun,sha256:b6b4b4a72cbdecc3290a1dde132945435b73a98d25b72c10b5124e197d908efd,123,5.701637694521611,995.9226713180542,95,84,252
hardened,2,j-reversible-sp-unigram-48k,kakikudashi,sha256:b6b4b4a72cbdecc3290a1dde132945435b73a98d25b72c10b5124e197d908efd,123,4.125250721349245,1226.685133934021,130,143,429
hardened,2,j-reversible-sp-unigram-48k,kanbun,sha256:ac200517388f2878b3db69087a15c8ef657d854cb2fddf975c2363d404fa70bb,144,5.789834782916679,939.0905914306641,90,78,234
hardened,2,j-reversible-sp-unigram-48k,kakikudashi,sha256:ac200517388f2878b3db69087a15c8ef657d854cb2fddf975c2363d404fa70bb,144,3.7026099106356556,1101.0086030960083,113,143,429
hardened,2,j-reversible-sp-unigram-48k,kanbun,sha256:78ff91c48ff169f4948687ca5f5a48f61543b56d44e5b2628c10da96b6457a07,154,5.385138367469027,1254.1850080490112,123,112,336
hardened,2,j-reversible-sp-unigram-48k,kakikudashi,sha256:78ff91c48ff169f4948687ca5f5a48f61543b56d44e5b2628c10da96b6457a07,154,3.601401445676449,1587.6476001739502,166,212,636
hardened,2,j-reversible-sp-unigram-48k,kanbun,sha256:629e3ddc99d473db651a2e5809d4f5130824351a8cd54f3292ebc8232efe255e,173,5.219693862294144,1671.5234308242798,164,154,462
hardened,2,j-reversible-sp-unigram-48k,kakikudashi,sha256:629e3ddc99d473db651a2e5809d4f5130824351a8cd54f3292ebc8232efe255e,173,3.651658054741514,2088.187600135803,222,275,825
hardened,2,j-reversible-sp-unigram-48k,kanbun,sha256:e9f3ef8a884ff644002ca6c634ef92ac62ca07c8c2f9f76d4e2c65d82c97fc88,184,5.217056211877832,1518.7988777160645,148,140,420
hardened,2,j-reversible-sp-unigram-48k,kakikudashi,sha256:e9f3ef8a884ff644002ca6c634ef92ac62ca07c8c2f9f76d4e2c65d82c97fc88,184,3.9594053878272724,1844.2708578109741,192,224,672
hardened,2,j-reversible-sp-unigram-48k,kanbun,sha256:214e9d97c49dbe65b4ad3da40efccc8a0047e21c028ac6b56c15271f5b46d5d4,195,5.537058957108868,2763.357699394226,268,240,720
hardened,2,j-reversible-sp-unigram-48k,kakikudashi,sha256:214e9d97c49dbe65b4ad3da40efccc8a0047e21c028ac6b56c15271f5b46d5d4,195,3.9988477098676474,3184.7867279052734,328,383,1149
hardened,2,j-reversible-sp-unigram-48k,kanbun,sha256:c72c7c44f5586c163926708194cbea9f7f607768593655b4d266d44474657ca1,206,5.421762789564641,3156.786856651306,305,280,840
hardened,2,j-reversible-sp-unigram-48k,kakikudashi,sha256:c72c7c44f5586c163926708194cbea9f7f607768593655b4d266d44474657ca1,206,3.8664979679127858,3867.3152742385864,400,481,1443
hardened,2,j-reversible-sp-unigram-48k,kanbun,sha256:941a1e0f9d0c78f267b64587eabae60f7d564302633155844a58b3a4e82ff987,227,4.6135525130566,805.863471031189,80,84,252
hardened,2,j-reversible-sp-unigram-48k,kakikudashi,sha256:941a1e0f9d0c78f267b64587eabae60f7d564302633155844a58b3a4e82ff987,227,3.5602326972131286,1066.0745906829834,114,144,432
hardened,2,j-reversible-sp-unigram-48k,kanbun,sha256:a4d584b1780e97112d864e7f007586e0a7d0a8dc05b63830a40d53a8e1ba9052,238,4.9558410603730385,494.6583251953125,52,48,144
hardened,2,j-reversible-sp-unigram-48k,kakikudashi,sha256:a4d584b1780e97112d864e7f007586e0a7d0a8dc05b63830a40d53a8e1ba9052,238,3.363499494080979,601.5012493133545,63,86,258
hardened,2,j-reversible-sp-unigram-48k,kanbun,sha256:34f453f58b7ee056a3d7fa035687f7f2f18b48dc9dac0a79902688a07f4191f2,260,5.944126778472776,1050.6394529342651,102,85,255
hardened,2,j-reversible-sp-unigram-48k,kakikudashi,sha256:34f453f58b7ee056a3d7fa035687f7f2f18b48dc9dac0a79902688a07f4191f2,260,4.045905860854038,1186.2646856307983,119,141,423
hardened,2,j-reversible-sp-unigram-48k,kanbun,sha256:813f4461c8fdda05836461a31bfc1f99137381d7a7ecc0680210b3deb5d26764,271,5.6064368946881045,979.2936534881592,94,84,252
hardened,2,j-reversible-sp-unigram-48k,kakikudashi,sha256:813f4461c8fdda05836461a31bfc1f99137381d7a7ecc0680210b3deb5d26764,271,4.02161213620767,1220.9552717208862,125,146,438
hardened,2,j-reversible-sp-unigram-48k,kanbun,sha256:a22789f72ecaec3c5ffe296f87367e40afd1e3403dbee80d44cfef007a2e4a73,282,4.620407727439541,365.0989751815796,36,38,114
hardened,2,j-reversible-sp-unigram-48k,kakikudashi,sha256:a22789f72ecaec3c5ffe296f87367e40afd1e3403dbee80d44cfef007a2e4a73,282,3.3058874465667483,494.95677757263184,53,72,216
hardened,2,j-reversible-sp-unigram-48k,kanbun,sha256:4d54b3eeaf8dc7c6ae94ad1185757ab593a5588df80d1d412f074c37c263ada5,293,5.481126962589583,1025.7914791107178,102,90,270
hardened,2,j-reversible-sp-unigram-48k,kakikudashi,sha256:4d54b3eeaf8dc7c6ae94ad1185757ab593a5588df80d1d412f074c37c263ada5,293,3.7887709246941,1315.7141180038452,135,167,501
hardened,2,j-reversible-sp-unigram-48k,kanbun,sha256:b5bc1b6d7d320042186415e766872622d44eb4ce2960e670ee4942f0cb73262c,304,4.814983233456858,700.8733310699463,68,70,210
hardened,2,j-reversible-sp-unigram-48k,kakikudashi,sha256:b5bc1b6d7d320042186415e766872622d44eb4ce2960e670ee4942f0cb73262c,304,3.4365216221775285,957.5701398849487,97,134,402
hardened,2,j-reversible-sp-unigram-48k,kanbun,sha256:90814fafb8f02896bf8bfb177b5769128485abc9e28155ea539341c2089056ef,327,6.4849963177789265,512.4364881515503,49,38,114
hardened,2,j-reversible-sp-unigram-48k,kakikudashi,sha256:90814fafb8f02896bf8bfb177b5769128485abc9e28155ea539341c2089056ef,327,4.447641895562741,610.4083471298218,63,66,198
hardened,2,j-reversible-sp-unigram-48k,kanbun,sha256:71f5a7fab68ad78b13c4ee04b52569df8c2a72071080675b09493aa09c691081,338,4.12038839073291,359.8604850769043,35,42,126
hardened,2,j-reversible-sp-unigram-48k,kakikudashi,sha256:71f5a7fab68ad78b13c4ee04b52569df8c2a72071080675b09493aa09c691081,338,3.340325297927979,520.9508390426636,56,75,225
hardened,2,j-reversible-sp-unigram-48k,kanbun,sha256:1a052b148550b6261be2755157046f5d9adb762bfde7971c19b33b2dfc7add42,360,5.125104613056423,628.7839708328247,61,59,177
hardened,2,j-reversible-sp-unigram-48k,kakikudashi,sha256:1a052b148550b6261be2755157046f5d9adb762bfde7971c19b33b2dfc7add42,360,3.935446972702223,736.5178728103638,74,90,270
hardened,2,j-reversible-sp-unigram-48k,kanbun,sha256:4d80d7cd7fc12a0999f584cb9184f18350659c541fdf768b536b85ea7e0afaac,371,5.719714813433101,7302.800930023193,698,614,1842
hardened,2,j-reversible-sp-unigram-48k,kakikudashi,sha256:4d80d7cd7fc12a0999f584cb9184f18350659c541fdf768b536b85ea7e0afaac,371,4.272700989850771,8591.632479667664,872,967,2901
hardened,2,j-reversible-sp-unigram-48k,kanbun,sha256:c83cd01c4e785556079a174bb83992914cce53149d4c26b84a3315aebde30f98,382,5.211881468913235,823.6730155944824,82,76,228
hardened,2,j-reversible-sp-unigram-48k,kakikudashi,sha256:c83cd01c4e785556079a174bb83992914cce53149d4c26b84a3315aebde30f98,382,3.8110866505159904,990.6164875030518,103,125,375
hardened,2,j-reversible-sp-unigram-48k,kanbun,sha256:dddb6e0f5e50fda4a4b8b752c640a6f8c7b6c367f432dd3121db6814f33c9514,393,5.91166894734919,491.71879959106445,46,40,120
hardened,2,j-reversible-sp-unigram-48k,kakikudashi,sha256:dddb6e0f5e50fda4a4b8b752c640a6f8c7b6c367f432dd3121db6814f33c9514,393,4.288269905084878,561.7840147018433,56,63,189
hardened,2,j-reversible-sp-unigram-48k,kanbun,sha256:b2564ca600221221aeee66ea8a8b8b396f40506c248336d43c530f14627a5c2c,399,5.557298786970453,462.2431182861328,44,40,120
hardened,2,j-reversible-sp-unigram-48k,kakikudashi,sha256:b2564ca600221221aeee66ea8a8b8b396f40506c248336d43c530f14627a5c2c,399,3.921164620265486,603.3836126327515,63,74,222
hardened,2,j-reversible-sp-unigram-48k,kanbun,sha256:b08df4d1430db132c159d866df366865e4c52cb4ee20a9ca6b998bf584e877f1,400,5.622704637541323,467.6834239959717,46,40,120
hardened,2,j-reversible-sp-unigram-48k,kakikudashi,sha256:b08df4d1430db132c159d866df366865e4c52cb4ee20a9ca6b998bf584e877f1,400,3.962507313947605,552.0667552947998,57,67,201
hardened,2,j-reversible-sp-unigram-48k,kanbun,sha256:fe4de7a336978380e094ddf198e2a35fe8014bdb0c1f241634f9f96d53a4cabc,401,5.247829604837757,436.50219535827637,41,40,120
hardened,2,j-reversible-sp-unigram-48k,kakikudashi,sha256:fe4de7a336978380e094ddf198e2a35fe8014bdb0c1f241634f9f96d53a4cabc,401,3.8297289672996384,509.6766405105591,50,64,192
hardened,2,j-reversible-sp-unigram-48k,kanbun,sha256:485aa18bbb1c2fb8e59b7d046786e96c0819b33705b1693f94e6d3914af44459,403,5.264952415402349,437.9264307022095,41,40,120
hardened,2,j-reversible-sp-unigram-48k,kakikudashi,sha256:485aa18bbb1c2fb8e59b7d046786e96c0819b33705b1693f94e6d3914af44459,403,3.9192195376265775,529.7362146377563,56,65,195
hardened,2,j-reversible-sp-unigram-48k,kanbun,sha256:975367df5a7e4f36f09dd1296e154e1ac762e1b263d5ef02d278c57e5e38fb3b,404,5.256001486614114,437.1819133758545,42,40,120
hardened,2,j-reversible-sp-unigram-48k,kakikudashi,sha256:975367df5a7e4f36f09dd1296e154e1ac762e1b263d5ef02d278c57e5e38fb3b,404,3.597675616865826,523.68092918396,52,70,210
hardened,2,j-reversible-sp-unigram-48k,kanbun,sha256:ed2f3dc7b5d8907b2fd0586a6851812d3e3c6f445a0b393c0d9cac0cbb7323e3,405,6.194269956402683,515.2248907089233,50,40,120
hardened,2,j-reversible-sp-unigram-48k,kakikudashi,sha256:ed2f3dc7b5d8907b2fd0586a6851812d3e3c6f445a0b393c0d9cac0cbb7323e3,405,4.98236472162787,621.6321706771851,66,60,180
hardened,2,j-reversible-sp-unigram-48k,kanbun,sha256:b3d2fc22a3b6cc3de7c00d0a27cc67dc28fb932a0a04eab5ddba1bc71d9a0950,406,5.8260756585649425,484.59934997558594,46,40,120
hardened,2,j-reversible-sp-unigram-48k,kakikudashi,sha256:b3d2fc22a3b6cc3de7c00d0a27cc67dc28fb932a0a04eab5ddba1bc71d9a0950,406,3.9077677915205737,601.3221263885498,64,74,222
hardened,2,j-reversible-sp-unigram-48k,kanbun,sha256:bd865fb84f8310938425bf9ca4acbbbafbf0bd1a04007b82683e04c1ebe87959,407,5.521260315499084,459.2455224990845,44,40,120
hardened,2,j-reversible-sp-unigram-48k,kakikudashi,sha256:bd865fb84f8310938425bf9ca4acbbbafbf0bd1a04007b82683e04c1ebe87959,407,3.633993710834408,604.5341987609863,66,80,240
hardened,2,j-reversible-sp-unigram-48k,kanbun,sha256:897a7572b5e371449d906543570158641cf0675d06c6363fbab8167ed82dffc6,410,5.843949987451765,486.0860948562622,47,40,120
hardened,2,j-reversible-sp-unigram-48k,kakikudashi,sha256:897a7572b5e371449d906543570158641cf0675d06c6363fbab8167ed82dffc6,410,4.155009592124855,622.0871677398682,66,72,216
hardened,2,j-reversible-sp-unigram-48k,kanbun,sha256:89cf29f57b532d11edeabd844a981e5780979413f59157d0a8f268e78fd69596,411,6.623201394977911,550.9024047851562,52,40,120
hardened,2,j-reversible-sp-unigram-48k,kakikudashi,sha256:89cf29f57b532d11edeabd844a981e5780979413f59157d0a8f268e78fd69596,411,4.565226260634868,664.518479347229,68,70,210
hardened,2,j-reversible-sp-unigram-48k,kanbun,sha256:b14ed35a25e9d8eb112846f07902c8d3324236784a4d4dd4de004b8e20618901,412,5.581404505918437,464.2481756210327,45,40,120
hardened,2,j-reversible-sp-unigram-48k,kakikudashi,sha256:b14ed35a25e9d8eb112846f07902c8d3324236784a4d4dd4de004b8e20618901,412,3.8363886582874587,622.2485837936401,70,78,234
hardened,2,j-reversible-sp-unigram-48k,kanbun,sha256:7678aebd1f89db54abc614da0a4a8985a83143119479d4d69c05aed595286fd9,414,4.831325873389586,401.85838890075684,40,40,120
hardened,2,j-reversible-sp-unigram-48k,kakikudashi,sha256:7678aebd1f89db54abc614da0a4a8985a83143119479d4d69c05aed595286fd9,414,3.241475176520823,532.4961929321289,57,79,237
hardened,2,j-reversible-sp-unigram-48k,kanbun,sha256:8a089ea854da14c462df73a16fe997e42bab8a4a2630ac2132828f145a271942,415,5.34115796239619,444.26502990722656,44,40,120
hardened,2,j-reversible-sp-unigram-48k,kakikudashi,sha256:8a089ea854da14c462df73a16fe997e42bab8a4a2630ac2132828f145a271942,415,3.4958699438687284,537.9398317337036,54,74,222
hardened,2,j-reversible-sp-unigram-48k,kanbun,sha256:8d7a1fe05ebc4ce228eec6b68cc118a9dfa4b781be277ce9ab626b7eb7745651,416,5.520184220052635,459.15601539611816,44,40,120
hardened,2,j-reversible-sp-unigram-48k,kakikudashi,sha256:8d7a1fe05ebc4ce228eec6b68cc118a9dfa4b781be277ce9ab626b7eb7745651,416,4.231438842351277,536.7408123016357,57,61,183
hardened,2,j-reversible-sp-unigram-48k,kanbun,sha256:17d9207f93dc30ca0162001a5264d55151b8c2f7765e1a4b2ac9fd6daafc712c,418,4.747297718452271,394.8691234588623,38,40,120
hardened,2,j-reversible-sp-unigram-48k,kakikudashi,sha256:17d9207f93dc30ca0162001a5264d55151b8c2f7765e1a4b2ac9fd6daafc712c,418,3.5640876604646596,474.3239641189575,47,64,192
hardened,2,j-reversible-sp-unigram-48k,kanbun,sha256:bdabffca05d086b70c2b1c68ce1c51f46b6f320e87c57a76e98c6edc5e90b45f,419,5.549599937742539,461.60274600982666,45,40,120
hardened,2,j-reversible-sp-unigram-48k,kakikudashi,sha256:bdabffca05d086b70c2b1c68ce1c51f46b6f320e87c57a76e98c6edc5e90b45f,419,4.183710524973096,539.3864507675171,54,62,186
hardened,2,j-reversible-sp-unigram-48k,kanbun,sha256:f2e21d80f041a23fa269c5e29179c5e4517cbe8ab7fe1ec8c9f5e6d95ce2d804,420,5.016040560412909,417.22252464294434,40,40,120
hardened,2,j-reversible-sp-unigram-48k,kakikudashi,sha256:f2e21d80f041a23fa269c5e29179c5e4517cbe8ab7fe1ec8c9f5e6d95ce2d804,420,3.6558609546723977,501.7418432235718,51,66,198
hardened,2,j-reversible-sp-unigram-48k,kanbun,sha256:b38283b944c94408e9879b95b6e456194232339ccd8abc618400398322e24578,421,5.464399526125923,454.5159749984741,44,40,120
hardened,2,j-reversible-sp-unigram-48k,kakikudashi,sha256:b38283b944c94408e9879b95b6e456194232339ccd8abc618400398322e24578,421,3.6779677094096286,565.9607944488525,59,74,222
hardened,2,j-reversible-sp-unigram-48k,kanbun,sha256:8c031950c89befbeaed3c287367127319fddb2b836c4aec6074f1cd02aa5cb38,422,5.384068069475843,447.834192276001,44,40,120
hardened,2,j-reversible-sp-unigram-48k,kakikudashi,sha256:8c031950c89befbeaed3c287367127319fddb2b836c4aec6074f1cd02aa5cb38,422,4.171458488322733,537.8068523406982,53,62,186
hardened,2,j-reversible-sp-unigram-48k,kanbun,sha256:53b872d73a6192e043450ba20360d3e4d9b75c0052bcc29f0521616c651fd724,423,5.50602092134062,457.9779453277588,44,40,120
hardened,2,j-reversible-sp-unigram-48k,kakikudashi,sha256:53b872d73a6192e043450ba20360d3e4d9b75c0052bcc29f0521616c651fd724,423,3.8144393748341563,626.6203918457031,66,79,237
hardened,2,j-reversible-sp-unigram-48k,kanbun,sha256:7a34a37b12054d7fa4ce61c1cf5920cafb4d63fddd120fb8e58151f4b3feb9e7,426,5.267392780425032,438.12941455841064,43,40,120
hardened,2,j-reversible-sp-unigram-48k,kakikudashi,sha256:7a34a37b12054d7fa4ce61c1cf5920cafb4d63fddd120fb8e58151f4b3feb9e7,426,3.6689307742889814,534.0528945922852,55,70,210
hardened,2,j-reversible-sp-unigram-48k,kanbun,sha256:23883f684e4e07d2ffcf7a499f89df0e6d4a5e592975ff6ed214a767b5c45e22,429,4.98539994788703,414.6739101409912,41,40,120
hardened,2,j-reversible-sp-unigram-48k,kakikudashi,sha256:23883f684e4e07d2ffcf7a499f89df0e6d4a5e592975ff6ed214a767b5c45e22,429,3.3255485414317514,497.9004325866699,49,72,216
hardened,2,j-reversible-sp-unigram-48k,kanbun,sha256:ccc9c81db1f2ea352c540648950e1a5c65f06ce3b85909053d54381535a692e2,436,5.457173869963593,453.91496181488037,42,40,120
hardened,2,j-reversible-sp-unigram-48k,kakikudashi,sha256:ccc9c81db1f2ea352c540648950e1a5c65f06ce3b85909053d54381535a692e2,436,3.715680959377656,625.8498487472534,67,81,243
hardened,2,j-reversible-sp-unigram-48k,kanbun,sha256:047f1b9da4dc52b1f0640ab779855f6399ba998550e786f75c07895c9af07126,437,5.147646259591644,428.1691789627075,41,40,120
hardened,2,j-reversible-sp-unigram-48k,kakikudashi,sha256:047f1b9da4dc52b1f0640ab779855f6399ba998550e786f75c07895c9af07126,437,3.655943601046947,532.1624698638916,55,70,210
hardened,2,j-reversible-sp-unigram-48k,kanbun,sha256:deeae97473f0b6a0d94f32b8565a2da16c3e250a893989841cb9db262bcb7734,439,5.805121074539127,482.85639667510986,48,40,120
hardened,2,j-reversible-sp-unigram-48k,kakikudashi,sha256:deeae97473f0b6a0d94f32b8565a2da16c3e250a893989841cb9db262bcb7734,439,4.117918647293622,556.5931215286255,58,65,195
hardened,2,j-reversible-sp-unigram-48k,kanbun,sha256:a589e84cb0da2b4c9873494744fc8736c80ad02cb4b4baf06b01fe914b717b6d,440,5.272359100502977,438.54250144958496,42,40,120
hardened,2,j-reversible-sp-unigram-48k,kakikudashi,sha256:a589e84cb0da2b4c9873494744fc8736c80ad02cb4b4baf06b01fe914b717b6d,440,3.5392165449024815,610.8462944030762,63,83,249
hardened,2,j-reversible-sp-unigram-48k,kanbun,sha256:7641a1d99f4648efd15474b93e0b1c3f253b4d31e7162144906d86dc2ce90e9c,441,4.856518339242863,403.953839302063,40,40,120
hardened,2,j-reversible-sp-unigram-48k,kakikudashi,sha256:7641a1d99f4648efd15474b93e0b1c3f253b4d31e7162144906d86dc2ce90e9c,441,3.4530231579044313,495.44482612609863,50,69,207
hardened,2,j-reversible-sp-unigram-48k,kanbun,sha256:a494064f65e52dd692b11209728d4b7028c190d3d48ed56a840974f58b575f91,442,5.178004648587457,430.6943187713623,43,40,120
hardened,2,j-reversible-sp-unigram-48k,kakikudashi,sha256:a494064f65e52dd692b11209728d4b7028c190d3d48ed56a840974f58b575f91,442,3.753642247418845,507.35617542266846,55,65,195
hardened,2,j-reversible-sp-unigram-48k,kanbun,sha256:18f07002c7a37f01ea651fbaf534cff60d57121308d7d68f6421a764e2c09690,443,5.2619710846841325,437.6784505844116,41,40,120
hardened,2,j-reversible-sp-unigram-48k,kakikudashi,sha256:18f07002c7a37f01ea651fbaf534cff60d57121308d7d68f6421a764e2c09690,443,4.094666467807807,502.3625535964966,50,59,177
hardened,2,j-reversible-sp-unigram-48k,kanbun,sha256:576f1acfc7eaffa338e4267aef0129bc665e4aaae5cd8f232f18aefac39ee30d,444,5.348598195579246,444.88389110565186,42,40,120
hardened,2,j-reversible-sp-unigram-48k,kakikudashi,sha256:576f1acfc7eaffa338e4267aef0129bc665e4aaae5cd8f232f18aefac39ee30d,444,3.8353707476319383,526.3783311843872,52,66,198
hardened,2,j-reversible-sp-unigram-48k,kanbun,sha256:2c4e47329c09ed5b2b522e6d700c1c1d4818da1c29be790db92b3222930ff699,445,6.159047932437,512.295205116272,51,40,120
hardened,2,j-reversible-sp-unigram-48k,kakikudashi,sha256:2c4e47329c09ed5b2b522e6d700c1c1d4818da1c29be790db92b3222930ff699,445,4.162934166925897,649.2433681488037,69,75,225
hardened,2,j-reversible-sp-unigram-48k,kanbun,sha256:d2b31d3ae5b88e3b425bde5fbbb1bf89b6d035c0498e983e3301a9c85b5ca961,448,4.5445502606586405,378.0050640106201,36,40,120
hardened,2,j-reversible-sp-unigram-48k,kakikudashi,sha256:d2b31d3ae5b88e3b425bde5fbbb1bf89b6d035c0498e983e3301a9c85b5ca961,448,3.8003315004639604,450.4463300704956,46,57,171
hardened,2,j-reversible-sp-unigram-48k,kanbun,sha256:43b4dc0dc7976fa1b2c164b2340b1a088902ac66e0d6c96a0c4afff103c83188,449,5.1853781295709584,431.3076276779175,41,40,120
hardened,2,j-reversible-sp-unigram-48k,kakikudashi,sha256:43b4dc0dc7976fa1b2c164b2340b1a088902ac66e0d6c96a0c4afff103c83188,449,3.502106913407262,502.48743534088135,53,69,207
hardened,2,j-reversible-sp-unigram-48k,kanbun,sha256:664d8903ee8f792be469f73fddebc23c9d2aacb3f5915af4817d1af3ada3ae28,451,5.564898849363711,462.8752737045288,46,40,120
hardened,2,j-reversible-sp-unigram-48k,kakikudashi,sha256:664d8903ee8f792be469f73fddebc23c9d2aacb3f5915af4817d1af3ada3ae28,451,3.9116829450631356,585.6563529968262,60,72,216
hardened,2,j-reversible-sp-unigram-48k,kanbun,sha256:99c99adc100864ccb18d6c712779e221ef8572ad8b77f882871db5f0b874276f,452,5.436981639167012,452.23541927337646,43,40,120
hardened,2,j-reversible-sp-unigram-48k,kakikudashi,sha256:99c99adc100864ccb18d6c712779e221ef8572ad8b77f882871db5f0b874276f,452,3.997134971746332,507.02031898498535,51,61,183
hardened,2,j-reversible-sp-unigram-48k,kanbun,sha256:e65acc3e8061934a0c62c305c17268fbc60b310408b70342c2143c1e8c5c560f,453,4.926006828635015,409.7337293624878,39,40,120
hardened,2,j-reversible-sp-unigram-48k,kakikudashi,sha256:e65acc3e8061934a0c62c305c17268fbc60b310408b70342c2143c1e8c5c560f,453,3.6732533633047475,534.6820945739746,55,70,210
hardened,2,j-reversible-sp-unigram-48k,kanbun,sha256:242d5791d033e4b7e594f665ba60730c72ae304ce3b6323775cb24d9a83496f4,454,6.334671960501016,526.9032011032104,52,40,120
hardened,2,j-reversible-sp-unigram-48k,kakikudashi,sha256:242d5791d033e4b7e594f665ba60730c72ae304ce3b6323775cb24d9a83496f4,454,4.663167956164826,630.2910356521606,64,65,195
hardened,2,j-reversible-sp-unigram-48k,kanbun,sha256:44cc0ad740218e58f85db210af55c17bb69d0a0291854e659300fa09c5f32d3c,455,6.1119791931354035,508.3801374435425,49,40,120
hardened,2,j-reversible-sp-unigram-48k,kakikudashi,sha256:44cc0ad740218e58f85db210af55c17bb69d0a0291854e659300fa09c5f32d3c,455,5.073613057694077,559.1649332046509,54,53,159
hardened,2,j-reversible-sp-unigram-48k,kanbun,sha256:90c1cea75f187a7e60b0aae7fbef4eb659d55b3cd2023bfb6ecdec66f666ed71,456,4.467969218210416,371.6352319717407,37,40,120
hardened,2,j-reversible-sp-unigram-48k,kakikudashi,sha256:90c1cea75f187a7e60b0aae7fbef4eb659d55b3cd2023bfb6ecdec66f666ed71,456,3.6408732418795555,484.5429162979126,51,64,192
hardened,2,j-reversible-sp-unigram-48k,kanbun,sha256:576b5a3e807326353c941ec3d06115e0aeb408e76137f9176f359c969c882d9f,3,5.0452687826168425,419.65365982055664,40,40,120
hardened,2,j-reversible-sp-unigram-48k,kakikudashi,sha256:576b5a3e807326353c941ec3d06115e0aeb408e76137f9176f359c969c882d9f,3,3.5957413563823586,538.3536443710327,56,72,216
hardened,2,j-reversible-sp-unigram-48k,kanbun,sha256:e8c4f39600a3effaedbaaec139b9ecb10ca130bad351f3fa36b39ceff6da4bce,5,6.053015376976472,503.47566509246826,50,40,120
hardened,2,j-reversible-sp-unigram-48k,kakikudashi,sha256:e8c4f39600a3effaedbaaec139b9ecb10ca130bad351f3fa36b39ceff6da4bce,5,4.200083231203909,602.6341009140015,64,69,207
hardened,2,j-reversible-sp-unigram-48k,kanbun,sha256:09d039812ec2a4e20cb1a76fe5d431e21ba67b10da0e9d3a3cf5dbdb986731cc,6,5.383701608843385,447.8037109375,44,40,120
hardened,2,j-reversible-sp-unigram-48k,kakikudashi,sha256:09d039812ec2a4e20cb1a76fe5d431e21ba67b10da0e9d3a3cf5dbdb986731cc,6,3.825998462955998,509.1801691055298,55,64,192
hardened,2,j-reversible-sp-unigram-48k,kanbun,sha256:fdc0dee80fbcfa7803520c3778a9f84e04873ebf07beba85d4f120e7a59acd6e,7,5.088596085210959,423.25752353668213,41,40,120
hardened,2,j-reversible-sp-unigram-48k,kakikudashi,sha256:fdc0dee80fbcfa7803520c3778a9f84e04873ebf07beba85d4f120e7a59acd6e,7,3.5952413893882262,553.230978012085,59,74,222
hardened,2,j-reversible-sp-unigram-48k,kanbun,sha256:a8a38304dee792315f059cf77319a599c0d5e78876b90f96ad189a05f585bda8,8,5.348402926477457,444.86764907836914,43,40,120
hardened,2,j-reversible-sp-unigram-48k,kakikudashi,sha256:a8a38304dee792315f059cf77319a599c0d5e78876b90f96ad189a05f585bda8,8,3.9875123343328926,580.4259157180786,64,70,210
hardened,2,j-reversible-sp-unigram-48k,kanbun,sha256:c934a565300ae1211deca5d427aa9aeeb66262182c4b223b1dca794ef47e07c7,9,5.749702164779779,478.24678134918213,47,40,120
hardened,2,j-reversible-sp-unigram-48k,kakikudashi,sha256:c934a565300ae1211deca5d427aa9aeeb66262182c4b223b1dca794ef47e07c7,9,4.141107200087873,576.9497528076172,58,67,201
hardened,2,j-reversible-sp-unigram-48k,kanbun,sha256:842b479765cf1914d872b780eb0bc3b2329f0e959678a68fde4c8b43d6269dcd,10,5.532803653438875,460.2056703567505,46,40,120
hardened,2,j-reversible-sp-unigram-48k,kakikudashi,sha256:842b479765cf1914d872b780eb0bc3b2329f0e959678a68fde4c8b43d6269dcd,10,3.863215620370042,538.2331800460815,57,67,201
hardened,2,j-reversible-sp-unigram-48k,kanbun,sha256:bfe392a90f0f5060e4f9144835d49827ecbf01061f920f1c4311a947b673896e,11,5.2984533745843185,440.71296215057373,43,40,120
hardened,2,j-reversible-sp-unigram-48k,kakikudashi,sha256:bfe392a90f0f5060e4f9144835d49827ecbf01061f920f1c4311a947b673896e,11,3.5706640134224683,556.8740310668945,55,75,225
hardened,2,j-reversible-sp-unigram-48k,kanbun,sha256:020128f8b3c10b1a88298732fd7044939179a2ad1a5720a7192c9d4c3a199c7c,12,4.79684066896224,398.989990234375,38,40,120
hardened,2,j-reversible-sp-unigram-48k,kakikudashi,sha256:020128f8b3c10b1a88298732fd7044939179a2ad1a5720a7192c9d4c3a199c7c,12,3.5184814586526687,490.2039260864258,51,67,201
hardened,2,j-reversible-sp-unigram-48k,kanbun,sha256:b005d498034beea2fadc3c11572ab640c1781afa24ba01c9cc0033b0d7da295d,14,5.903586829051073,491.0465478897095,47,40,120
hardened,2,j-reversible-sp-unigram-48k,kakikudashi,sha256:b005d498034beea2fadc3c11572ab640c1781afa24ba01c9cc0033b0d7da295d,14,4.887548444972976,569.1487913131714,57,56,168
hardened,2,j-reversible-sp-unigram-48k,kanbun,sha256:52e6ff2ebca7434e960930b3c3ff47831b4850878d330dc984505295db4f26cb,15,4.698439052513555,390.80517387390137,40,40,120
hardened,2,j-reversible-sp-unigram-48k,kakikudashi,sha256:52e6ff2ebca7434e960930b3c3ff47831b4850878d330dc984505295db4f26cb,15,3.3136137951281737,475.4421663284302,50,69,207
hardened,2,j-reversible-sp-unigram-48k,kanbun,sha256:af88e18af6d83b22c097877ae06d8937db881c08bc1b2b2ad7fb40a1c5b65e97,16,5.856840648943925,487.15830993652344,48,40,120
hardened,2,j-reversible-sp-unigram-48k,kakikudashi,sha256:af88e18af6d83b22c097877ae06d8937db881c08bc1b2b2ad7fb40a1c5b65e97,16,4.3495975643604154,569.8182334899902,59,63,189
hardened,2,j-reversible-sp-unigram-48k,kanbun,sha256:14324a49d3f719dd89ab20f537970d1c674b0f618ee968570befa307e3eda7e7,18,6.516395025691881,948.5323762893677,92,70,210
hardened,2,j-reversible-sp-unigram-48k,kakikudashi,sha256:14324a49d3f719dd89ab20f537970d1c674b0f618ee968570befa307e3eda7e7,18,4.164060404748974,1151.6363849639893,121,133,399
hardened,2,j-reversible-sp-unigram-48k,kanbun,sha256:68aebf919c78c13784ae7b632d9e92b1ff1bea5b8b0989f053ccd56250403ecb,19,5.789622370672447,963.1345014572144,92,80,240
hardened,2,j-reversible-sp-unigram-48k,kakikudashi,sha256:68aebf919c78c13784ae7b632d9e92b1ff1bea5b8b0989f053ccd56250403ecb,19,3.850584829152903,1225.081106185913,129,153,459
hardened,2,j-reversible-sp-unigram-48k,kanbun,sha256:cc27ddef95677ec9eb463798102c2354f2130cbc56071a2177a91ae7b9aefc4a,20,5.428285535161641,677.2681465148926,62,60,180
hardened,2,j-reversible-sp-unigram-48k,kakikudashi,sha256:cc27ddef95677ec9eb463798102c2354f2130cbc56071a2177a91ae7b9aefc4a,20,3.9749979915315845,843.1091470718384,87,102,306
hardened,2,j-reversible-sp-unigram-48k,kanbun,sha256:73edb947af3beac143cfdebb31d7523b1b18401541b334e7015702efaf7ebd34,21,6.734799552089172,1400.4621963500977,132,100,300
hardened,2,j-reversible-sp-unigram-48k,kakikudashi,sha256:73edb947af3beac143cfdebb31d7523b1b18401541b334e7015702efaf7ebd34,21,4.765754672194349,1694.6285095214844,173,171,513
hardened,2,j-reversible-sp-unigram-48k,kanbun,sha256:3fffd90875d90dc35dbd966d90f54ce00bbfbb7829f3f95502729d16650f5f1f,22,5.441108393449158,678.8680095672607,66,60,180
hardened,2,j-reversible-sp-unigram-48k,kakikudashi,sha256:3fffd90875d90dc35dbd966d90f54ce00bbfbb7829f3f95502729d16650f5f1f,22,4.225259994975034,861.0457534790039,86,98,294
hardened,2,j-reversible-sp-unigram-48k,kanbun,sha256:b9a53ac9e217bd800e645c8bca49dbe915fce5fba61572ef4c50a712ef3a1066,23,5.9694786911277715,744.7909183502197,71,60,180
hardened,2,j-reversible-sp-unigram-48k,kakikudashi,sha256:b9a53ac9e217bd800e645c8bca49dbe915fce5fba61572ef4c50a712ef3a1066,23,4.179125481742246,929.8564434051514,96,107,321
hardened,2,j-reversible-sp-unigram-48k,kanbun,sha256:716e6145ba21fa5c3b0d5db778735b0d8988bf2a749f2e0de60cc468f1378b65,25,5.313780777997983,883.9757194519043,85,80,240
hardened,2,j-reversible-sp-unigram-48k,kakikudashi,sha256:716e6145ba21fa5c3b0d5db778735b0d8988bf2a749f2e0de60cc468f1378b65,25,3.9206172909019914,1141.3772249221802,119,140,420
hardened,2,j-reversible-sp-unigram-48k,kanbun,sha256:6f89247232a2b11cea5ccdf85bd932df82ab69435f3eec04f25ac1bba656f859,26,5.167708826934985,644.7569046020508,63,60,180
hardened,2,j-reversible-sp-unigram-48k,kakikudashi,sha256:6f89247232a2b11cea5ccdf85bd932df82ab69435f3eec04f25ac1bba656f859,26,3.6735628370763598,763.8959169387817,78,100,300
hardened,2,j-reversible-sp-unigram-48k,kanbun,sha256:f7732e38e3d5df7c26964f7f953e6d7b75ed26189a22198e7c583a46218dc67e,27,6.245552381483681,779.2356643676758,74,60,180
hardened,2,j-reversible-sp-unigram-48k,kakikudashi,sha256:f7732e38e3d5df7c26964f7f953e6d7b75ed26189a22198e7c583a46218dc67e,27,4.481345179743333,885.2760562896729,90,95,285
hardened,2,j-reversible-sp-unigram-48k,kanbun,sha256:d4bd1b238fe19ce2b1c10ada1b991a2659823e00688c60440fba173421070394,28,5.471163133698445,682.6178340911865,67,60,180
hardened,2,j-reversible-sp-unigram-48k,kakikudashi,sha256:d4bd1b238fe19ce2b1c10ada1b991a2659823e00688c60440fba173421070394,28,4.156648838456823,847.0638103485107,91,98,294
hardened,2,j-reversible-sp-unigram-48k,kanbun,sha256:ba578fca09a318ec898554b9a4d71dec3f6c5a6d409a07fe0420a52fd5717a46,29,6.103401688366068,761.500020980835,72,60,180
hardened,2,j-reversible-sp-unigram-48k,kakikudashi,sha256:ba578fca09a318ec898554b9a4d71dec3f6c5a6d409a07fe0420a52fd5717a46,29,4.241632946067928,908.4834585189819,95,103,309
hardened,2,j-reversible-sp-unigram-48k,kanbun,sha256:f51c22f523276eec61cf985b16730a208de83fa205dac77c23d3b897cba3c30c,30,5.350935399675187,890.1565885543823,84,80,240
hardened,2,j-reversible-sp-unigram-48k,kakikudashi,sha256:f51c22f523276eec61cf985b16730a208de83fa205dac77c23d3b897cba3c30c,30,3.794630333639827,1128.3718090057373,120,143,429
hardened,2,j-reversible-sp-unigram-48k,kanbun,sha256:9041b17768938557a357cbd5969d7c97e472be37c02dfacb62b84613ad7fc3b0,32,5.235958131643793,653.2721309661865,64,60,180
hardened,2,j-reversible-sp-unigram-48k,kakikudashi,sha256:9041b17768938557a357cbd5969d7c97e472be37c02dfacb62b84613ad7fc3b0,32,3.556032281118899,842.9799823760986,90,114,342
hardened,2,j-reversible-sp-unigram-48k,kanbun,sha256:e3c6c86636a5116453905972b2ec9122d53da663799d40647a67cfb178febb51,33,5.833998738773051,727.8875598907471,70,60,180
hardened,2,j-reversible-sp-unigram-48k,kakikudashi,sha256:e3c6c86636a5116453905972b2ec9122d53da663799d40647a67cfb178febb51,33,4.296414550951575,857.6777181625366,86,96,288
hardened,2,j-reversible-sp-unigram-48k,kanbun,sha256:2fbdd594647ea710caa5eca32f66de189557e9d688a66d828b507fb8adc273a8,34,5.312834659395383,662.8637456893921,64,60,180
hardened,2,j-reversible-sp-unigram-48k,kakikudashi,sha256:2fbdd594647ea710caa5eca32f66de189557e9d688a66d828b507fb8adc273a8,34,3.970815029974178,817.4506950378418,85,99,297
hardened,2,j-reversible-sp-unigram-48k,kanbun,sha256:8aa6505fb46f6707f1d9f09be6acb7e3d3ea8b344f8ae326dbc0050c43bb7126,36,5.460100378345469,908.3167638778687,87,80,240
hardened,2,j-reversible-sp-unigram-48k,kakikudashi,sha256:8aa6505fb46f6707f1d9f09be6acb7e3d3ea8b344f8ae326dbc0050c43bb7126,36,4.054696750108149,1104.5271368026733,113,131,393
hardened,2,j-reversible-sp-unigram-48k,kanbun,sha256:4eab4f6a47bc17954d8967f65446263c30e76916a868f337a5d21b3d238c4eec,39,5.849631908230767,729.8380556106567,70,60,180
hardened,2,j-reversible-sp-unigram-48k,kakikudashi,sha256:4eab4f6a47bc17954d8967f65446263c30e76916a868f337a5d21b3d238c4eec,39,4.260743371569852,815.1169424057007,84,92,276
hardened,2,j-reversible-sp-unigram-48k,kanbun,sha256:63011cb7cdcc860576607532cbf6a2cd6f13cc9f5850ab1e0b846b4227eb7a9d,40,5.940399153658264,741.162766456604,72,60,180
hardened,2,j-reversible-sp-unigram-48k,kakikudashi,sha256:63011cb7cdcc860576607532cbf6a2cd6f13cc9f5850ab1e0b846b4227eb7a9d,40,4.456263538119718,852.5216360092163,86,92,276
hardened,2,j-reversible-sp-unigram-48k,kanbun,sha256:74256a33b79a592140f1b077ea6b0f9ce01476bc9afb93f97b519af3fd1f1c04,41,5.015545548481686,625.7720260620117,62,60,180
hardened,2,j-reversible-sp-unigram-48k,kakikudashi,sha256:74256a33b79a592140f1b077ea6b0f9ce01476bc9afb93f97b519af3fd1f1c04,41,3.7255951694284324,805.7043657302856,83,104,312
hardened,2,j-reversible-sp-unigram-48k,kanbun,sha256:1139b20de4b4b769f75cf3054f0a0e14ca97c16112d7add058de09072b65be3e,42,5.526364458651594,689.5051097869873,66,60,180
hardened,2,j-reversible-sp-unigram-48k,kakikudashi,sha256:1139b20de4b4b769f75cf3054f0a0e14ca97c16112d7add058de09072b65be3e,42,3.7929248755247738,891.2497072219849,96,113,339
hardened,2,j-reversible-sp-unigram-48k,kanbun,sha256:7849fbfe1e04137df259356a4e3486f5acd5bfbf751f1f15a90d04cdb0ef6c38,43,5.617995253811012,934.5834169387817,89,80,240
hardened,2,j-reversible-sp-unigram-48k,kakikudashi,sha256:7849fbfe1e04137df259356a4e3486f5acd5bfbf751f1f15a90d04cdb0ef6c38,43,3.800086035739087,1280.1331958770752,135,162,486
hardened,2,j-reversible-sp-unigram-48k,kanbun,sha256:dc0c30d0c0091b28fc06daa34a125806b198647182e2c7c67593150039f72405,44,5.47328498685173,682.8825702667236,65,60,180
hardened,2,j-reversible-sp-unigram-48k,kakikudashi,sha256:dc0c30d0c0091b28fc06daa34a125806b198647182e2c7c67593150039f72405,44,3.8760136758300123,822.1142730712891,85,102,306
hardened,2,j-reversible-sp-unigram-48k,kanbun,sha256:cb15cb3e4f5e05908b053e5659f65ef7068a60c5f48aaf2a07171f666261f07c,45,5.940916423966346,741.2273044586182,70,60,180
hardened,2,j-reversible-sp-unigram-48k,kakikudashi,sha256:cb15cb3e4f5e05908b053e5659f65ef7068a60c5f48aaf2a07171f666261f07c,45,3.851574870749851,977.113224029541,101,122,366
hardened,2,j-reversible-sp-unigram-48k,kanbun,sha256:cdfbf93503b9dcbdf078c8c29fdc90e3789c3a11094452f293bc3e7c23138ace,47,6.072350503568702,1515.2517471313477,144,120,360
hardened,2,j-reversible-sp-unigram-48k,kakikudashi,sha256:cdfbf93503b9dcbdf078c8c29fdc90e3789c3a11094452f293bc3e7c23138ace,47,4.523783634821159,1796.726230621338,187,191,573
hardened,2,j-reversible-sp-unigram-48k,kanbun,sha256:7f560c618484b1f6273fe48b47723bbca6bc26c545fea86f931926dc9e7d49ac,48,5.627093841170523,702.0727615356445,67,60,180
hardened,2,j-reversible-sp-unigram-48k,kakikudashi,sha256:7f560c618484b1f6273fe48b47723bbca6bc26c545fea86f931926dc9e7d49ac,48,4.253152177000873,813.6646814346313,81,92,276
hardened,2,j-reversible-sp-unigram-48k,kanbun,sha256:c0197a892648a76c96d8428f90c27fd452c53e9b8255595d376c1b97dc317409,49,5.473854058334251,682.9535713195801,64,60,180
hardened,2,j-reversible-sp-unigram-48k,kakikudashi,sha256:c0197a892648a76c96d8428f90c27fd452c53e9b8255595d376c1b97dc317409,49,4.0306934978634015,838.1591501235962,85,100,300
hardened,2,j-reversible-sp-unigram-48k,kanbun,sha256:d5d02df795847ddd1913057e38c128f8a369e51f74a5e7d1c1670669cd4d47c3,50,5.431151362331539,677.6257057189941,62,60,180
hardened,2,j-reversible-sp-unigram-48k,kakikudashi,sha256:d5d02df795847ddd1913057e38c128f8a369e51f74a5e7d1c1670669cd4d47c3,50,3.3926108350668724,811.2946290969849,79,115,345
hardened,2,j-reversible-sp-unigram-48k,kanbun,sha256:2f8b16cbf223ba393f66e57ce4132eb505228eec334fc99d2254f56ab2396114,51,5.706357136507114,711.9621648788452,69,60,180
hardened,2,j-reversible-sp-unigram-48k,kakikudashi,sha256:2f8b16cbf223ba393f66e57ce4132eb505228eec334fc99d2254f56ab2396114,51,4.137139496559135,903.308671951294,95,105,315
hardened,2,j-reversible-sp-unigram-48k,kanbun,sha256:6b40e3e1b9e4e20cdbb9227a00793e5dbb63587ee72badf3eff64a8b1d6cf894,52,6.1071818700895015,1269.9527683258057,120,100,300
hardened,2,j-reversible-sp-unigram-48k,kakikudashi,sha256:6b40e3e1b9e4e20cdbb9227a00793e5dbb63587ee72badf3eff64a8b1d6cf894,52,4.360673154057732,1468.9779148101807,148,162,486
hardened,2,j-reversible-sp-unigram-48k,kanbun,sha256:f53d5e68d3de433f750c42d52c09f5d7466f63d48e13b7828336d7ea759f93f2,53,6.193171447522001,1802.9673175811768,175,140,420
hardened,2,j-reversible-sp-unigram-48k,kakikudashi,sha256:f53d5e68d3de433f750c42d52c09f5d7466f63d48e13b7828336d7ea759f93f2,53,4.56451397670568,2135.618995666504,221,225,675
hardened,2,j-reversible-sp-unigram-48k,kanbun,sha256:9bf6479e7cc4d3c98d505c2039fa6033e137109bd63fd4c3b7218c7bf69a0cca,54,5.820403089820311,726.1912784576416,69,60,180
hardened,2,j-reversible-sp-unigram-48k,kakikudashi,sha256:9bf6479e7cc4d3c98d505c2039fa6033e137109bd63fd4c3b7218c7bf69a0cca,54,4.0674223916581465,879.6285772323608,91,104,312
hardened,2,j-reversible-sp-unigram-48k,kanbun,sha256:35d08bcae4fcfc8158e0855d1478be567a904a3f7f38df896db3ad437458803c,55,5.4457692226552945,679.4495248794556,67,60,180
hardened,2,j-reversible-sp-unigram-48k,kakikudashi,sha256:35d08bcae4fcfc8158e0855d1478be567a904a3f7f38df896db3ad437458803c,55,3.945279138624654,812.1937561035156,85,99,297
hardened,2,j-reversible-sp-unigram-48k,kanbun,sha256:298485587949427333759e44d9c0b7e59024d7647b978fabdf21f7f1dfa6a7d9,56,5.090052017718266,635.0679368972778,64,60,180
hardened,2,j-reversible-sp-unigram-48k,kakikudashi,sha256:298485587949427333759e44d9c0b7e59024d7647b978fabdf21f7f1dfa6a7d9,56,3.5676649211004374,771.550066947937,82,104,312
hardened,2,j-reversible-sp-unigram-48k,kanbun,sha256:306c9b8a4fb6b813795898a24d4605bd3265be75cd16d93758a84e823765880a,58,5.683349349069483,945.455418586731,90,80,240
hardened,2,j-reversible-sp-unigram-48k,kakikudashi,sha256:306c9b8a4fb6b813795898a24d4605bd3265be75cd16d93758a84e823765880a,58,4.259263659126397,1169.1094522476196,122,132,396
hardened,2,j-reversible-sp-unigram-48k,kanbun,sha256:6a2df9cbdc6d033db05e6dabc548c93b3d69c51f5d6c203b158583edf3633030,59,6.333087652499431,790.157133102417,75,60,180
hardened,2,j-reversible-sp-unigram-48k,kakikudashi,sha256:6a2df9cbdc6d033db05e6dabc548c93b3d69c51f5d6c203b158583edf3633030,59,4.6010434412269525,947.1924858093262,96,99,297
hardened,2,j-reversible-sp-unigram-48k,kanbun,sha256:3d332731f95bcc5133c1a66add2fc39b382da16cd685415de6101cd3c3005ac0,60,4.924944491800636,614.4680500030518,61,60,180
hardened,2,j-reversible-sp-unigram-48k,kakikudashi,sha256:3d332731f95bcc5133c1a66add2fc39b382da16cd685415de6101cd3c3005ac0,60,3.4974807012821345,814.5543460845947,88,112,336
hardened,2,j-reversible-sp-unigram-48k,kanbun,sha256:092f3bba9e87a548540fab399de7b9c81e9f60b800024f6393f1518223e8964a,61,5.66070023554505,659.1813325881958,64,56,168
hardened,2,j-reversible-sp-unigram-48k,kakikudashi,sha256:092f3bba9e87a548540fab399de7b9c81e9f60b800024f6393f1518223e8964a,61,4.529488417470335,744.0857038497925,77,79,237
hardened,2,j-reversible-sp-unigram-48k,kanbun,sha256:f3ae1158ed0f603adf43e7a42a70db40ab06d5864a1c56e37ce48a2610744fce,62,4.934127055012703,574.572811126709,58,56,168
hardened,2,j-reversible-sp-unigram-48k,kakikudashi,sha256:f3ae1158ed0f603adf43e7a42a70db40ab06d5864a1c56e37ce48a2610744fce,62,3.4977296045385375,698.2391271591187,73,96,288
hardened,2,j-reversible-sp-unigram-48k,kanbun,sha256:2b96722eaa469cc87b4fbe7a52188aea35ff66ac224c0038f9242ac264d4e90b,63,5.589720833466359,650.9158716201782,62,56,168
hardened,2,j-reversible-sp-unigram-48k,kakikudashi,sha256:2b96722eaa469cc87b4fbe7a52188aea35ff66ac224c0038f9242ac264d4e90b,63,3.7491879533098396,803.0103693008423,82,103,309
hardened,2,j-reversible-sp-unigram-48k,kanbun,sha256:6b191920129e9080079f2f454a04825fb630550c5cb7cc4c2aa4abb4754c9223,64,5.617911672699588,654.1986589431763,62,56,168
hardened,2,j-reversible-sp-unigram-48k,kakikudashi,sha256:6b191920129e9080079f2f454a04825fb630550c5cb7cc4c2aa4abb4754c9223,64,3.736100155030131,862.3592071533203,90,111,333
hardened,2,j-reversible-sp-unigram-48k,kanbun,sha256:ee2d139e384ade129e4410c078eddd0b0fdbfee9b17e574958a19fcd3524ff29,66,4.831703819187262,562.6457557678223,55,56,168
hardened,2,j-reversible-sp-unigram-48k,kakikudashi,sha256:ee2d139e384ade129e4410c078eddd0b0fdbfee9b17e574958a19fcd3524ff29,66,3.4082072110637105,737.0654363632202,74,104,312
hardened,2,j-reversible-sp-unigram-48k,kanbun,sha256:2f1e412ee51c6c28b903b97ec6fc751ad010531e7a8825de8e3d20155a8ab97b,67,6.873422082164526,800.4012470245361,76,56,168
hardened,2,j-reversible-sp-unigram-48k,kakikudashi,sha256:2f1e412ee51c6c28b903b97ec6fc751ad010531e7a8825de8e3d20155a8ab97b,67,4.650741099377878,996.1072568893433,101,103,309
hardened,2,j-reversible-sp-unigram-48k,kanbun,sha256:836210e3506f400dd5fdfa5f079e477f47d803a071ee87f1a0fb6f8c8bf5a35d,69,6.410366099884251,746.478967666626,73,56,168
hardened,2,j-reversible-sp-unigram-48k,kakikudashi,sha256:836210e3506f400dd5fdfa5f079e477f47d803a071ee87f1a0fb6f8c8bf5a35d,69,4.462064248138465,862.9099636077881,89,93,279
hardened,2,j-reversible-sp-unigram-48k,kanbun,sha256:e846ecba029d25a904a4a21ca0a158ae1a8e1cfff495b6138d32badff905dd2e,70,5.477654718768991,637.8659152984619,63,56,168
hardened,2,j-reversible-sp-unigram-48k,kakikudashi,sha256:e846ecba029d25a904a4a21ca0a158ae1a8e1cfff495b6138d32badff905dd2e,70,3.7649554389253312,837.7035074234009,88,107,321
hardened,2,j-reversible-sp-unigram-48k,kanbun,sha256:2791b779813ad457e83b2013d982eb2462c9282632bd2e8b5dd486479cf37f9c,71,6.115914259376734,712.1904258728027,70,56,168
hardened,2,j-reversible-sp-unigram-48k,kakikudashi,sha256:2791b779813ad457e83b2013d982eb2462c9282632bd2e8b5dd486479cf37f9c,71,4.671293400643757,786.8082056045532,81,81,243
hardened,2,j-reversible-sp-unigram-48k,kanbun,sha256:effee488fe7322a551a8f8da77db78a2ba44d4f04b40de58634b78b28e3c8a3e,72,5.072315467135922,590.6646757125854,59,56,168
hardened,2,j-reversible-sp-unigram-48k,kakikudashi,sha256:effee488fe7322a551a8f8da77db78a2ba44d4f04b40de58634b78b28e3c8a3e,72,3.5254289863527264,740.4232721328735,78,101,303
hardened,2,j-reversible-sp-unigram-48k,kanbun,sha256:9e72c8e6bffc21b2b402138bd9fee0e27ae7f4efe92b34c17be189343a2d271e,73,5.830171944619052,848.6451215744019,81,70,210
hardened,2,j-reversible-sp-unigram-48k,kakikudashi,sha256:9e72c8e6bffc21b2b402138bd9fee0e27ae7f4efe92b34c17be189343a2d271e,73,3.9185082036317223,1116.3182973861694,120,137,411
hardened,2,j-reversible-sp-unigram-48k,kanbun,sha256:80624182daba6ae8e572a966c20af429593ffd8ce3013db390abaad669ee7623,74,6.247417075257863,727.5037612915039,70,56,168
hardened,2,j-reversible-sp-unigram-48k,kakikudashi,sha256:80624182daba6ae8e572a966c20af429593ffd8ce3013db390abaad669ee7623,74,4.300071880526939,921.000054359436,99,103,309
hardened,2,j-reversible-sp-unigram-48k,kanbun,sha256:102a3b6cc15262e788c50b823938622352b53ddc1e4b65c76ef74165c855ff86,75,5.564907651599575,648.0264081954956,62,56,168
hardened,2,j-reversible-sp-unigram-48k,kakikudashi,sha256:102a3b6cc15262e788c50b823938622352b53ddc1e4b65c76ef74165c855ff86,75,4.003732883450703,782.5996770858765,82,94,282
hardened,2,j-reversible-sp-unigram-48k,kanbun,sha256:4beb3ad4926d35254e0e20d481ad552b3b4516da6d341d5a3a713db3c81b05e2,76,5.067654262297837,590.1218843460083,57,56,168
hardened,2,j-reversible-sp-unigram-48k,kakikudashi,sha256:4beb3ad4926d35254e0e20d481ad552b3b4516da6d341d5a3a713db3c81b05e2,76,3.448115036935847,673.9944429397583,72,94,282
hardened,2,j-reversible-sp-unigram-48k,kanbun,sha256:acc9ade9c5a940192e29f2d9b6f986e27d152000e3e3e618ab8033042b2b1ee0,77,5.097363405321133,593.5814762115479,56,56,168
hardened,2,j-reversible-sp-unigram-48k,kakikudashi,sha256:acc9ade9c5a940192e29f2d9b6f986e27d152000e3e3e618ab8033042b2b1ee0,77,3.9790842262515604,728.1360273361206,71,88,264
hardened,2,j-reversible-sp-unigram-48k,kanbun,sha256:3514e4432dcb410c323e2e2f0b109585247fd62ae99c2edf6cd5ac9cb48a94e9,79,5.330625587616071,620.7445602416992,61,56,168
hardened,2,j-reversible-sp-unigram-48k,kakikudashi,sha256:3514e4432dcb410c323e2e2f0b109585247fd62ae99c2edf6cd5ac9cb48a94e9,79,3.728605783059336,806.3554468154907,86,104,312
hardened,2,j-reversible-sp-unigram-48k,kanbun,sha256:3325b65e900b035579ffce0af5e1fd2450a467ffea82547d1ccddc1ff7c00752,80,5.133716295474809,597.8147239685059,60,56,168
hardened,2,j-reversible-sp-unigram-48k,kakikudashi,sha256:3325b65e900b035579ffce0af5e1fd2450a467ffea82547d1ccddc1ff7c00752,80,3.7947606298721452,733.8614091873169,78,93,279
hardened,2,j-reversible-sp-unigram-48k,kanbun,sha256:6d2d5d266b9729e0f7fbc0240908d4407256ddad3fbe26fd76c53de8840f5aa4,83,4.9139288965474215,572.2207612991333,55,56,168
hardened,2,j-reversible-sp-unigram-48k,kakikudashi,sha256:6d2d5d266b9729e0f7fbc0240908d4407256ddad3fbe26fd76c53de8840f5aa4,83,3.6948996347013234,683.8161735534668,71,89,267
hardened,2,j-reversible-sp-unigram-48k,kanbun,sha256:9343f79b875d47ecbc336596adf2e24267faa9b958452d867f9538bf14d5f344,85,5.826727553070282,678.5150022506714,66,56,168
hardened,2,j-reversible-sp-unigram-48k,kakikudashi,sha256:9343f79b875d47ecbc336596adf2e24267faa9b958452d867f9538bf14d5f344,85,4.0506770179089795,825.4683141708374,85,98,294
hardened,2,j-reversible-sp-unigram-48k,kanbun,sha256:ce0e91f3fd1b91d41b9e2204a342215638a15eb37422f50194a78aacb43d4676,86,5.839627955332202,680.017237663269,66,56,168
hardened,2,j-reversible-sp-unigram-48k,kakikudashi,sha256:ce0e91f3fd1b91d41b9e2204a342215638a15eb37422f50194a78aacb43d4676,86,4.271370821828197,826.0321311950684,86,93,279
hardened,2,j-reversible-sp-unigram-48k,kanbun,sha256:3dd05ced05ea77b91b31a785b91ba9a8a243174547ede65ccbc74f11fa6966fd,87,4.891190136656745,569.5728616714478,55,56,168
hardened,2,j-reversible-sp-unigram-48k,kakikudashi,sha256:3dd05ced05ea77b91b31a785b91ba9a8a243174547ede65ccbc74f11fa6966fd,87,3.4598361842887644,741.0362901687622,76,103,309
hardened,2,j-reversible-sp-unigram-48k,kanbun,sha256:65fb07962b0f9241c46f4f24a552e0c8f57d874c783b23e2ec54dfc8f50301c4,88,6.072036505834407,707.0809173583984,68,56,168
hardened,2,j-reversible-sp-unigram-48k,kakikudashi,sha256:65fb07962b0f9241c46f4f24a552e0c8f57d874c783b23e2ec54dfc8f50301c4,88,4.175719813782652,929.0986814498901,97,107,321
hardened,2,j-reversible-sp-unigram-48k,kanbun,sha256:26e0e0e71eda003e00cddf03f376008c27768df218ac24a870ddc65b54830c33,90,5.11566917316177,595.7131595611572,59,56,168
hardened,2,j-reversible-sp-unigram-48k,kakikudashi,sha256:26e0e0e71eda003e00cddf03f376008c27768df218ac24a870ddc65b54830c33,90,3.7270339260706,720.7638731002808,78,93,279
hardened,2,j-reversible-sp-unigram-48k,kanbun,sha256:ba91b580b20e56c784683b7baa4e66a902e4e7e592ddfdbc88c8d51605fd1ec5,91,5.468617530034804,636.8135461807251,63,56,168
hardened,2,j-reversible-sp-unigram-48k,kakikudashi,sha256:ba91b580b20e56c784683b7baa4e66a902e4e7e592ddfdbc88c8d51605fd1ec5,91,3.7893615686114583,740.6970510482788,80,94,282
hardened,2,j-reversible-sp-unigram-48k,kanbun,sha256:fec45e49c3d772566150b453ad25cbec4cecba5dbf83f3fdc235a75ce62cbe3c,92,5.52129960780205,642.9483070373535,63,56,168
hardened,2,j-reversible-sp-unigram-48k,kakikudashi,sha256:fec45e49c3d772566150b453ad25cbec4cecba5dbf83f3fdc235a75ce62cbe3c,92,3.620868049275569,813.1734113693237,84,108,324
hardened,2,j-reversible-sp-unigram-48k,kanbun,sha256:71516a7f45038ebc728f25af90284aff39adae186c0591887f7028310d41d67b,93,5.044971994613143,587.4805631637573,57,56,168
hardened,2,j-reversible-sp-unigram-48k,kakikudashi,sha256:71516a7f45038ebc728f25af90284aff39adae186c0591887f7028310d41d67b,93,3.89493947854247,728.9369058609009,74,90,270
hardened,2,j-reversible-sp-unigram-48k,kanbun,sha256:b74387bcb98180c4cb4e8324deba8f6f64ebdf842627f174b195877b7f851da9,94,5.326859970147879,620.306058883667,59,56,168
hardened,2,j-reversible-sp-unigram-48k,kakikudashi,sha256:b74387bcb98180c4cb4e8324deba8f6f64ebdf842627f174b195877b7f851da9,94,4.027739087537409,737.0394220352173,72,88,264
hardened,2,j-reversible-sp-unigram-48k,kanbun,sha256:e18a1142ed3b580a8765642d6f11988df986d76b6e723c5369a77758d8398465,96,5.3762777926328,626.0607013702393,62,56,168
hardened,2,j-reversible-sp-unigram-48k,kakikudashi,sha256:e18a1142ed3b580a8765642d6f11988df986d76b6e723c5369a77758d8398465,96,3.7312012636669154,768.1226758956909,84,99,297
hardened,2,j-reversible-sp-unigram-48k,kanbun,sha256:60ca61fb472cad61b59041ec3711dfffc9ba88ebd7f4eaa3a7aa8f034e5e637c,97,5.27957546141251,614.7998380661011,58,56,168
hardened,2,j-reversible-sp-unigram-48k,kakikudashi,sha256:60ca61fb472cad61b59041ec3711dfffc9ba88ebd7f4eaa3a7aa8f034e5e637c,97,3.318368433687417,759.0388488769531,77,110,330
hardened,2,j-reversible-sp-unigram-48k,kanbun,sha256:8d12b8a49cfbf0a973cdaec96296c069b9b81bd16e764a231f8369f0d94ef04e,98,5.435771071304818,632.9886178970337,64,56,168
hardened,2,j-reversible-sp-unigram-48k,kakikudashi,sha256:8d12b8a49cfbf0a973cdaec96296c069b9b81bd16e764a231f8369f0d94ef04e,98,3.942645316995186,795.2545442581177,82,97,291
hardened,2,j-reversible-sp-unigram-48k,kanbun,sha256:ad3434015b458f5bfe093f04b7da4becb0b5a32a39dc6426c4c740c8b74bdbd6,99,5.710547343105826,664.9859647750854,64,56,168
hardened,2,j-reversible-sp-unigram-48k,kakikudashi,sha256:ad3434015b458f5bfe093f04b7da4becb0b5a32a39dc6426c4c740c8b74bdbd6,99,4.24596280369437,812.2892923355103,87,92,276
hardened,2,j-reversible-sp-unigram-48k,kanbun,sha256:fbde96b9f0dbbbccd0eda5c0a90c33de61d0e4d9f5884c1d824f5c33c58f4c5d,101,5.105746298344588,594.557653427124,57,56,168
hardened,2,j-reversible-sp-unigram-48k,kakikudashi,sha256:fbde96b9f0dbbbccd0eda5c0a90c33de61d0e4d9f5884c1d824f5c33c58f4c5d,101,3.6296955114510365,694.3920459747314,71,92,276
hardened,2,j-reversible-sp-unigram-48k,kanbun,sha256:a9a8c04997288819f79a1fcc74a97b94c091d8068b0c74d39af49106fee9c3d3,102,5.755391540870201,670.2080144882202,65,56,168
hardened,2,j-reversible-sp-unigram-48k,kakikudashi,sha256:a9a8c04997288819f79a1fcc74a97b94c091d8068b0c74d39af49106fee9c3d3,102,4.263996681124692,806.8725967407227,82,91,273
hardened,2,j-reversible-sp-unigram-48k,kanbun,sha256:0851bcd2deb2d319a9b9658423f25efa73a71a2b92475099613f411adf197376,105,5.05571907581046,588.7320470809937,55,56,168
hardened,2,j-reversible-sp-unigram-48k,kakikudashi,sha256:0851bcd2deb2d319a9b9658423f25efa73a71a2b92475099613f411adf197376,105,3.501890736651156,764.6075925827026,78,105,315
hardened,2,j-reversible-sp-unigram-48k,kanbun,sha256:d7134b9bfc7714d5a1a8e854d84c1d55b29420f3c56e647b628a3847e00e468b,106,6.057833351371502,705.4269781112671,68,56,168
hardened,2,j-reversible-sp-unigram-48k,kakikudashi,sha256:d7134b9bfc7714d5a1a8e854d84c1d55b29420f3c56e647b628a3847e00e468b,106,4.094060781711561,808.7692060470581,83,95,285
hardened,2,j-reversible-sp-unigram-48k,kanbun,sha256:1ae7e230884f1d1ed138fce46d520ec4c265640d51abaf7b50e59b0a2e8e00c3,107,5.8380119572067946,679.8290567398071,67,56,168
hardened,2,j-reversible-sp-unigram-48k,kakikudashi,sha256:1ae7e230884f1d1ed138fce46d520ec4c265640d51abaf7b50e59b0a2e8e00c3,107,4.250875333846291,830.907995223999,90,94,282
hardened,2,j-reversible-sp-unigram-48k,kanbun,sha256:b21c58f6c7368e54b0f7282977e145aaaccfe40e80291bc4f219af55b665019f,108,6.296261704136408,733.1916561126709,72,56,168
hardened,2,j-reversible-sp-unigram-48k,kakikudashi,sha256:b21c58f6c7368e54b0f7282977e145aaaccfe40e80291bc4f219af55b665019f,108,4.34823533343292,877.0644149780273,93,97,291
hardened,2,j-reversible-sp-unigram-48k,kanbun,sha256:8cf9f81c3d2f5c485c33e13c42cadd4fd6711c3a8efa4152006ca3731840b10b,109,5.52857297522759,643.7952814102173,62,56,168
hardened,2,j-reversible-sp-unigram-48k,kakikudashi,sha256:8cf9f81c3d2f5c485c33e13c42cadd4fd6711c3a8efa4152006ca3731840b10b,109,3.866355671509483,844.1853628158569,89,105,315
hardened,2,j-reversible-sp-unigram-48k,kanbun,sha256:b4c592753a39280ebfad02078a2b8ed25e571017aa656aeb61d62c854d2093d5,113,5.716612442322903,665.6922378540039,64,56,168
hardened,2,j-reversible-sp-unigram-48k,kakikudashi,sha256:b4c592753a39280ebfad02078a2b8ed25e571017aa656aeb61d62c854d2093d5,113,4.158848002842456,830.2158050537109,84,96,288
hardened,2,j-reversible-sp-unigram-48k,kanbun,sha256:37c3ca7f410f6c280be86fcab026aa3c5701bc11b27ab6c99a44204b0ae05f0c,114,5.8848465183792555,685.2828817367554,66,56,168
hardened,2,j-reversible-sp-unigram-48k,kakikudashi,sha256:37c3ca7f410f6c280be86fcab026aa3c5701bc11b27ab6c99a44204b0ae05f0c,114,3.9777011394802195,827.1396989822388,82,100,300
hardened,2,j-reversible-sp-unigram-48k,kanbun,sha256:bcca021c7fd2e442aa26544a24f58c8d061bf060f295c425b18c8e979f6f0e94,115,5.788385012008074,674.0500621795654,65,56,168
hardened,2,j-reversible-sp-unigram-48k,kakikudashi,sha256:bcca021c7fd2e442aa26544a24f58c8d061bf060f295c425b18c8e979f6f0e94,115,3.738755778585229,816.3250284194946,84,105,315
hardened,2,j-reversible-sp-unigram-48k,kanbun,sha256:8696556357d8362c810520aa50632814027c40ea61fab440c87c6eacb2a3d5c5,118,5.173862074631314,602.4896488189697,58,56,168
hardened,2,j-reversible-sp-unigram-48k,kakikudashi,sha256:8696556357d8362c810520aa50632814027c40ea61fab440c87c6eacb2a3d5c5,118,3.572160866017315,750.2380695343018,77,101,303
hardened,2,j-reversible-sp-unigram-48k,kanbun,sha256:ec967ff13021a35a13e3153f1cf0aa2dfd998654e65a3a148bf16ff4ec4b66dc,119,5.670410490667866,660.3120794296265,65,56,168
hardened,2,j-reversible-sp-unigram-48k,kakikudashi,sha256:ec967ff13021a35a13e3153f1cf0aa2dfd998654e65a3a148bf16ff4ec4b66dc,119,3.6049576240273313,854.5780448913574,90,114,342
hardened,2,j-reversible-sp-unigram-48k,kanbun,sha256:4001788b5e688a0118b4845f7b92da545247683f7a3a6c66aa2997dafc1b2415,120,5.295390371762101,616.6414642333984,62,56,168
hardened,2,j-reversible-sp-unigram-48k,kakikudashi,sha256:4001788b5e688a0118b4845f7b92da545247683f7a3a6c66aa2997dafc1b2415,120,3.895355464143898,769.5155773162842,82,95,285
hardened,2,j-reversible-sp-unigram-48k,kanbun,sha256:58c0acb7888b74ca4740dd0c51fb6a293e387778b49c6e61a997b398b080bcd2,121,4.919093379949481,572.8221588134766,53,56,168
hardened,2,j-reversible-sp-unigram-48k,kakikudashi,sha256:58c0acb7888b74ca4740dd0c51fb6a293e387778b49c6e61a997b398b080bcd2,121,3.3667758672617643,728.105414390564,75,104,312
hardened,2,j-reversible-sp-unigram-48k,kanbun,sha256:6ca82aafcaba41c7b10dad6655d0e7afed685e90a54c6af050ef1388ca7bd3f1,122,5.27382073355269,614.1297073364258,60,56,168
hardened,2,j-reversible-sp-unigram-48k,kakikudashi,sha256:6ca82aafcaba41c7b10dad6655d0e7afed685e90a54c6af050ef1388ca7bd3f1,122,4.046648256083786,715.2553215026855,70,85,255
hardened,2,j-reversible-sp-unigram-48k,kanbun,sha256:b29056e54351984271d354223350c2c0e94dcae8431803e264550f6df5528ae0,125,5.963524019513918,694.4447765350342,68,56,168
hardened,2,j-reversible-sp-unigram-48k,kakikudashi,sha256:b29056e54351984271d354223350c2c0e94dcae8431803e264550f6df5528ae0,125,4.3018139311303685,840.8648357391357,88,94,282
hardened,2,j-reversible-sp-unigram-48k,kanbun,sha256:fdaf3e5c564d1fef3cb339a1a78ce321007ffcd4ae76634df06491404e2d790d,126,5.2215943361033785,608.0480098724365,59,56,168
hardened,2,j-reversible-sp-unigram-48k,kakikudashi,sha256:fdaf3e5c564d1fef3cb339a1a78ce321007ffcd4ae76634df06491404e2d790d,126,3.952014126342181,706.7464818954468,74,86,258
hardened,2,j-reversible-sp-unigram-48k,kanbun,sha256:c0d9a39e666a7ba3cb128c960ab59085693db00266fdb3598d712d408ad50f9e,127,4.880732420364331,568.355073928833,55,56,168
hardened,2,j-reversible-sp-unigram-48k,kakikudashi,sha256:c0d9a39e666a7ba3cb128c960ab59085693db00266fdb3598d712d408ad50f9e,127,3.3463144650953742,723.6803922653198,73,104,312
hardened,2,j-reversible-sp-unigram-48k,kanbun,sha256:1d033e07cbbd2f56baeb0de3a7267aec96aa26f40a520548be699e34c6f593fb,128,5.124787423052064,596.7749681472778,58,56,168
hardened,2,j-reversible-sp-unigram-48k,kakikudashi,sha256:1d033e07cbbd2f56baeb0de3a7267aec96aa26f40a520548be699e34c6f593fb,128,4.456914030913044,648.7524528503418,68,70,210
hardened,2,j-reversible-sp-unigram-48k,kanbun,sha256:ef3091af73f81f7aa9ad98903d1a6564c5e70fc6bfac57c05e0216140de53019,129,4.732965983207861,551.1478605270386,53,56,168
hardened,2,j-reversible-sp-unigram-48k,kakikudashi,sha256:ef3091af73f81f7aa9ad98903d1a6564c5e70fc6bfac57c05e0216140de53019,129,3.357246481651194,677.1761865615845,70,97,291
hardened,2,j-reversible-sp-unigram-48k,kanbun,sha256:e174fe180684df3732dfd1d6a206c5942d559b99d607abfc74a545d2f1500770,130,5.3142681538995085,618.8397579193115,59,56,168
hardened,2,j-reversible-sp-unigram-48k,kakikudashi,sha256:e174fe180684df3732dfd1d6a206c5942d559b99d607abfc74a545d2f1500770,130,3.7706806827909456,713.5228147506714,72,91,273
hardened,2,j-reversible-sp-unigram-48k,kanbun,sha256:3f340092ec4937ce4da75f03b7a9c1cf4575f5587981b6871f8c192d11518453,131,5.076746460911351,591.1806592941284,57,56,168
hardened,2,j-reversible-sp-unigram-48k,kakikudashi,sha256:3f340092ec4937ce4da75f03b7a9c1cf4575f5587981b6871f8c192d11518453,131,3.8294027364488366,724.6347408294678,75,91,273
hardened,2,j-reversible-sp-unigram-48k,kanbun,sha256:91d058c7a65dd9d33e6dd58407e1488f3ba7826aa7baa09aaa0a5429aa8cc05d,132,5.337312182995466,621.5232057571411,58,56,168
hardened,2,j-reversible-sp-unigram-48k,kakikudashi,sha256:91d058c7a65dd9d33e6dd58407e1488f3ba7826aa7baa09aaa0a5429aa8cc05d,132,4.042214666560926,823.7438116073608,89,98,294
hardened,2,j-reversible-sp-unigram-48k,kanbun,sha256:5b5f45eb2388dab30abcd3256c93789b4918dffce8f69c674566013f3a27aba2,133,5.437587093442829,633.2000913619995,62,56,168
hardened,2,j-reversible-sp-unigram-48k,kakikudashi,sha256:5b5f45eb2388dab30abcd3256c93789b4918dffce8f69c674566013f3a27aba2,133,4.075876500779569,728.8970346450806,73,86,258
hardened,2,j-reversible-sp-unigram-48k,kanbun,sha256:02073f4ed359875da9e83585c0adbde6729e0f9ecc81c747f6ef45581130e11b,135,4.864213683300559,566.4314880371094,54,56,168
hardened,2,j-reversible-sp-unigram-48k,kakikudashi,sha256:02073f4ed359875da9e83585c0adbde6729e0f9ecc81c747f6ef45581130e11b,135,3.474575307078415,715.2924470901489,76,99,297
hardened,2,j-reversible-sp-unigram-48k,kanbun,sha256:b54fd728dcb08f9a2f95f919a11295f926c265039dfdaca0b6895bc7ea755997,136,5.01004889451189,583.4138126373291,55,56,168
hardened,2,j-reversible-sp-unigram-48k,kakikudashi,sha256:b54fd728dcb08f9a2f95f919a11295f926c265039dfdaca0b6895bc7ea755997,136,3.514107389762943,789.197135925293,82,108,324
hardened,2,j-reversible-sp-unigram-48k,kanbun,sha256:bfac3b8d09815884099ca4b763e3d17dfd63f946c3aa7658cb6f6c34b89519e0,137,5.556276112611222,647.021276473999,59,56,168
hardened,2,j-reversible-sp-unigram-48k,kakikudashi,sha256:bfac3b8d09815884099ca4b763e3d17dfd63f946c3aa7658cb6f6c34b89519e0,137,3.9702963328045233,809.0879144668579,83,98,294
hardened,2,j-reversible-sp-unigram-48k,kanbun,sha256:6c1c55a0b553530a2286c0f85a6c01232aadb888057449e668db93ec052e0c43,138,4.872832716693299,567.4351634979248,53,56,168
hardened,2,j-reversible-sp-unigram-48k,kakikudashi,sha256:6c1c55a0b553530a2286c0f85a6c01232aadb888057449e668db93ec052e0c43,138,3.5331102051074486,705.3020286560059,73,96,288
hardened,2,j-reversible-sp-unigram-48k,kanbun,sha256:40390ea59b79592830d41047399a379e80ec9cf836a1366b3e62e790630c20ff,139,6.0910084361886865,709.2901744842529,69,56,168
hardened,2,j-reversible-sp-unigram-48k,kakikudashi,sha256:40390ea59b79592830d41047399a379e80ec9cf836a1366b3e62e790630c20ff,139,4.394791807926685,831.6228513717651,86,91,273
hardened,2,j-reversible-sp-unigram-48k,kanbun,sha256:ebebd64bf0b5de4732dae311570358196fce950bbab9cecdef7c49808c0fa99f,141,6.324057638444656,263.01016330718994,25,20,60
hardened,2,j-reversible-sp-unigram-48k,kakikudashi,sha256:ebebd64bf0b5de4732dae311570358196fce950bbab9cecdef7c49808c0fa99f,141,4.238974567005971,343.7732925415039,35,39,117
hardened,2,j-reversible-sp-unigram-48k,kanbun,sha256:a710253a4182d22d7f68a0b8ce0d379b9f0b4ee8e8ce83fd3dff73f68a08fb08,142,4.903497269204179,203.93071842193604,20,20,60
hardened,2,j-reversible-sp-unigram-48k,kakikudashi,sha256:a710253a4182d22d7f68a0b8ce0d379b9f0b4ee8e8ce83fd3dff73f68a08fb08,142,4.003059630431362,258.04798316955566,28,31,93
hardened,2,j-reversible-sp-unigram-48k,kanbun,sha256:725646d6032955b3d05f353f8bbaee87abbe9f31a68b8aa49702706d6e647ba0,143,5.728594011712253,238.24552726745605,23,20,60
hardened,2,j-reversible-sp-unigram-48k,kakikudashi,sha256:725646d6032955b3d05f353f8bbaee87abbe9f31a68b8aa49702706d6e647ba0,143,4.260920865419994,318.97209072113037,33,36,108
hardened,2,j-reversible-sp-unigram-48k,kanbun,sha256:c82a7a1355653c92751da93125add2f0fa9212cec47b9a1d912e8106220e4b24,145,5.319275738348151,221.2224588394165,21,20,60
hardened,2,j-reversible-sp-unigram-48k,kakikudashi,sha256:c82a7a1355653c92751da93125add2f0fa9212cec47b9a1d912e8106220e4b24,145,3.5867564161398207,275.96266078948975,29,37,111
hardened,2,j-reversible-sp-unigram-48k,kanbun,sha256:95d997c8ce33b8c1dc8387c5da04b0c45cf859e5f09b827d78a186928532cc9b,146,4.498783682265297,187.09915351867676,19,20,60
hardened,2,j-reversible-sp-unigram-48k,kakikudashi,sha256:95d997c8ce33b8c1dc8387c5da04b0c45cf859e5f09b827d78a186928532cc9b,146,3.1042189360472814,245.29158878326416,25,38,114
hardened,2,j-reversible-sp-unigram-48k,kanbun,sha256:c92387cbae2b90fa7d8bab25d67e9c636fdb3cba0887b1b7b0d13f1fa3ab0cb8,147,5.013647043464322,208.51171875,20,20,60
hardened,2,j-reversible-sp-unigram-48k,kakikudashi,sha256:c92387cbae2b90fa7d8bab25d67e9c636fdb3cba0887b1b7b0d13f1fa3ab0cb8,147,3.8870522751014183,234.4040412902832,24,29,87
hardened,2,j-reversible-sp-unigram-48k,kanbun,sha256:93e4fcc5ba6b74de227ba1b803ecc0ca5117d2d9d57875f7a0fe545f28bab9bc,148,4.661382042456226,193.86142921447754,19,20,60
hardened,2,j-reversible-sp-unigram-48k,kakikudashi,sha256:93e4fcc5ba6b74de227ba1b803ecc0ca5117d2d9d57875f7a0fe545f28bab9bc,148,3.8905457640540275,226.52454948425293,24,28,84
hardened,2,j-reversible-sp-unigram-48k,kanbun,sha256:f3f9371b02ca1e1bd14201a06b99a374f12942a3c9b6998dfaac30c83bd4a481,150,4.391978030392611,182.65723133087158,18,20,60
hardened,2,j-reversible-sp-unigram-48k,kakikudashi,sha256:f3f9371b02ca1e1bd14201a06b99a374f12942a3c9b6998dfaac30c83bd4a481,150,2.69134544053312,229.4563159942627,24,41,123
hardened,2,j-reversible-sp-unigram-48k,kanbun,sha256:37d69a2bb02637d1b267db8e41d353b8cba11b1554864e0d823a2a734f4f1e69,151,4.253756261824774,176.9087495803833,17,20,60
hardened,2,j-reversible-sp-unigram-48k,kakikudashi,sha256:37d69a2bb02637d1b267db8e41d353b8cba11b1554864e0d823a2a734f4f1e69,151,2.8770416999397446,239.30560111999512,26,40,120
hardened,2,j-reversible-sp-unigram-48k,kanbun,sha256:d0f0fb23274d9b86a466b29e9ce6740f553deb34661507ee079726f4cdcdf8d6,155,5.036850850994651,209.47673797607422,20,20,60
hardened,2,j-reversible-sp-unigram-48k,kakikudashi,sha256:d0f0fb23274d9b86a466b29e9ce6740f553deb34661507ee079726f4cdcdf8d6,155,3.496316918342735,261.73391914367676,26,36,108
hardened,2,j-reversible-sp-unigram-48k,kanbun,sha256:2297055a181a7d119623c331debcddb1c40a1086ed01997f39043746ad467ba2,156,4.526448880276149,188.24971675872803,18,20,60
hardened,2,j-reversible-sp-unigram-48k,kakikudashi,sha256:2297055a181a7d119623c331debcddb1c40a1086ed01997f39043746ad467ba2,156,3.29121804502231,253.22413444519043,26,37,111
hardened,2,j-reversible-sp-unigram-48k,kanbun,sha256:f2a324305c2fb3858679ae70e310a30b8480f731708f91979782f3feab66f0e9,157,4.857062366229582,201.99954509735107,20,20,60
hardened,2,j-reversible-sp-unigram-48k,kakikudashi,sha256:f2a324305c2fb3858679ae70e310a30b8480f731708f91979782f3feab66f0e9,157,3.155047032501395,268.9901704788208,29,41,123
hardened,2,j-reversible-sp-unigram-48k,kanbun,sha256:63138c8df014f107c380b0cf80cdeafef7f67d366132b8366c45bc3932922676,158,4.975765365130596,206.93626403808594,20,20,60
hardened,2,j-reversible-sp-unigram-48k,kakikudashi,sha256:63138c8df014f107c380b0cf80cdeafef7f67d366132b8366c45bc3932922676,158,3.2296331663533686,261.91750144958496,27,39,117
hardened,2,j-reversible-sp-unigram-48k,kanbun,sha256:b5433f104d7c7fee81ae0f709efb0e59885b2782d555f6e7a1e46d58b12fa53e,160,5.397912214249897,224.49285793304443,22,20,60
hardened,2,j-reversible-sp-unigram-48k,kakikudashi,sha256:b5433f104d7c7fee81ae0f709efb0e59885b2782d555f6e7a1e46d58b12fa53e,160,3.9508036197678886,271.1103506088257,27,33,99
hardened,2,j-reversible-sp-unigram-48k,kanbun,sha256:58b50a9961a5c0c47285ddf483922e3341fc7d56bc5998b16a06aea67e9e6b65,161,4.567392789967058,189.9525260925293,20,20,60
hardened,2,j-reversible-sp-unigram-48k,kakikudashi,sha256:58b50a9961a5c0c47285ddf483922e3341fc7d56bc5998b16a06aea67e9e6b65,161,3.407669819299956,226.75360584259033,24,32,96
hardened,2,j-reversible-sp-unigram-48k,kanbun,sha256:46cfbe016161f539c76c0eadae3251504d8ddc1b1f2da8a2c4b5df05e1b10a54,162,4.44772829339262,184.97581958770752,18,20,60
hardened,2,j-reversible-sp-unigram-48k,kakikudashi,sha256:46cfbe016161f539c76c0eadae3251504d8ddc1b1f2da8a2c4b5df05e1b10a54,162,3.525283790614635,219.91864681243896,22,30,90
hardened,2,j-reversible-sp-unigram-48k,kanbun,sha256:b4d24acf51e9b6d9b6333dbc44b08b2e8d3a2c225ef8d782960a18bee55391ac,164,4.904073938498032,203.95470142364502,20,20,60
hardened,2,j-reversible-sp-unigram-48k,kakikudashi,sha256:b4d24acf51e9b6d9b6333dbc44b08b2e8d3a2c225ef8d782960a18bee55391ac,164,3.518080151759465,285.31003856658936,29,39,117
hardened,2,j-reversible-sp-unigram-48k,kanbun,sha256:d9148e62ba7d224cec49e8c2d03eebe88c4e917c46770162b98f1c252aacbbcb,165,5.078362234640347,211.2031478881836,20,20,60
hardened,2,j-reversible-sp-unigram-48k,kakikudashi,sha256:d9148e62ba7d224cec49e8c2d03eebe88c4e917c46770162b98f1c252aacbbcb,165,3.8887790599885643,242.59466171264648,25,30,90
hardened,2,j-reversible-sp-unigram-48k,kanbun,sha256:1cdb06ba578c18a0d92a5d2b673ada1f2bbd306ad128e71590475f97181af08d,166,6.001679690779419,249.6028413772583,24,20,60
hardened,2,j-reversible-sp-unigram-48k,kakikudashi,sha256:1cdb06ba578c18a0d92a5d2b673ada1f2bbd306ad128e71590475f97181af08d,166,3.7744986260751583,274.7097234725952,28,35,105
hardened,2,j-reversible-sp-unigram-48k,kanbun,sha256:efd8c8b4f2379cf233f2447c3caa970976e4ce7c343d8e15de25fabbc90d8ea5,167,5.137859632706336,213.67757511138916,21,20,60
hardened,2,j-reversible-sp-unigram-48k,kakikudashi,sha256:efd8c8b4f2379cf233f2447c3caa970976e4ce7c343d8e15de25fabbc90d8ea5,167,3.829397141800164,246.85323238372803,25,31,93
hardened,2,j-reversible-sp-unigram-48k,kanbun,sha256:08cc3131bd9ab70eefb959fd2084c0e6e730dc7282b6b2cfd773b6c62ef623b1,168,5.49495026051846,228.52855682373047,23,20,60
hardened,2,j-reversible-sp-unigram-48k,kakikudashi,sha256:08cc3131bd9ab70eefb959fd2084c0e6e730dc7282b6b2cfd773b6c62ef623b1,168,4.391301099035141,273.94361782073975,29,30,90
hardened,2,j-reversible-sp-unigram-48k,kanbun,sha256:541f1d6c550da5f769a4fa1633129030f6345608bfd24cbc284a0d5d993ba39e,170,5.662109852851493,235.48052883148193,23,20,60
hardened,2,j-reversible-sp-unigram-48k,kakikudashi,sha256:541f1d6c550da5f769a4fa1633129030f6345608bfd24cbc284a0d5d993ba39e,170,3.939389413065033,278.51881980895996,29,34,102
hardened,2,j-reversible-sp-unigram-48k,kanbun,sha256:27e9e2d2d1822853dc9cbea63f6da0af913dc5d06bc057116d102dd86818c903,171,5.212783026106974,216.79355144500732,21,20,60
hardened,2,j-reversible-sp-unigram-48k,kakikudashi,sha256:27e9e2d2d1822853dc9cbea63f6da0af913dc5d06bc057116d102dd86818c903,171,4.13791644193069,266.7412157058716,28,31,93
hardened,2,j-reversible-sp-unigram-48k,kanbun,sha256:6003bd819db6d1b6be1af44a06c35c90279c5ab069232dd647c7895a664ac21c,172,5.063846577873244,210.599458694458,21,20,60
hardened,2,j-reversible-sp-unigram-48k,kakikudashi,sha256:6003bd819db6d1b6be1af44a06c35c90279c5ab069232dd647c7895a664ac21c,172,4.370038705752585,354.4023609161377,36,39,117
hardened,2,j-reversible-sp-unigram-48k,kanbun,sha256:20dd2aad581146d93facd1bf8ebb5fd2db2ab82b03d63159dd64c1ac8ad32d69,174,5.360160463076142,222.92280673980713,21,20,60
hardened,2,j-reversible-sp-unigram-48k,kakikudashi,sha256:20dd2aad581146d93facd1bf8ebb5fd2db2ab82b03d63159dd64c1ac8ad32d69,174,3.0301893943471256,283.5495767593384,28,45,135
hardened,2,j-reversible-sp-unigram-48k,kanbun,sha256:ec3fcaa5389562f70e9352f004b5a58f35e5aa32e106c2d68b7ef4093c1c1154,175,6.436809922970715,267.6993989944458,25,20,60
hardened,2,j-reversible-sp-unigram-48k,kakikudashi,sha256:ec3fcaa5389562f70e9352f004b5a58f35e5aa32e106c2d68b7ef4093c1c1154,175,4.011511304788048,342.00983333587646,37,41,123
hardened,2,j-reversible-sp-unigram-48k,kanbun,sha256:b03e4f3d5c59272c852f4424c6b0ca33d74773d02cfd03076bbb0a63f6ece36c,176,4.567653469803726,189.9633674621582,19,20,60
hardened,2,j-reversible-sp-unigram-48k,kakikudashi,sha256:b03e4f3d5c59272c852f4424c6b0ca33d74773d02cfd03076bbb0a63f6ece36c,176,3.7114205551918333,262.40119075775146,27,34,102
hardened,2,j-reversible-sp-unigram-48k,kanbun,sha256:c12052fac471416f40bdd8e54f982ef43af92421536d06be6728913a1c3b2a74,177,4.699506858396232,195.44699573516846,19,20,60
hardened,2,j-reversible-sp-unigram-48k,kakikudashi,sha256:c12052fac471416f40bdd8e54f982ef43af92421536d06be6728913a1c3b2a74,177,2.8451126908504367,283.97978496551514,29,48,144
hardened,2,j-reversible-sp-unigram-48k,kanbun,sha256:17e4cde680a171bb0bc06d0b374e0a35309d940ee80bbe1877e616a58b9b5f65,178,5.677795083368543,236.1328592300415,23,20,60
hardened,2,j-reversible-sp-unigram-48k,kakikudashi,sha256:17e4cde680a171bb0bc06d0b374e0a35309d940ee80bbe1877e616a58b9b5f65,178,3.5374102699549868,323.6568660736084,34,44,132
hardened,2,j-reversible-sp-unigram-48k,kanbun,sha256:537c4deb49b8fbf57d7d533af3f71cb584a24f292df4003eaa93dcb8bf9f656b,180,5.286142202901485,219.84447383880615,22,20,60
hardened,2,j-reversible-sp-unigram-48k,kakikudashi,sha256:537c4deb49b8fbf57d7d533af3f71cb584a24f292df4003eaa93dcb8bf9f656b,180,4.009937774592298,233.47607326507568,24,28,84
hardened,2,j-reversible-sp-unigram-48k,kanbun,sha256:1543f0eb0ec3c87a0857c70479c3763ac032cb6b01385db68e9c36abe64965d8,181,5.18899642670042,215.80429458618164,20,20,60
hardened,2,j-reversible-sp-unigram-48k,kakikudashi,sha256:1543f0eb0ec3c87a0857c70479c3763ac032cb6b01385db68e9c36abe64965d8,181,3.237063310769537,262.5200729370117,28,39,117
hardened,2,j-reversible-sp-unigram-48k,kanbun,sha256:f599ca22e241d5642b42db0e5265206745023ee703e328c7e4a2ccc8b679f324,182,4.627879776206111,192.46810913085938,19,20,60
hardened,2,j-reversible-sp-unigram-48k,kakikudashi,sha256:f599ca22e241d5642b42db0e5265206745023ee703e328c7e4a2ccc8b679f324,182,3.609478496720374,307.73368072509766,33,41,123
hardened,2,j-reversible-sp-unigram-48k,kanbun,sha256:ef20c949f74f9a74bbf1bbd7aa10f372e25ef2f3a5625829c418798b7e90418b,183,5.054870482290433,210.22615337371826,19,20,60
hardened,2,j-reversible-sp-unigram-48k,kakikudashi,sha256:ef20c949f74f9a74bbf1bbd7aa10f372e25ef2f3a5625829c418798b7e90418b,183,3.239562733164589,262.7227716445923,25,39,117
hardened,2,j-reversible-sp-unigram-48k,kanbun,sha256:26f643e5ddb3ec96ed43c0a51a63fc966a990dce828b1aef189e7ff561f2c9cc,185,7.320102636429169,304.43451023101807,30,20,60
hardened,2,j-reversible-sp-unigram-48k,kakikudashi,sha256:26f643e5ddb3ec96ed43c0a51a63fc966a990dce828b1aef189e7ff561f2c9cc,185,4.647881290328153,357.604905128479,37,37,111
hardened,2,j-reversible-sp-unigram-48k,kanbun,sha256:1fde20099244cbf0268af498731d9c131d6053dba57b8ed220e16b805ecc4aa5,186,7.232871522464226,300.8066701889038,28,20,60
hardened,2,j-reversible-sp-unigram-48k,kakikudashi,sha256:1fde20099244cbf0268af498731d9c131d6053dba57b8ed220e16b805ecc4aa5,186,4.818454330937171,380.74837589263916,38,38,114
hardened,2,j-reversible-sp-unigram-48k,kanbun,sha256:a60bb7c868c16d0b2085e5781ee0922037c79c60f7021ffe169f6b00413949ff,188,5.501672328548044,228.80811977386475,22,20,60
hardened,2,j-reversible-sp-unigram-48k,kakikudashi,sha256:a60bb7c868c16d0b2085e5781ee0922037c79c60f7021ffe169f6b00413949ff,188,3.8532387722254278,264.41529750823975,27,33,99
hardened,2,j-reversible-sp-unigram-48k,kanbun,sha256:7bdae5cf4a3e33c59c8885ca731088d3471afa0c8cd5d7ac0ed43e5e4833cec8,189,6.4216003047418715,267.0668487548828,25,20,60
hardened,2,j-reversible-sp-unigram-48k,kakikudashi,sha256:7bdae5cf4a3e33c59c8885ca731088d3471afa0c8cd5d7ac0ed43e5e4833cec8,189,4.746717993937209,335.597767829895,34,34,102
hardened,2,j-reversible-sp-unigram-48k,kanbun,sha256:2d3a39431d0e3e54c00957a911c0b56d8cb87cc6d716198e3e7c1334ce30d3a7,190,4.468821690348703,185.85306930541992,19,20,60
hardened,2,j-reversible-sp-unigram-48k,kakikudashi,sha256:2d3a39431d0e3e54c00957a911c0b56d8cb87cc6d716198e3e7c1334ce30d3a7,190,3.309698821052341,282.1753339767456,30,41,123
hardened,2,j-reversible-sp-unigram-48k,kanbun,sha256:532a7b2271df1f5aff396fde6fa067129d53514d8c3e188471baea07844a2a7b,191,5.5506911447312435,230.846755027771,22,20,60
hardened,2,j-reversible-sp-unigram-48k,kakikudashi,sha256:532a7b2271df1f5aff396fde6fa067129d53514d8c3e188471baea07844a2a7b,191,3.2908428874797844,294.25396251678467,30,43,129
hardened,2,j-reversible-sp-unigram-48k,kanbun,sha256:317029be6482e79a4f0eab267d258b282d08dc6d6e488dd9b7504045b9634251,192,5.799128568380013,241.17897701263428,23,20,60
hardened,2,j-reversible-sp-unigram-48k,kakikudashi,sha256:317029be6482e79a4f0eab267d258b282d08dc6d6e488dd9b7504045b9634251,192,3.918902165252487,285.21947860717773,30,35,105
hardened,2,j-reversible-sp-unigram-48k,kanbun,sha256:aff1efedbcf7c2745d2aed3393452d82217b77a0471588f975ef7780c2e4affb,193,5.148205191741438,214.107834815979,19,20,60
hardened,2,j-reversible-sp-unigram-48k,kakikudashi,sha256:aff1efedbcf7c2745d2aed3393452d82217b77a0471588f975ef7780c2e4affb,193,3.488088966218368,253.86469841003418,24,35,105
hardened,2,j-reversible-sp-unigram-48k,kanbun,sha256:9b38a73001aa60bbb7725572f504f25dec15ed5ef0706da0086f73cff35849c6,194,5.039325795995667,209.57966804504395,20,20,60
hardened,2,j-reversible-sp-unigram-48k,kakikudashi,sha256:9b38a73001aa60bbb7725572f504f25dec15ed5ef0706da0086f73cff35849c6,194,4.044386468740796,269.1220874786377,28,32,96
hardened,2,j-reversible-sp-unigram-48k,kanbun,sha256:4b809b255a7b09ef0856a3fd244bac5efb2d6d4d7aaa88c8b196b55d0dc24338,196,5.211617878043909,216.7450942993164,21,20,60
hardened,2,j-reversible-sp-unigram-48k,kakikudashi,sha256:4b809b255a7b09ef0856a3fd244bac5efb2d6d4d7aaa88c8b196b55d0dc24338,196,3.681671419409619,267.9537172317505,28,35,105
hardened,2,j-reversible-sp-unigram-48k,kanbun,sha256:b86b595ab18b83df5bcd05904ef45ba3b215ef461ac2e6b07901a4750982c9f1,197,5.794021967786514,240.9665994644165,23,20,60
hardened,2,j-reversible-sp-unigram-48k,kakikudashi,sha256:b86b595ab18b83df5bcd05904ef45ba3b215ef461ac2e6b07901a4750982c9f1,197,3.8095815406452433,277.2630739212036,27,35,105
hardened,2,j-reversible-sp-unigram-48k,kanbun,sha256:fa846c61bf98b31eec936ff30e32da64298e852253448ae6b7431d84ff91a93c,198,5.560389934344001,231.2501163482666,22,20,60
hardened,2,j-reversible-sp-unigram-48k,kakikudashi,sha256:fa846c61bf98b31eec936ff30e32da64298e852253448ae6b7431d84ff91a93c,198,3.6193594844738084,308.57610511779785,33,41,123
hardened,2,j-reversible-sp-unigram-48k,kanbun,sha256:e7facfb844725166b3323bb18bc7c8d0a103741c543ad23a6b0872312c27b00a,199,4.429036783207469,184.19846153259277,18,20,60
hardened,2,j-reversible-sp-unigram-48k,kakikudashi,sha256:e7facfb844725166b3323bb18bc7c8d0a103741c543ad23a6b0872312c27b00a,199,2.8911362678327546,252.50185203552246,26,42,126
hardened,2,j-reversible-sp-unigram-48k,kanbun,sha256:cb9fa44825fdf64ca0cc20b43e52b6794cdaa8f9281d5127111a3e7db5152e1a,200,5.926622036256007,246.48128128051758,24,20,60
hardened,2,j-reversible-sp-unigram-48k,kakikudashi,sha256:cb9fa44825fdf64ca0cc20b43e52b6794cdaa8f9281d5127111a3e7db5152e1a,200,4.238759559466582,299.6845922470093,32,34,102
hardened,2,j-reversible-sp-unigram-48k,kanbun,sha256:d6e2432872cc14e525892992dba6be69f57465e92100f664763ac948afad6ca6,201,5.799735185586137,241.2042055130005,22,20,60
hardened,2,j-reversible-sp-unigram-48k,kakikudashi,sha256:d6e2432872cc14e525892992dba6be69f57465e92100f664763ac948afad6ca6,201,4.319393440526565,269.45778465270996,23,30,90
hardened,2,j-reversible-sp-unigram-48k,kanbun,sha256:5f5b3982dab2403ac9654c377bda065e729fe09856a43043f143e68a8a6400ee,202,6.00005738989934,249.5353717803955,23,20,60
hardened,2,j-reversible-sp-unigram-48k,kakikudashi,sha256:5f5b3982dab2403ac9654c377bda065e729fe09856a43043f143e68a8a6400ee,202,4.597012241264014,296.33576488494873,29,31,93
hardened,2,j-reversible-sp-unigram-48k,kanbun,sha256:0f84e76693e8fbf368fe0c04314a40e46d2eefca885c9796f874cadef3c1330d,203,4.772119745141099,198.46688079833984,19,20,60
hardened,2,j-reversible-sp-unigram-48k,kakikudashi,sha256:0f84e76693e8fbf368fe0c04314a40e46d2eefca885c9796f874cadef3c1330d,203,3.6495065344767235,242.8459358215332,23,32,96
hardened,2,j-reversible-sp-unigram-48k,kanbun,sha256:31b0bc057ce4440bc36fe72505c6bc4a0d66b128b0b6577d1fb6877d51956894,204,4.804561061883552,199.81607723236084,18,20,60
hardened,2,j-reversible-sp-unigram-48k,kakikudashi,sha256:31b0bc057ce4440bc36fe72505c6bc4a0d66b128b0b6577d1fb6877d51956894,204,3.228042251376112,241.65090560913086,24,36,108
hardened,2,j-reversible-sp-unigram-48k,kanbun,sha256:b69b0b5bb921e91c08a90a0c477ed443dddc07adcc03a27e44adbf5114a8c4f3,205,4.79902936603916,199.58602046966553,20,20,60
hardened,2,j-reversible-sp-unigram-48k,kakikudashi,sha256:b69b0b5bb921e91c08a90a0c477ed443dddc07adcc03a27e44adbf5114a8c4f3,205,3.3962518531718247,240.11844444274902,25,34,102
hardened,2,j-reversible-sp-unigram-48k,kanbun,sha256:f2527f6afd47070aebc0483c349437b1252993e2783bdfdf91660f614192b86b,207,5.428099824473403,225.7483253479004,21,20,60
hardened,2,j-reversible-sp-unigram-48k,kakikudashi,sha256:f2527f6afd47070aebc0483c349437b1252993e2783bdfdf91660f614192b86b,207,3.15732149125797,328.2732734680176,35,50,150
hardened,2,j-reversible-sp-unigram-48k,kanbun,sha256:5ea56c919858c6b27fc31fafeef6d65215312c432b7dcd42c15da4fc1dba28e7,208,4.45340106087276,185.21174335479736,18,20,60
hardened,2,j-reversible-sp-unigram-48k,kakikudashi,sha256:5ea56c919858c6b27fc31fafeef6d65215312c432b7dcd42c15da4fc1dba28e7,208,2.982816919323265,272.9141101837158,30,44,132
hardened,2,j-reversible-sp-unigram-48k,kanbun,sha256:89ef6c35503bd77477e7e6111767b655e2b57b714375233b40ef9dc5dd12dc3b,209,5.209014588123308,216.63682651519775,22,20,60
hardened,2,j-reversible-sp-unigram-48k,kakikudashi,sha256:89ef6c35503bd77477e7e6111767b655e2b57b714375233b40ef9dc5dd12dc3b,209,3.9581384162073165,263.3829584121704,29,32,96
hardened,2,j-reversible-sp-unigram-48k,kanbun,sha256:0097773272bafa08c1d34bbcbc1cf8baaca409b3f77d60dd34c0ad2bc423065d,210,5.140116205602797,213.77142333984375,21,20,60
hardened,2,j-reversible-sp-unigram-48k,kakikudashi,sha256:0097773272bafa08c1d34bbcbc1cf8baaca409b3f77d60dd34c0ad2bc423065d,210,4.2675852644818795,266.22582244873047,28,30,90
hardened,2,j-reversible-sp-unigram-48k,kanbun,sha256:de9c54959008529be09eeafb3dd818251358e47c8f81d934422c2d98f8bb75f8,212,4.7455385652441455,197.36140060424805,19,20,60
hardened,2,j-reversible-sp-unigram-48k,kakikudashi,sha256:de9c54959008529be09eeafb3dd818251358e47c8f81d934422c2d98f8bb75f8,212,3.6240063002844125,248.68500518798828,25,33,99
hardened,2,j-reversible-sp-unigram-48k,kanbun,sha256:cc64249aee5bb59284feb51e63b4f9f64c8d600fd0940bb849a1d8783e4c936e,213,5.1954877398745865,216.07426071166992,21,20,60
hardened,2,j-reversible-sp-unigram-48k,kakikudashi,sha256:cc64249aee5bb59284feb51e63b4f9f64c8d600fd0940bb849a1d8783e4c936e,213,3.750752676451564,280.7809534072876,28,36,108
hardened,2,j-reversible-sp-unigram-48k,kanbun,sha256:49d865d062b9cf63e5e9dd51201c423717648afa2c34023c8fca99bbca4788cb,219,5.738595199238987,334.1260509490967,32,28,84
hardened,2,j-reversible-sp-unigram-48k,kakikudashi,sha256:49d865d062b9cf63e5e9dd51201c423717648afa2c34023c8fca99bbca4788cb,219,3.8576115173153864,417.1272373199463,43,52,156
hardened,2,j-reversible-sp-unigram-48k,kanbun,sha256:5d0454ada80259405a8f4fd7bda31dce43b2f0b6e250342a507db9eeca304436,220,5.783588841737313,336.74577713012695,32,28,84
hardened,2,j-reversible-sp-unigram-48k,kakikudashi,sha256:5d0454ada80259405a8f4fd7bda31dce43b2f0b6e250342a507db9eeca304436,220,4.125339518116613,377.44970417022705,36,44,132
hardened,2,j-reversible-sp-unigram-48k,kanbun,sha256:28513e5ad1186259987a958686b2320f11d126d7c45d7a6cdd0ea1ba13fc756f,221,5.387906997415342,313.70745372772217,29,28,84
hardened,2,j-reversible-sp-unigram-48k,kakikudashi,sha256:28513e5ad1186259987a958686b2320f11d126d7c45d7a6cdd0ea1ba13fc756f,221,3.968378505052174,387.8445224761963,39,47,141
hardened,2,j-reversible-sp-unigram-48k,kanbun,sha256:3dc06076dde9bd9704d511b47a64df2189524d639d1f9aacc4346888bd01298b,222,5.40911725740165,314.9424076080322,32,28,84
hardened,2,j-reversible-sp-unigram-48k,kakikudashi,sha256:3dc06076dde9bd9704d511b47a64df2189524d639d1f9aacc4346888bd01298b,222,4.586548803635115,343.3485641479492,35,36,108
hardened,2,j-reversible-sp-unigram-48k,kanbun,sha256:a250008bb9fa367a44aec9bec894c189ec392ec3151d58555aed7af16ac75de0,223,5.934874232292387,345.55427265167236,33,28,84
hardened,2,j-reversible-sp-unigram-48k,kakikudashi,sha256:a250008bb9fa367a44aec9bec894c189ec392ec3151d58555aed7af16ac75de0,223,4.540708526315064,368.2433795928955,36,39,117
hardened,2,j-reversible-sp-unigram-48k,kanbun,sha256:91ad91f72087c5f28e8edf719c1616dd688ec1d7832d1c995de2fdb6e2b77176,225,4.343472230267285,252.89590454101562,23,28,84
hardened,2,j-reversible-sp-unigram-48k,kakikudashi,sha256:91ad91f72087c5f28e8edf719c1616dd688ec1d7832d1c995de2fdb6e2b77176,225,3.3015091112011277,336.39946460723877,34,49,147
hardened,2,j-reversible-sp-unigram-48k,kanbun,sha256:98c328acb7c32e7e7fb28214b3fb33c8d0b4874bef214aa80cdd8273727893ac,226,4.878670807000888,284.0575008392334,28,28,84
hardened,2,j-reversible-sp-unigram-48k,kakikudashi,sha256:98c328acb7c32e7e7fb28214b3fb33c8d0b4874bef214aa80cdd8273727893ac,226,3.23800146731037,377.061146736145,39,56,168
hardened,2,j-reversible-sp-unigram-48k,kanbun,sha256:55bcc611a9d612c5994242c986eb6a19e1ea6431d49cfe71dcc4e153b2da87c5,231,5.391388302992707,313.9101505279541,32,28,84
hardened,2,j-reversible-sp-unigram-48k,kakikudashi,sha256:55bcc611a9d612c5994242c986eb6a19e1ea6431d49cfe71dcc4e153b2da87c5,231,3.6626580368105865,357.965313911438,38,47,141
hardened,2,j-reversible-sp-unigram-48k,kanbun,sha256:011ced071397b102825c666ca6715f8dc7d49722ce4a635d7e60d1cc92407de2,232,4.872055682697401,283.6723394393921,29,28,84
hardened,2,j-reversible-sp-unigram-48k,kakikudashi,sha256:011ced071397b102825c666ca6715f8dc7d49722ce4a635d7e60d1cc92407de2,232,3.6952385827316037,376.51759815216064,43,49,147
hardened,2,j-reversible-sp-unigram-48k,kanbun,sha256:4a060945067101babd48b243fe9999e1384236908b24b497ffca4e21957f2c59,233,5.09424344348288,296.60908031463623,29,28,84
hardened,2,j-reversible-sp-unigram-48k,kakikudashi,sha256:4a060945067101babd48b243fe9999e1384236908b24b497ffca4e21957f2c59,233,3.7775882528540476,345.63205337524414,38,44,132
hardened,2,j-reversible-sp-unigram-48k,kanbun,sha256:9bca45cf9879b9d4f102cb00865554ffd97772b9e3dda8343077cd79b5ccb96d,234,5.002440218244718,291.26389598846436,28,28,84
hardened,2,j-reversible-sp-unigram-48k,kakikudashi,sha256:9bca45cf9879b9d4f102cb00865554ffd97772b9e3dda8343077cd79b5ccb96d,234,3.4711084423060035,360.8983545303345,36,50,150
hardened,2,j-reversible-sp-unigram-48k,kanbun,sha256:c582349e2254b7cf39f10b21ad92a867a77db9cd81f11667938bb32c9d5f2934,235,4.718273791982402,274.7184867858887,26,28,84
hardened,2,j-reversible-sp-unigram-48k,kakikudashi,sha256:c582349e2254b7cf39f10b21ad92a867a77db9cd81f11667938bb32c9d5f2934,235,3.645740291501261,341.14967155456543,36,45,135
hardened,2,j-reversible-sp-unigram-48k,kanbun,sha256:24ad7d00c56bacf8c60d59eedf9dc5937074dec6ca528f34664779dcef0c27a6,236,4.933744532838584,287.26413345336914,29,28,84
hardened,2,j-reversible-sp-unigram-48k,kakikudashi,sha256:24ad7d00c56bacf8c60d59eedf9dc5937074dec6ca528f34664779dcef0c27a6,236,3.6874181333051954,352.7174406051636,36,46,138
hardened,2,j-reversible-sp-unigram-48k,kanbun,sha256:4ff6cf6c1379cc59f9ee8249ac486580414fafab8f72da7c471c72c0821bfe6b,237,4.262056298520834,248.15551376342773,24,28,84
hardened,2,j-reversible-sp-unigram-48k,kakikudashi,sha256:4ff6cf6c1379cc59f9ee8249ac486580414fafab8f72da7c471c72c0821bfe6b,237,3.2451199575340994,283.41756439208984,29,42,126
hardened,2,j-reversible-sp-unigram-48k,kanbun,sha256:152c453dfb635e2b4709610fb4b17e9053700561274b3da2a7da25ec0b7fdab2,239,4.629714978504517,269.56220626831055,26,28,84
hardened,2,j-reversible-sp-unigram-48k,kakikudashi,sha256:152c453dfb635e2b4709610fb4b17e9053700561274b3da2a7da25ec0b7fdab2,239,3.6941861277369545,345.6829843521118,37,45,135
hardened,2,j-reversible-sp-unigram-48k,kanbun,sha256:4dbdcd5b15cf9a227576f5729dd00841052f1401389ca7f676dad6c85d8f8897,240,6.578407039423684,383.0235605239868,39,28,84
hardened,2,j-reversible-sp-unigram-48k,kakikudashi,sha256:4dbdcd5b15cf9a227576f5729dd00841052f1401389ca7f676dad6c85d8f8897,240,4.261247092791609,416.4676685333252,43,47,141
hardened,2,j-reversible-sp-unigram-48k,kanbun,sha256:b12e675fb4af745d9f089c70b50887201d49ad540e829401f5d30a8bf5302324,243,4.516280496130036,262.957555770874,27,28,84
hardened,2,j-reversible-sp-unigram-48k,kakikudashi,sha256:b12e675fb4af745d9f089c70b50887201d49ad540e829401f5d30a8bf5302324,243,3.4932556825463146,334.14496517181396,36,46,138
hardened,2,j-reversible-sp-unigram-48k,kanbun,sha256:78abfa26e0852f975281bfbe3d8b16fe1f137fe6efcb5d4fcc3c1d4f843aeede,244,4.526681384440815,263.5631408691406,26,28,84
hardened,2,j-reversible-sp-unigram-48k,kakikudashi,sha256:78abfa26e0852f975281bfbe3d8b16fe1f137fe6efcb5d4fcc3c1d4f843aeede,244,3.1711001430602126,336.2999858856201,34,51,153
hardened,2,j-reversible-sp-unigram-48k,kanbun,sha256:41ddde068c507811a62d55e4a7441e85ed6e0ad61265b5b78af9dc9a10e56cb3,245,5.187187274040864,302.0206756591797,29,28,84
hardened,2,j-reversible-sp-unigram-48k,kakikudashi,sha256:41ddde068c507811a62d55e4a7441e85ed6e0ad61265b5b78af9dc9a10e56cb3,245,4.043832016005798,361.5832281112671,37,43,129
hardened,2,j-reversible-sp-unigram-48k,kanbun,sha256:844d3f5bd41cbe9bb6a34a2c2735fc07761b20b9c9fd9392b6a5c24c7edc0b3c,246,5.015036227593911,291.9972906112671,28,28,84
hardened,2,j-reversible-sp-unigram-48k,kakikudashi,sha256:844d3f5bd41cbe9bb6a34a2c2735fc07761b20b9c9fd9392b6a5c24c7edc0b3c,246,3.1494705122920417,353.65355014801025,36,54,162
hardened,2,j-reversible-sp-unigram-48k,kanbun,sha256:cd026f6ff2864d5b076323ac4102e894b100f87df6a30d4acb8f5573710a99f7,247,5.298406816423834,308.4963626861572,29,28,84
hardened,2,j-reversible-sp-unigram-48k,kakikudashi,sha256:cd026f6ff2864d5b076323ac4102e894b100f87df6a30d4acb8f5573710a99f7,247,3.412429885699238,361.89337158203125,38,51,153
hardened,2,j-reversible-sp-unigram-48k,kanbun,sha256:9eb52885ad9a2366c827dd8a4c32b6559149c8907d5d4e1edf180f81cf2431bc,248,4.478945208316031,260.7837324142456,26,28,84
hardened,2,j-reversible-sp-unigram-48k,kakikudashi,sha256:9eb52885ad9a2366c827dd8a4c32b6559149c8907d5d4e1edf180f81cf2431bc,248,3.286074709715022,368.9928140640259,40,54,162
hardened,2,j-reversible-sp-unigram-48k,kanbun,sha256:ed84cf4c7c8f6218ec2504a795d3a1087778ccca943f35ebb73cb43ef99e090e,250,5.519004523895236,321.3405237197876,31,28,84
hardened,2,j-reversible-sp-unigram-48k,kakikudashi,sha256:ed84cf4c7c8f6218ec2504a795d3a1087778ccca943f35ebb73cb43ef99e090e,250,3.5709420505126284,356.42713165283203,35,48,144
hardened,2,j-reversible-sp-unigram-48k,kanbun,sha256:7f64a1b51c76c43fc7e8384d048522ff6441f753c4b021ca3065ff6222e524d9,251,6.145866168196198,357.83914375305176,33,28,84
hardened,2,j-reversible-sp-unigram-48k,kakikudashi,sha256:7f64a1b51c76c43fc7e8384d048522ff6441f753c4b021ca3065ff6222e524d9,251,4.019406125652121,451.3384838104248,45,54,162
hardened,2,j-reversible-sp-unigram-48k,kanbun,sha256:9ca411772023aecfd281495631b4fe5f1a959688a8121f1819654d0e3a0cfcc5,252,4.486757495662523,261.23859786987305,27,28,84
hardened,2,j-reversible-sp-unigram-48k,kakikudashi,sha256:9ca411772023aecfd281495631b4fe5f1a959688a8121f1819654d0e3a0cfcc5,252,3.351137330475404,334.48772048950195,36,48,144
hardened,2,j-reversible-sp-unigram-48k,kanbun,sha256:ee3d7c09d5783b0be2c5b0baad1a146c0740839732fa870dee429c224979bf67,253,5.447287086934142,317.16482162475586,31,28,84
hardened,2,j-reversible-sp-unigram-48k,kakikudashi,sha256:ee3d7c09d5783b0be2c5b0baad1a146c0740839732fa870dee429c224979bf67,253,4.056310522541684,362.69900608062744,38,43,129
hardened,2,j-reversible-sp-unigram-48k,kanbun,sha256:3e9c81f0b0f35900a18278d505dbb3f251de08f2fa5954eb278bac211c9acbd7,254,4.79099442831493,278.95259952545166,28,28,84
hardened,2,j-reversible-sp-unigram-48k,kakikudashi,sha256:3e9c81f0b0f35900a18278d505dbb3f251de08f2fa5954eb278bac211c9acbd7,254,3.839971246316837,335.3698205947876,34,42,126
hardened,2,j-reversible-sp-unigram-48k,kanbun,sha256:6c65378a07d4a5ff25d50d6015469aaeae8665d97481c30ac22462ad6a2928f2,255,4.688627373488771,272.9923429489136,28,28,84
hardened,2,j-reversible-sp-unigram-48k,kakikudashi,sha256:6c65378a07d4a5ff25d50d6015469aaeae8665d97481c30ac22462ad6a2928f2,255,3.323625621481683,338.65297412872314,34,49,147
hardened,2,j-reversible-sp-unigram-48k,kanbun,sha256:1b7f67baed98aa6c3ccc8e00c68e01db20a3dfb6bc1b98575ed28f6a60a6536d,256,5.117616000390236,297.96993255615234,29,28,84
hardened,2,j-reversible-sp-unigram-48k,kakikudashi,sha256:1b7f67baed98aa6c3ccc8e00c68e01db20a3dfb6bc1b98575ed28f6a60a6536d,256,3.704643847487221,369.77233505249023,38,48,144
hardened,2,j-reversible-sp-unigram-48k,kanbun,sha256:10048951ca6f4c53dcbac41a4f10f3f3bb862541aedfc94b0644185572994c0c,257,4.660103215498871,271.3315420150757,26,28,84
hardened,2,j-reversible-sp-unigram-48k,kakikudashi,sha256:10048951ca6f4c53dcbac41a4f10f3f3bb862541aedfc94b0644185572994c0c,257,3.6403359434648004,348.2138261795044,38,46,138
hardened,2,j-reversible-sp-unigram-48k,kanbun,sha256:e695c03a29cdb807cd78f0bdd0d8c3d5d125d189aa9ff44a967a8e43e399426f,258,5.907155460866826,343.9403648376465,33,28,84
hardened,2,j-reversible-sp-unigram-48k,kakikudashi,sha256:e695c03a29cdb807cd78f0bdd0d8c3d5d125d189aa9ff44a967a8e43e399426f,258,4.548283364177481,387.77346420288086,39,41,123
hardened,2,j-reversible-sp-unigram-48k,kanbun,sha256:3cd91dee89aca8d2e95bdc7b9caaac2c0d628123d0345f03ab4545d8664d835f,259,5.320691378323232,309.79386711120605,30,28,84
hardened,2,j-reversible-sp-unigram-48k,kakikudashi,sha256:3cd91dee89aca8d2e95bdc7b9caaac2c0d628123d0345f03ab4545d8664d835f,259,3.4586971811858827,409.95304012298584,41,57,171
hardened,2,j-reversible-sp-unigram-48k,kanbun,sha256:6e28a2c43a73753870c2b301c1d1b5de5fe64780b33015beb31d67a778801ed7,261,5.772218921275072,336.0837707519531,32,28,84
hardened,2,j-reversible-sp-unigram-48k,kakikudashi,sha256:6e28a2c43a73753870c2b301c1d1b5de5fe64780b33015beb31d67a778801ed7,261,3.8770871665619153,443.41968631744385,47,55,165
hardened,2,j-reversible-sp-unigram-48k,kanbun,sha256:ada7f062d18c598fa60c2927db59c0c75b9316ec19073d5b9635b1a024186695,262,4.697609044585331,273.5152950286865,26,28,84
hardened,2,j-reversible-sp-unigram-48k,kakikudashi,sha256:ada7f062d18c598fa60c2927db59c0c75b9316ec19073d5b9635b1a024186695,262,3.520881504292483,358.751895904541,37,49,147
hardened,2,j-reversible-sp-unigram-48k,kanbun,sha256:e2a39fdcdaac6f53dba56792852353aeeee09a7b63c32e7d64012d17a92635f4,264,5.428023310210999,316.0432004928589,30,28,84
hardened,2,j-reversible-sp-unigram-48k,kakikudashi,sha256:e2a39fdcdaac6f53dba56792852353aeeee09a7b63c32e7d64012d17a92635f4,264,3.888894744821741,428.5966520309448,45,53,159
hardened,2,j-reversible-sp-unigram-48k,kanbun,sha256:3154de6aa777321b7ecd20304242f6b405a590effd9343f1a8fa9e48d97764bf,265,5.109815784587904,297.5157699584961,30,28,84
hardened,2,j-reversible-sp-unigram-48k,kakikudashi,sha256:3154de6aa777321b7ecd20304242f6b405a590effd9343f1a8fa9e48d97764bf,265,3.622943687930352,376.68498039245605,40,50,150
hardened,2,j-reversible-sp-unigram-48k,kanbun,sha256:606525302a104e1d2238769c5c54d63a83928e31ad83fe7d93494daa61249ecf,266,4.756568628333121,276.9481792449951,27,28,84
hardened,2,j-reversible-sp-unigram-48k,kakikudashi,sha256:606525302a104e1d2238769c5c54d63a83928e31ad83fe7d93494daa61249ecf,266,3.3690482228738,350.2869415283203,34,50,150
hardened,2,j-reversible-sp-unigram-48k,kanbun,sha256:84567b97344a2bbc150b54ff37aaa157f04a74611ba9905ebfe664f8e332471c,268,4.738737843815567,275.9099931716919,27,28,84
hardened,2,j-reversible-sp-unigram-48k,kakikudashi,sha256:84567b97344a2bbc150b54ff37aaa157f04a74611ba9905ebfe664f8e332471c,268,3.3725211166978153,350.6480255126953,37,50,150
hardened,2,j-reversible-sp-unigram-48k,kanbun,sha256:22edf62e83887b858e884bc488b93db8fd0e9d90376ac6e16d9f37078c76ba84,269,6.240142847919069,363.32834339141846,35,28,84
hardened,2,j-reversible-sp-unigram-48k,kakikudashi,sha256:22edf62e83887b858e884bc488b93db8fd0e9d90376ac6e16d9f37078c76ba84,269,4.7192275700916975,392.5343141555786,39,40,120
hardened,2,j-reversible-sp-unigram-48k,kanbun,sha256:f6c2a39a294ff98dff6be57da2037d8c541144d442f2f92779ac3ad74e3c3bf9,270,5.2137784125522675,303.5689277648926,30,28,84
hardened,2,j-reversible-sp-unigram-48k,kakikudashi,sha256:f6c2a39a294ff98dff6be57da2037d8c541144d442f2f92779ac3ad74e3c3bf9,270,3.3626936029144803,342.633713722229,34,49,147
hardened,2,j-reversible-sp-unigram-48k,kanbun,sha256:cf3eb8ec3ab8f190a0a2ba93b65e6406ef6b6c248a16da4728028c1f921e06b9,272,5.453659928630814,317.5358762741089,30,28,84
hardened,2,j-reversible-sp-unigram-48k,kakikudashi,sha256:cf3eb8ec3ab8f190a0a2ba93b65e6406ef6b6c248a16da4728028c1f921e06b9,272,4.301867673492415,366.7647762298584,36,41,123
hardened,2,j-reversible-sp-unigram-48k,kanbun,sha256:5c695da1c550a8a4884a42d387789dcef5cd0fb000950450dd8b2d9007c0d79b,273,4.590838283897679,267.2986354827881,26,28,84
hardened,2,j-reversible-sp-unigram-48k,kakikudashi,sha256:5c695da1c550a8a4884a42d387789dcef5cd0fb000950450dd8b2d9007c0d79b,273,3.5431732418143445,324.1841516494751,31,44,132
hardened,2,j-reversible-sp-unigram-48k,kanbun,sha256:b5638ce33f23646019dca08f2a00a968e719f0045f830409f8e96a07f6080e36,274,4.911247842623822,285.95427799224854,26,28,84
hardened,2,j-reversible-sp-unigram-48k,kakikudashi,sha256:b5638ce33f23646019dca08f2a00a968e719f0045f830409f8e96a07f6080e36,274,3.9030110308519093,357.10766410827637,36,44,132
hardened,2,j-reversible-sp-unigram-48k,kanbun,sha256:3b1f52da85d3d3935b548c3ea5b3305433c23fded5f370f6ff905c97f4165749,275,5.843337350852861,340.22459602355957,32,28,84
hardened,2,j-reversible-sp-unigram-48k,kakikudashi,sha256:3b1f52da85d3d3935b548c3ea5b3305433c23fded5f370f6ff905c97f4165749,275,4.250142204738511,415.3823461532593,41,47,141
hardened,2,j-reversible-sp-unigram-48k,kanbun,sha256:57c1686b4a8c9fd318957ecaa6a85e66d236800c20b9b407dc5dba5eebd6af07,276,5.417057925702188,315.40474796295166,32,28,84
hardened,2,j-reversible-sp-unigram-48k,kakikudashi,sha256:57c1686b4a8c9fd318957ecaa6a85e66d236800c20b9b407dc5dba5eebd6af07,276,3.76199940228314,375.4971761703491,38,48,144
hardened,2,j-reversible-sp-unigram-48k,kanbun,sha256:13e7eb09fc259541192ec679020e19453d822e5b9af112e03ae2118502555828,277,6.650591712298923,387.22646713256836,37,28,84
hardened,2,j-reversible-sp-unigram-48k,kakikudashi,sha256:13e7eb09fc259541192ec679020e19453d822e5b9af112e03ae2118502555828,277,5.109025202244441,456.8285274505615,46,43,129
hardened,2,j-reversible-sp-unigram-48k,kanbun,sha256:6351ce933135ea9531cdbd4f1dcd80a8a8e562bc2b093163444b5b8d6afed9dc,278,4.486180141713927,261.20498180389404,25,28,84
hardened,2,j-reversible-sp-unigram-48k,kakikudashi,sha256:6351ce933135ea9531cdbd4f1dcd80a8a8e562bc2b093163444b5b8d6afed9dc,278,3.2660307656965384,380.32512283325195,40,56,168
hardened,2,j-reversible-sp-unigram-48k,kanbun,sha256:f19dbbe6a04c7d8ecfdd6cdaee9c62765f9c0d832caae3ab4f8fb05e9d17a64b,279,5.099093485271612,296.89147090911865,28,28,84
hardened,2,j-reversible-sp-unigram-48k,kakikudashi,sha256:f19dbbe6a04c7d8ecfdd6cdaee9c62765f9c0d832caae3ab4f8fb05e9d17a64b,279,3.7900733014440866,362.53684997558594,36,46,138
hardened,2,j-reversible-sp-unigram-48k,kanbun,sha256:9ce5d9be64e38f486c10bc9413905e2425c79a1b00832565dda658cdd71b207b,280,4.340758556967571,252.7379026412964,26,28,84
hardened,2,j-reversible-sp-unigram-48k,kakikudashi,sha256:9ce5d9be64e38f486c10bc9413905e2425c79a1b00832565dda658cdd71b207b,280,3.0287029299145036,352.6885986328125,37,56,168
hardened,2,j-reversible-sp-unigram-48k,kanbun,sha256:26f7146c6a32da6d02654d965d0caf7cdd032352c8eec79349b0a1bf2c70250d,281,4.924508704142649,286.7263832092285,28,28,84
hardened,2,j-reversible-sp-unigram-48k,kakikudashi,sha256:26f7146c6a32da6d02654d965d0caf7cdd032352c8eec79349b0a1bf2c70250d,281,3.7055054577996556,362.1529531478882,38,47,141
hardened,2,j-reversible-sp-unigram-48k,kanbun,sha256:f0b83a464b9a058a31b26d0c3e0453ae09909c1e54328ca92580b1a0bdbb4acf,285,5.2422422783385665,305.2262182235718,30,28,84
hardened,2,j-reversible-sp-unigram-48k,kakikudashi,sha256:f0b83a464b9a058a31b26d0c3e0453ae09909c1e54328ca92580b1a0bdbb4acf,285,4.108232187429992,358.7988042831421,38,42,126
hardened,2,j-reversible-sp-unigram-48k,kanbun,sha256:bfa6a8b825c2504e22fe2b21adc34429544d75877cbcabec0640163cebae8718,286,4.443221627250811,258.70374965667725,26,28,84
hardened,2,j-reversible-sp-unigram-48k,kakikudashi,sha256:bfa6a8b825c2504e22fe2b21adc34429544d75877cbcabec0640163cebae8718,286,3.219798101215917,334.7690963745117,36,50,150
hardened,2,j-reversible-sp-unigram-48k,kanbun,sha256:ce6c9a95217f9aa12ad1daa4a80618412b5df51e3b6a33c39e2ac24f9236abb9,287,4.585400274373898,266.98201084136963,26,28,84
hardened,2,j-reversible-sp-unigram-48k,kakikudashi,sha256:ce6c9a95217f9aa12ad1daa4a80618412b5df51e3b6a33c39e2ac24f9236abb9,287,3.64489138004082,303.1735420227051,32,40,120
hardened,2,j-reversible-sp-unigram-48k,kanbun,sha256:a5b3d14933ba9c3cb1c94d03c6c781290e908104eb4dd7205a84cbc0fa59f29e,289,4.8902561971557095,284.73205280303955,28,28,84
hardened,2,j-reversible-sp-unigram-48k,kakikudashi,sha256:a5b3d14933ba9c3cb1c94d03c6c781290e908104eb4dd7205a84cbc0fa59f29e,289,3.324454754193706,345.650465965271,36,50,150
hardened,2,j-reversible-sp-unigram-48k,kanbun,sha256:4797cac5044de7738911e1327351945389d7f1c0ba19e3bc1ae07974be7826d2,291,6.334908826473294,368.84603214263916,35,28,84
hardened,2,j-reversible-sp-unigram-48k,kakikudashi,sha256:4797cac5044de7738911e1327351945389d7f1c0ba19e3bc1ae07974be7826d2,291,4.261528836575461,443.08000469207764,45,50,150
hardened,2,j-reversible-sp-unigram-48k,kanbun,sha256:84f043ddab6fae18d9a113435e6994c20979e8c4bf3e54c63b76d16a81323aeb,292,5.621785008634769,327.3248519897461,30,28,84
hardened,2,j-reversible-sp-unigram-48k,kakikudashi,sha256:84f043ddab6fae18d9a113435e6994c20979e8c4bf3e54c63b76d16a81323aeb,292,3.967541376648902,404.2632474899292,40,49,147
hardened,2,j-reversible-sp-unigram-48k,kanbun,sha256:15d5252ccb091123dce9d507a42d69e81e342a7d8cfa2e9c2694897e2d71e8b8,294,5.373194569564633,312.85083198547363,30,28,84
hardened,2,j-reversible-sp-unigram-48k,kakikudashi,sha256:15d5252ccb091123dce9d507a42d69e81e342a7d8cfa2e9c2694897e2d71e8b8,294,3.9381662859409317,393.0809555053711,40,48,144
hardened,2,j-reversible-sp-unigram-48k,kanbun,sha256:ee53a3fbd722c59c22bdbeb52c5019bd04825f21b986c91ed87e75086c19b587,296,5.3543474658562795,311.7534713745117,31,28,84
hardened,2,j-reversible-sp-unigram-48k,kakikudashi,sha256:ee53a3fbd722c59c22bdbeb52c5019bd04825f21b986c91ed87e75086c19b587,296,3.5622047168805313,325.9254446029663,32,44,132
hardened,2,j-reversible-sp-unigram-48k,kanbun,sha256:4694fd5b06af782102e95b6b6ed4dd158c912030cb1aeb16ad75a23f97e31db8,297,4.956536099592725,288.591157913208,28,28,84
hardened,2,j-reversible-sp-unigram-48k,kakikudashi,sha256:4694fd5b06af782102e95b6b6ed4dd158c912030cb1aeb16ad75a23f97e31db8,297,4.070018693203373,330.0712718963623,33,39,117
hardened,2,j-reversible-sp-unigram-48k,kanbun,sha256:71787239d84200daea855da14615f92021caad2f2595da06ff623d003a7aa257,299,5.195375073221041,302.49740505218506,29,28,84
hardened,2,j-reversible-sp-unigram-48k,kakikudashi,sha256:71787239d84200daea855da14615f92021caad2f2595da06ff623d003a7aa257,299,3.84743932579197,392.0257329940796,41,49,147
hardened,2,j-reversible-sp-unigram-48k,kanbun,sha256:1adfa99587e2df25aabc70ce467dd514b304bc2e1c674e01ad764f295d63c309,300,4.857404103946497,282.819260597229,27,28,84
hardened,2,j-reversible-sp-unigram-48k,kakikudashi,sha256:1adfa99587e2df25aabc70ce467dd514b304bc2e1c674e01ad764f295d63c309,300,3.788154428553427,275.70359897613525,28,35,105
hardened,2,j-reversible-sp-unigram-48k,kanbun,sha256:5406a4c84da9e52501972cb84769d459e4092bfb634de5090fa8418e2854261e,301,5.235363332648656,304.8256959915161,30,28,84
hardened,2,j-reversible-sp-unigram-48k,kakikudashi,sha256:5406a4c84da9e52501972cb84769d459e4092bfb634de5090fa8418e2854261e,301,3.762223029750359,398.989465713501,40,51,153
hardened,2,j-reversible-sp-unigram-48k,kanbun,sha256:9d80419ac012f4b87c30185a379327160482f6a058c63af4d8f4ceedfac026de,303,5.5498986628714615,242.3544864654541,23,21,63
hardened,2,j-reversible-sp-unigram-48k,kakikudashi,sha256:9d80419ac012f4b87c30185a379327160482f6a058c63af4d8f4ceedfac026de,303,3.8468887931319866,303.97645378112793,30,38,114
hardened,2,j-reversible-sp-unigram-48k,kanbun,sha256:da046e5b10cae95bae697f791d97ac6703eb750140535962c2197c50f9d1f7ab,309,5.237470824431629,304.9484033584595,30,28,84
hardened,2,j-reversible-sp-unigram-48k,kakikudashi,sha256:da046e5b10cae95bae697f791d97ac6703eb750140535962c2197c50f9d1f7ab,309,4.301807182579938,357.8142623901367,36,40,120
hardened,2,j-reversible-sp-unigram-48k,kanbun,sha256:f2be46d7d95d3fdd960ce942581fbbf50d51e4d5b907600f90a1c2238c5e2391,310,5.007238059204089,291.5432472229004,27,28,84
hardened,2,j-reversible-sp-unigram-48k,kakikudashi,sha256:f2be46d7d95d3fdd960ce942581fbbf50d51e4d5b907600f90a1c2238c5e2391,310,3.3061623614711255,412.49828147888184,44,60,180
hardened,2,j-reversible-sp-unigram-48k,kanbun,sha256:b45994dcbcfd0adceee5b959d1bdc409623ec38ee9c5405c6e58825a0207b76f,311,5.0779224864676005,295.658802986145,28,28,84
hardened,2,j-reversible-sp-unigram-48k,kakikudashi,sha256:b45994dcbcfd0adceee5b959d1bdc409623ec38ee9c5405c6e58825a0207b76f,311,3.579560752485914,349.84390449523926,33,47,141
hardened,2,j-reversible-sp-unigram-48k,kanbun,sha256:a14447b66a174ce657e5251d2434feb8fc7dbcf12072e6eb68c40528bfa93bfe,312,4.884832978139903,284.4162893295288,28,28,84
hardened,2,j-reversible-sp-unigram-48k,kakikudashi,sha256:a14447b66a174ce657e5251d2434feb8fc7dbcf12072e6eb68c40528bfa93bfe,312,3.573215549049825,334.3631782531738,34,45,135
hardened,2,j-reversible-sp-unigram-48k,kanbun,sha256:31a98663fb1c627a3e654a645a7da2f2aec4c2f786f3c79ad81540f14cdf801b,314,4.78762771232094,278.7565746307373,26,28,84
hardened,2,j-reversible-sp-unigram-48k,kakikudashi,sha256:31a98663fb1c627a3e654a645a7da2f2aec4c2f786f3c79ad81540f14cdf801b,314,3.3884513945704553,359.3504161834717,35,51,153
hardened,2,j-reversible-sp-unigram-48k,kanbun,sha256:7abc00f3a801b9832ab595ea226aba2f38f5ee81b57ee9f43930244e588dc857,317,5.155213307867656,300.1590118408203,29,28,84
hardened,2,j-reversible-sp-unigram-48k,kakikudashi,sha256:7abc00f3a801b9832ab595ea226aba2f38f5ee81b57ee9f43930244e588dc857,317,3.9227837615665058,358.9167785644531,38,44,132
hardened,2,j-reversible-sp-unigram-48k,kanbun,sha256:64ae9d741f6a83d2d64a058978e596c190f1ee6776e1533b9f9c07b6cf3a3759,318,5.640362050443367,328.4064884185791,33,28,84
hardened,2,j-reversible-sp-unigram-48k,kakikudashi,sha256:64ae9d741f6a83d2d64a058978e596c190f1ee6776e1533b9f9c07b6cf3a3759,318,4.22269555092575,386.3573360443115,40,44,132
hardened,2,j-reversible-sp-unigram-48k,kanbun,sha256:58be24a0af02d2def8b8725e125189db45e302fc68fc2378b1eeec3dd645c37d,319,4.99742145328584,290.97168159484863,28,28,84
hardened,2,j-reversible-sp-unigram-48k,kakikudashi,sha256:58be24a0af02d2def8b8725e125189db45e302fc68fc2378b1eeec3dd645c37d,319,3.773033444333088,384.44432163238525,40,49,147
hardened,2,j-reversible-sp-unigram-48k,kanbun,sha256:caae78fd86a46160b8c947aa9ece8025378957c3db78f53f308fad1ed66c71c9,321,4.646268554339564,270.52602767944336,26,28,84
hardened,2,j-reversible-sp-unigram-48k,kakikudashi,sha256:caae78fd86a46160b8c947aa9ece8025378957c3db78f53f308fad1ed66c71c9,321,3.1035930115626154,316.2332715988159,30,49,147
hardened,2,j-reversible-sp-unigram-48k,kanbun,sha256:f1982863dbe53fc5ec4bfc36d7ce4c66e3bc2834548a9ce502b0b508969a9283,323,5.531198830909913,322.05052947998047,31,28,84
hardened,2,j-reversible-sp-unigram-48k,kakikudashi,sha256:f1982863dbe53fc5ec4bfc36d7ce4c66e3bc2834548a9ce502b0b508969a9283,323,3.8258371686615638,405.73584175109863,40,51,153
hardened,2,j-reversible-sp-unigram-48k,kanbun,sha256:c0ea51c46681ccf1d96574e5b68290e387139d76a656e2b108b86f32fbf72da1,324,5.0037260424390695,291.3387622833252,29,28,84
hardened,2,j-reversible-sp-unigram-48k,kakikudashi,sha256:c0ea51c46681ccf1d96574e5b68290e387139d76a656e2b108b86f32fbf72da1,324,3.4609620186830767,352.646541595459,37,49,147
hardened,2,j-reversible-sp-unigram-48k,kanbun,sha256:241fb41c6b0fc0890521bcb90ae877d36d315693ad862e5e2c22043116a47068,325,5.311184521348838,309.24033641815186,31,28,84
hardened,2,j-reversible-sp-unigram-48k,kakikudashi,sha256:241fb41c6b0fc0890521bcb90ae877d36d315693ad862e5e2c22043116a47068,325,4.277156072249538,355.763840675354,36,40,120
hardened,2,j-reversible-sp-unigram-48k,kanbun,sha256:7478d40e002f983c02d9e98f2a1a7198f46f1ed2b4ebb4c8cebcb29ecc239f0f,328,4.947156280469768,288.04502391815186,28,28,84
hardened,2,j-reversible-sp-unigram-48k,kakikudashi,sha256:7478d40e002f983c02d9e98f2a1a7198f46f1ed2b4ebb4c8cebcb29ecc239f0f,328,3.3246149113174956,331.84043312072754,36,48,144
hardened,2,j-reversible-sp-unigram-48k,kanbun,sha256:9ab98dc9e77f08fd65387df12ab41e7f32500fcffd7bcb1748b7e10d5c411c31,329,5.046512787182223,293.82999324798584,28,28,84
hardened,2,j-reversible-sp-unigram-48k,kakikudashi,sha256:9ab98dc9e77f08fd65387df12ab41e7f32500fcffd7bcb1748b7e10d5c411c31,329,3.550366209956403,361.75617027282715,38,49,147
hardened,2,j-reversible-sp-unigram-48k,kanbun,sha256:b051eac4274a1ed1236b3436bca300cc58a2c25bce1bb0140f0cbe74217a5326,330,4.817310804067455,280.48485374450684,27,28,84
hardened,2,j-reversible-sp-unigram-48k,kakikudashi,sha256:b051eac4274a1ed1236b3436bca300cc58a2c25bce1bb0140f0cbe74217a5326,330,4.016281540931414,325.7132844924927,33,39,117
hardened,2,j-reversible-sp-unigram-48k,kanbun,sha256:79a221b810d6d6ece4bb17456a05eae5c4b9f564171449ae95cc609bbaf626ba,331,4.455109526698851,259.3959150314331,26,28,84
hardened,2,j-reversible-sp-unigram-48k,kakikudashi,sha256:79a221b810d6d6ece4bb17456a05eae5c4b9f564171449ae95cc609bbaf626ba,331,3.67132703744695,313.0067081451416,33,41,123
hardened,2,j-reversible-sp-unigram-48k,kanbun,sha256:0f23385eaa1b352112e0481918a638150e0c4f4b03c5512cf6e1025aa5a74f8f,332,4.632194722640458,269.70658779144287,26,28,84
hardened,2,j-reversible-sp-unigram-48k,kakikudashi,sha256:0f23385eaa1b352112e0481918a638150e0c4f4b03c5512cf6e1025aa5a74f8f,332,3.445317313635298,343.8881254196167,36,48,144
hardened,2,j-reversible-sp-unigram-48k,kanbun,sha256:83a98b9cb75cdd20948000956fc8dc8fbb9fc20be7594b7e821962b1095ca118,333,5.5604907194532665,323.75603103637695,31,28,84
hardened,2,j-reversible-sp-unigram-48k,kakikudashi,sha256:83a98b9cb75cdd20948000956fc8dc8fbb9fc20be7594b7e821962b1095ca118,333,4.8635117223813555,343.8552026748657,33,34,102
hardened,2,j-reversible-sp-unigram-48k,kanbun,sha256:7aa2ecd80d925b53947a6b07c67e41342784e641e081a2258e78f68c454c9bae,334,4.783861587094446,278.5372943878174,27,28,84
hardened,2,j-reversible-sp-unigram-48k,kakikudashi,sha256:7aa2ecd80d925b53947a6b07c67e41342784e641e081a2258e78f68c454c9bae,334,3.0994815446433996,341.59510612487793,34,53,159
hardened,2,j-reversible-sp-unigram-48k,kanbun,sha256:f41b2b44c3527a526b2267efbebfd277ebe85d6c16df919ca8f66e9aadf4a9dd,335,4.568433547073579,265.9941339492798,26,28,84
hardened,2,j-reversible-sp-unigram-48k,kakikudashi,sha256:f41b2b44c3527a526b2267efbebfd277ebe85d6c16df919ca8f66e9aadf4a9dd,335,3.3279053916791757,373.6899747848511,38,54,162
hardened,2,j-reversible-sp-unigram-48k,kanbun,sha256:0e63cc334d2783636389d831678fc3bc38e590119c8bbb26698f44b1be11d6a5,336,5.630534634187065,327.8342933654785,32,28,84
hardened,2,j-reversible-sp-unigram-48k,kakikudashi,sha256:0e63cc334d2783636389d831678fc3bc38e590119c8bbb26698f44b1be11d6a5,336,4.1078247315468674,401.4731254577637,42,47,141
hardened,2,j-reversible-sp-unigram-48k,kanbun,sha256:380b22c599ed04cd6119c1f94180c177ec558d212feabf343399760a0b107f2e,339,4.576102810371754,266.44067192077637,26,28,84
hardened,2,j-reversible-sp-unigram-48k,kakikudashi,sha256:380b22c599ed04cd6119c1f94180c177ec558d212feabf343399760a0b107f2e,339,3.3296767300284675,297.7263288497925,30,43,129
hardened,2,j-reversible-sp-unigram-48k,kanbun,sha256:f8c19e1305bcab305f089db5ec3c08d4169665ec713cb00b1b0335640db5c11b,341,5.684783203645221,330.99288177490234,34,28,84
hardened,2,j-reversible-sp-unigram-48k,kakikudashi,sha256:f8c19e1305bcab305f089db5ec3c08d4169665ec713cb00b1b0335640db5c11b,341,4.080603495933288,364.8711862564087,39,43,129
hardened,2,j-reversible-sp-unigram-48k,kanbun,sha256:21ba147d597836b1343dae04293fb8a0a830444cc005e5a5660642aded0dc596,342,5.653405935374006,329.16596031188965,33,28,84
hardened,2,j-reversible-sp-unigram-48k,kakikudashi,sha256:21ba147d597836b1343dae04293fb8a0a830444cc005e5a5660642aded0dc596,342,3.992584228756233,381.90789318084717,41,46,138
hardened,2,j-reversible-sp-unigram-48k,kanbun,sha256:dea74fb7ca686c59766d4cc337cf188be5a9608f6be4d2ac21dfea3c89f75220,343,5.693355556032727,331.4920015335083,31,28,84
hardened,2,j-reversible-sp-unigram-48k,kakikudashi,sha256:dea74fb7ca686c59766d4cc337cf188be5a9608f6be4d2ac21dfea3c89f75220,343,4.027163712178481,418.7125759124756,43,50,150
hardened,2,j-reversible-sp-unigram-48k,kanbun,sha256:dc6bf5a8fd927674eedc59eacd0761a954e0250ebc88eb1c5dc117d0fe79fc05,345,4.940420850207178,287.65285778045654,29,28,84
hardened,2,j-reversible-sp-unigram-48k,kakikudashi,sha256:dc6bf5a8fd927674eedc59eacd0761a954e0250ebc88eb1c5dc117d0fe79fc05,345,3.7879304863948904,330.8247604370117,36,42,126
hardened,2,j-reversible-sp-unigram-48k,kanbun,sha256:09196e4814cbac31fe5e8f11d7f9f69be5021fd1d1d54c9e1b5a74840b507f1b,346,4.4557934279944815,259.43573474884033,26,28,84
hardened,2,j-reversible-sp-unigram-48k,kakikudashi,sha256:09196e4814cbac31fe5e8f11d7f9f69be5021fd1d1d54c9e1b5a74840b507f1b,346,3.2854859549242708,307.4389190673828,33,45,135
hardened,2,j-reversible-sp-unigram-48k,kanbun,sha256:98df25c37a6c0cc07d498bce52b69a4a491f4341fc9b3ba11fadeb0ac8ca0445,347,5.098051581614085,296.83080673217773,28,28,84
hardened,2,j-reversible-sp-unigram-48k,kakikudashi,sha256:98df25c37a6c0cc07d498bce52b69a4a491f4341fc9b3ba11fadeb0ac8ca0445,347,3.673521961363055,374.3048343658447,39,49,147
hardened,2,j-reversible-sp-unigram-48k,kanbun,sha256:b0d769eea7c9a37c442c1c0b7ceaf750a3feb6a5f303ea7296249217b413ea12,348,5.859551072590502,341.16862964630127,34,28,84
hardened,2,j-reversible-sp-unigram-48k,kakikudashi,sha256:b0d769eea7c9a37c442c1c0b7ceaf750a3feb6a5f303ea7296249217b413ea12,348,3.9821916396560306,430.59820556640625,47,52,156
hardened,2,j-reversible-sp-unigram-48k,kanbun,sha256:04db3ee44205c72d133afd359ccb2d2166882d7645716a08241d164acb6c2b2f,350,4.397658198040527,256.05084800720215,26,28,84
hardened,2,j-reversible-sp-unigram-48k,kakikudashi,sha256:04db3ee44205c72d133afd359ccb2d2166882d7645716a08241d164acb6c2b2f,350,3.3367238823607366,312.2335014343262,32,45,135
hardened,2,j-reversible-sp-unigram-48k,kanbun,sha256:01da9f3b83afc42413956741a4e33039543ca785d22fcab02622edffbb269b85,353,5.188231929420805,302.08150005340576,30,28,84
hardened,2,j-reversible-sp-unigram-48k,kakikudashi,sha256:01da9f3b83afc42413956741a4e33039543ca785d22fcab02622edffbb269b85,353,3.7433225838480757,365.8489627838135,38,47,141
hardened,2,j-reversible-sp-unigram-48k,kanbun,sha256:e2bd46e4a05a6865e40b986037d26e5fe2b9ba09d27beea301bf29cde6943cc5,354,5.095934278630363,296.70752811431885,28,28,84
hardened,2,j-reversible-sp-unigram-48k,kakikudashi,sha256:e2bd46e4a05a6865e40b986037d26e5fe2b9ba09d27beea301bf29cde6943cc5,354,3.4066039408032416,361.27552127838135,36,51,153
hardened,2,j-reversible-sp-unigram-48k,kanbun,sha256:012bc4d5f1f13e4baa4f6ed62d5485bfa25ca49ffe16c23d5b5f016a0336d470,355,5.444832272092927,317.0218915939331,31,28,84
hardened,2,j-reversible-sp-unigram-48k,kakikudashi,sha256:012bc4d5f1f13e4baa4f6ed62d5485bfa25ca49ffe16c23d5b5f016a0336d470,355,4.043320012140189,369.945294380188,37,44,132
hardened,2,j-reversible-sp-unigram-48k,kanbun,sha256:175dc4de4301b6f507ac2ffa95053a7867eca7cc72da80cbec2a08820defc43b,356,5.24422030813369,305.34138774871826,30,28,84
hardened,2,j-reversible-sp-unigram-48k,kakikudashi,sha256:175dc4de4301b6f507ac2ffa95053a7867eca7cc72da80cbec2a08820defc43b,356,3.847954018363309,376.0749855041504,41,47,141
hardened,2,j-reversible-sp-unigram-48k,kanbun,sha256:822561d4ac2d7d7e12ba769a3a5eaa12296f41dd9eb41ae8f6fea39fa68c7022,357,4.717297995180007,274.66167163848877,28,28,84
hardened,2,j-reversible-sp-unigram-48k,kakikudashi,sha256:822561d4ac2d7d7e12ba769a3a5eaa12296f41dd9eb41ae8f6fea39fa68c7022,357,3.4880202505874416,398.922381401062,43,55,165
hardened,2,j-reversible-sp-unigram-48k,kanbun,sha256:d05a7595d061e365f658efb62c84bb582de592e12f4a9386920aa74242d269a6,358,6.026288760360298,350.8768253326416,34,28,84
hardened,2,j-reversible-sp-unigram-48k,kakikudashi,sha256:d05a7595d061e365f658efb62c84bb582de592e12f4a9386920aa74242d269a6,358,3.8690242613316976,402.2704887390137,40,50,150
hardened,2,j-reversible-sp-unigram-48k,kanbun,sha256:a9c21481f94694b1e963efc65e93f935d904f3fd275759e70507ad9f45b475d6,359,4.973257972736116,289.5647783279419,29,28,84
hardened,2,j-reversible-sp-unigram-48k,kakikudashi,sha256:a9c21481f94694b1e963efc65e93f935d904f3fd275759e70507ad9f45b475d6,359,3.431400845086773,349.6344757080078,37,49,147
hardened,2,j-reversible-sp-unigram-48k,kanbun,sha256:07b05a3858067d4cd7fbb19ac1f4629a700b1ecd14527e73d1f6de944b1e1dcd,362,4.888098682990286,284.6064329147339,27,28,84
hardened,2,j-reversible-sp-unigram-48k,kakikudashi,sha256:07b05a3858067d4cd7fbb19ac1f4629a700b1ecd14527e73d1f6de944b1e1dcd,362,3.4699244575564645,346.3442430496216,37,48,144
hardened,2,j-reversible-sp-unigram-48k,kanbun,sha256:eba4b3b87b08ffbe3e8ca25c84e9dbe0b780ba6ede88955e95d87979def894d2,363,6.4752386437203056,377.01664638519287,36,28,84
hardened,2,j-reversible-sp-unigram-48k,kakikudashi,sha256:eba4b3b87b08ffbe3e8ca25c84e9dbe0b780ba6ede88955e95d87979def894d2,363,4.310544818484574,403.35866832733154,41,45,135
hardened,2,j-reversible-sp-unigram-48k,kanbun,sha256:7e2c9d22669bcba6b5a5682ed98a826388f98711e7648dba6709fdeaa92ce36d,364,5.012814965192567,291.867959022522,29,28,84
hardened,2,j-reversible-sp-unigram-48k,kakikudashi,sha256:7e2c9d22669bcba6b5a5682ed98a826388f98711e7648dba6709fdeaa92ce36d,364,3.478257062033843,354.4087791442871,37,49,147
hardened,2,j-reversible-sp-unigram-48k,kanbun,sha256:a0c39be8a53091206aa4d8fb79d78fd2c988818c63507ebd7d8f46c50316ca2e,365,4.778798417853045,278.2424945831299,27,28,84
hardened,2,j-reversible-sp-unigram-48k,kakikudashi,sha256:a0c39be8a53091206aa4d8fb79d78fd2c988818c63507ebd7d8f46c50316ca2e,365,3.535129587175513,352.852575302124,38,48,144
hardened,2,j-reversible-sp-unigram-48k,kanbun,sha256:0e486321920abeb917cb71631c251827ef9d25efd97d66c59700fb4024b41489,366,4.809251533255023,280.0156078338623,28,28,84
hardened,2,j-reversible-sp-unigram-48k,kakikudashi,sha256:0e486321920abeb917cb71631c251827ef9d25efd97d66c59700fb4024b41489,366,3.3152598228501047,351.5883388519287,38,51,153
hardened,2,j-reversible-sp-unigram-48k,kanbun,sha256:0c945b53221806c4e120e6e87211fbd986470bf14a71f469e33adbaa734d5384,367,5.7609307171409405,335.42652225494385,32,28,84
hardened,2,j-reversible-sp-unigram-48k,kakikudashi,sha256:0c945b53221806c4e120e6e87211fbd986470bf14a71f469e33adbaa734d5384,367,4.576321429803741,380.6477155685425,38,40,120
hardened,2,j-reversible-sp-unigram-48k,kanbun,sha256:bd1d7f5499a1b9adc8767debf6acf094806cec83310caaa1e457d750f2b0ada4,368,5.521521842145566,321.48709297180176,32,28,84
hardened,2,j-reversible-sp-unigram-48k,kakikudashi,sha256:bd1d7f5499a1b9adc8767debf6acf094806cec83310caaa1e457d750f2b0ada4,368,4.681475226533257,350.4547462463379,37,36,108
hardened,2,j-reversible-sp-unigram-48k,kanbun,sha256:e652d2fd7cb60f3cb65ea029698a20fe750a2e4cbaf35a9618df137601851133,369,4.669711837064675,271.8909978866577,26,28,84
hardened,2,j-reversible-sp-unigram-48k,kakikudashi,sha256:e652d2fd7cb60f3cb65ea029698a20fe750a2e4cbaf35a9618df137601851133,369,3.203301775214203,386.3425693511963,42,58,174
hardened,2,j-reversible-sp-unigram-48k,kanbun,sha256:9ceac548984fd90a7480945416bc9a82e438b7f3d863cf76bfe2ee53a9d16188,370,6.395890107230227,372.3966283798218,36,28,84
hardened,2,j-reversible-sp-unigram-48k,kakikudashi,sha256:9ceac548984fd90a7480945416bc9a82e438b7f3d863cf76bfe2ee53a9d16188,370,4.341233998911056,433.3124313354492,45,48,144
hardened,2,j-reversible-sp-unigram-48k,kanbun,sha256:4777857cc0ba17a5e4873b90013a5f0bd1847bfa0e64c02cc9280109e605a269,372,5.797207853031737,337.5387353897095,32,28,84
hardened,2,j-reversible-sp-unigram-48k,kakikudashi,sha256:4777857cc0ba17a5e4873b90013a5f0bd1847bfa0e64c02cc9280109e605a269,372,4.0506317607329025,404.3064937591553,41,48,144
hardened,2,j-reversible-sp-unigram-48k,kanbun,sha256:f27b841f3f365dd48e585a84c293aa316a51c69f2b6ebc850d6877b6e6faac22,373,4.827747694079815,281.0925350189209,28,28,84
hardened,2,j-reversible-sp-unigram-48k,kakikudashi,sha256:f27b841f3f365dd48e585a84c293aa316a51c69f2b6ebc850d6877b6e6faac22,373,3.6425681650137007,378.725378036499,39,50,150
hardened,2,j-reversible-sp-unigram-48k,kanbun,sha256:66c2130dd148c6206c7ff1e410ca3ade7ce923af0117ceee6c24c41d4dc66961,374,4.794404500316237,279.15114879608154,28,28,84
hardened,2,j-reversible-sp-unigram-48k,kakikudashi,sha256:66c2130dd148c6206c7ff1e410ca3ade7ce923af0117ceee6c24c41d4dc66961,374,3.411320736842307,333.4011764526367,34,47,141
hardened,2,j-reversible-sp-unigram-48k,kanbun,sha256:28736a6bebe27efd880048769c5f93767df8963f73f9d2e1391c3097a577b422,375,6.027153996887139,350.92720317840576,34,28,84
hardened,2,j-reversible-sp-unigram-48k,kakikudashi,sha256:28736a6bebe27efd880048769c5f93767df8963f73f9d2e1391c3097a577b422,375,4.517371113645929,422.71241188049316,43,45,135
hardened,2,j-reversible-sp-unigram-48k,kanbun,sha256:c93c8c67ffc3c4a96afee6b2084894dcff51fd20b8e313a35f6747e52150c5c1,376,5.430296052752501,316.17552947998047,31,28,84
hardened,2,j-reversible-sp-unigram-48k,kakikudashi,sha256:c93c8c67ffc3c4a96afee6b2084894dcff51fd20b8e313a35f6747e52150c5c1,376,3.7636534351382527,406.9674596786499,44,52,156
hardened,2,j-reversible-sp-unigram-48k,kanbun,sha256:6469c7a2948509d0e469340d3dc7b8aac351ce1cb65f8602f41e23130c24221c,379,5.713433220176953,332.6610107421875,33,28,84
hardened,2,j-reversible-sp-unigram-48k,kakikudashi,sha256:6469c7a2948509d0e469340d3dc7b8aac351ce1cb65f8602f41e23130c24221c,379,4.526434329997909,395.32313442230225,42,42,126
hardened,2,j-reversible-sp-unigram-48k,kanbun,sha256:55ac80df08c41262c4fbcc45fabdc0303231406fe8464f6f866397f8a9546d35,380,5.859685775954379,341.1764726638794,33,28,84
hardened,2,j-reversible-sp-unigram-48k,kakikudashi,sha256:55ac80df08c41262c4fbcc45fabdc0303231406fe8464f6f866397f8a9546d35,380,4.75921246288349,376.0671558380127,38,38,114
hardened,2,j-reversible-sp-unigram-48k,kanbun,sha256:eccb3d3596861966ea13e29754a2f2e78601514923b14daf562e80118bd040cf,381,4.951784857742089,288.31451988220215,30,28,84
hardened,2,j-reversible-sp-unigram-48k,kakikudashi,sha256:eccb3d3596861966ea13e29754a2f2e78601514923b14daf562e80118bd040cf,381,3.933864855789009,319.0294380187988,34,39,117
hardened,2,j-reversible-sp-unigram-48k,kanbun,sha256:a0fcecb1a878572791353b99abf72fbfd97acd739e9386fd139b25158623d3d6,384,5.839805465996842,340.0189542770386,33,28,84
hardened,2,j-reversible-sp-unigram-48k,kakikudashi,sha256:a0fcecb1a878572791353b99abf72fbfd97acd739e9386fd139b25158623d3d6,384,4.049521014716548,429.45785331726074,46,51,153
hardened,2,j-reversible-sp-unigram-48k,kanbun,sha256:014d7b518ba9baa9de1d85e9b39e784316f705f7e938e9a951f0af81a4a0e354,386,5.267950146713738,306.72304248809814,32,28,84
hardened,2,j-reversible-sp-unigram-48k,kakikudashi,sha256:014d7b518ba9baa9de1d85e9b39e784316f705f7e938e9a951f0af81a4a0e354,386,4.4873484870163685,326.59125995635986,35,35,105
hardened,2,j-reversible-sp-unigram-48k,kanbun,sha256:bf7b40d2c0a7083d5276fcac9e06310b1d37b1e28e205505d4f889d68434ad0d,387,5.382998678076918,313.421669960022,31,28,84
hardened,2,j-reversible-sp-unigram-48k,kakikudashi,sha256:bf7b40d2c0a7083d5276fcac9e06310b1d37b1e28e205505d4f889d68434ad0d,387,3.7637888869101475,406.98210620880127,43,52,156
hardened,2,j-reversible-sp-unigram-48k,kanbun,sha256:3d8842a0f5e3cf4004328ce380b076d2c31d69854539e559ed40eaf7de40f7e7,390,4.850111711963912,282.3946657180786,27,28,84
hardened,2,j-reversible-sp-unigram-48k,kakikudashi,sha256:3d8842a0f5e3cf4004328ce380b076d2c31d69854539e559ed40eaf7de40f7e7,390,3.6520902884421313,341.7438716888428,35,45,135
hardened,2,j-reversible-sp-unigram-48k,kanbun,sha256:ed3f497d365c250e5997d486e45bbd37ea8306dd5fd5c90a22c4df25d16549f7,394,4.87541424179995,283.8678894042969,28,28,84
hardened,2,j-reversible-sp-unigram-48k,kakikudashi,sha256:ed3f497d365c250e5997d486e45bbd37ea8306dd5fd5c90a22c4df25d16549f7,394,3.28020941861644,354.69219398498535,35,52,156
hardened,2,j-reversible-sp-unigram-48k,kanbun,sha256:ae8c05ae56ffa85a82cdeca05e3afe1fd10a5cc9c87b250bbc23785048b699cd,395,4.554760271157982,265.198016166687,26,28,84
hardened,2,j-reversible-sp-unigram-48k,kakikudashi,sha256:ae8c05ae56ffa85a82cdeca05e3afe1fd10a5cc9c87b250bbc23785048b699cd,395,3.2677769999635067,360.14301586151123,38,53,159
hardened,2,j-reversible-sp-unigram-48k,kanbun,sha256:836caaacaf482ff8c38b870413a64dba3c1d8124bc70f95bb66314d3f529a108,396,6.57257977583345,382.68427181243896,38,28,84
hardened,2,j-reversible-sp-unigram-48k,kakikudashi,sha256:836caaacaf482ff8c38b870413a64dba3c1d8124bc70f95bb66314d3f529a108,396,4.355509989828325,452.85142040252686,47,50,150
hardened,2,j-reversible-sp-unigram-48k,kanbun,sha256:96519f6e16c77d37de18372570dcc96f1836e00e3f5f3cb992193216a10b1a29,397,4.573934666040577,266.31443309783936,28,28,84
hardened,2,j-reversible-sp-unigram-48k,kakikudashi,sha256:96519f6e16c77d37de18372570dcc96f1836e00e3f5f3cb992193216a10b1a29,397,3.2773474403300726,306.67735862731934,32,45,135
hardened,2,j-reversible-sp-unigram-48k,kanbun,sha256:e0f7d4b82ad6536a0d100d9d1559c821ca8a078dbb6aa729fbf2dd9028e2e908,398,5.12023375650867,298.1223497390747,28,28,84
hardened,2,j-reversible-sp-unigram-48k,kakikudashi,sha256:e0f7d4b82ad6536a0d100d9d1559c821ca8a078dbb6aa729fbf2dd9028e2e908,398,4.150480488889824,388.38066959381104,39,45,135
hardened,2,j-reversible-sp-unigram-48k,kanbun,sha256:71345211ec3ba323c2f3fea96d80860d327b842b3d46c17c4ab28e9c8f26ef4b,446,4.984013928238217,310.9189682006836,29,30,90
hardened,2,j-reversible-sp-unigram-48k,kakikudashi,sha256:71345211ec3ba323c2f3fea96d80860d327b842b3d46c17c4ab28e9c8f26ef4b,446,3.7548772100543024,413.8265256881714,41,53,159
hardened,2,j-reversible-sp-unigram-48k,kanbun,sha256:9100a9d34da88fd774602b05c6ee90111876201854176c82b281df6d57a5a5bf,13,5.268442337037534,657.3250713348389,63,60,180
hardened,2,j-reversible-sp-unigram-48k,kakikudashi,sha256:9100a9d34da88fd774602b05c6ee90111876201854176c82b281df6d57a5a5bf,13,3.595523657524508,852.3416633605957,85,114,342
hardened,2,j-reversible-sp-unigram-48k,kanbun,sha256:37e41b45f0a4183f9f226c73d0b4017a78425c8da65bcfe34480e6f688ded206,57,5.540313241781316,5483.880574226379,527,476,1428
hardened,2,j-reversible-sp-unigram-48k,kakikudashi,sha256:37e41b45f0a4183f9f226c73d0b4017a78425c8da65bcfe34480e6f688ded206,57,4.168716018599936,6440.770739555359,664,743,2229
hardened,2,j-reversible-sp-unigram-48k,kanbun,sha256:6e1cd63b15f93f8ceabc67586351fb8825b5605482df3f7b4c47790860960bd7,134,5.001289836177158,301.59680557250977,31,29,87
hardened,2,j-reversible-sp-unigram-48k,kakikudashi,sha256:6e1cd63b15f93f8ceabc67586351fb8825b5605482df3f7b4c47790860960bd7,134,3.4994510844857354,422.0604295730591,45,58,174
hardened,2,j-reversible-sp-unigram-48k,kanbun,sha256:f210cb062afab635a3aebbe9d65a845191038025db1ba590476a534d9e4b65af,217,5.482224683956825,1128.5966091156006,109,99,297
hardened,2,j-reversible-sp-unigram-48k,kakikudashi,sha256:f210cb062afab635a3aebbe9d65a845191038025db1ba590476a534d9e4b65af,217,3.802007092900687,1351.9348049163818,138,171,513
hardened,2,j-reversible-sp-unigram-48k,kanbun,sha256:384a2829117df294f918e0e3292aaeb2ceb26f82fe95b69531292e41d596fcdb,417,6.36221593367403,529.1942443847656,50,40,120
hardened,2,j-reversible-sp-unigram-48k,kakikudashi,sha256:384a2829117df294f918e0e3292aaeb2ceb26f82fe95b69531292e41d596fcdb,417,4.503350868379329,636.7829313278198,62,68,204
hardened,2,j-reversible-sp-unigram-48k,kanbun,sha256:fcce7557f2d919d4d0ab9666c2a16d44fa53dc0c35a78ed6945b85b1367d4146,428,5.531075262194234,460.0619068145752,46,40,120
hardened,2,j-reversible-sp-unigram-48k,kakikudashi,sha256:fcce7557f2d919d4d0ab9666c2a16d44fa53dc0c35a78ed6945b85b1367d4146,428,4.232508120427274,545.6776990890503,55,62,186
hardened,2,j-reversible-sp-unigram-48k,kanbun,sha256:66be6d209047c20bf16ed7e709147176ce8d974b4814dc9bb1808e1b9003a4c3,432,5.140157389714923,427.54627227783203,40,40,120
hardened,2,j-reversible-sp-unigram-48k,kakikudashi,sha256:66be6d209047c20bf16ed7e709147176ce8d974b4814dc9bb1808e1b9003a4c3,432,4.032877319730262,511.55409049987793,51,61,183
hardened,2,j-reversible-sp-unigram-48k,kanbun,sha256:8952801954f78ca62cdeb76b00e9976739ee20e4a31fb68734b7fef676634790,433,5.599666632751935,465.7671766281128,44,40,120
hardened,2,j-reversible-sp-unigram-48k,kakikudashi,sha256:8952801954f78ca62cdeb76b00e9976739ee20e4a31fb68734b7fef676634790,433,3.910582188396507,569.2278938293457,61,70,210
hardened,2,j-reversible-sp-unigram-48k,kanbun,sha256:976c593d798c11b05704cbc42adbad4e4c52a73c3def579dad8fb18d1ac52a6d,438,4.89038174612877,406.7705183029175,39,40,120
hardened,2,j-reversible-sp-unigram-48k,kakikudashi,sha256:976c593d798c11b05704cbc42adbad4e4c52a73c3def579dad8fb18d1ac52a6d,438,3.148399771925862,582.6752815246582,63,89,267
hardened,2,j-reversible-sp-unigram-48k,kanbun,sha256:1d462ae5e9da2fcffab98988325fe94a152555eadb42c0f9483fa915caa8b4de,37,5.849557665231307,973.1050567626953,93,80,240
hardened,2,j-reversible-sp-unigram-48k,kakikudashi,sha256:1d462ae5e9da2fcffab98988325fe94a152555eadb42c0f9483fa915caa8b4de,37,3.870957573315468,1271.8099374771118,132,158,474
hardened,2,j-reversible-sp-unigram-48k,kanbun,sha256:c6fedba6d584e75c829082a67d2ee059e215a162bc29488af48dadcb3b48695a,81,5.810979945264729,676.6812133789062,66,56,168
hardened,2,j-reversible-sp-unigram-48k,kakikudashi,sha256:c6fedba6d584e75c829082a67d2ee059e215a162bc29488af48dadcb3b48695a,81,4.361095905235923,798.0406713485718,87,88,264
hardened,2,j-reversible-sp-unigram-48k,kanbun,sha256:7f1acba73dbb590f2059350b81b6452ea01874038280fd90c87628f586c00cfd,103,5.190207379476165,604.3930387496948,57,56,168
hardened,2,j-reversible-sp-unigram-48k,kakikudashi,sha256:7f1acba73dbb590f2059350b81b6452ea01874038280fd90c87628f586c00cfd,103,3.9975675942130153,756.4564390182495,76,91,273
hardened,2,j-reversible-sp-unigram-48k,kanbun,sha256:c391898daeab8372fb8199bbd41e708d8b04b33d1984080480949e3511a584bd,104,5.153905592738745,600.1657419204712,58,56,168
hardened,2,j-reversible-sp-unigram-48k,kakikudashi,sha256:c391898daeab8372fb8199bbd41e708d8b04b33d1984080480949e3511a584bd,104,4.188340773997278,705.4621934890747,74,81,243
hardened,2,j-reversible-sp-unigram-48k,kanbun,sha256:49f02e00aefd621557e789f30a22273b497c62377cdb20a7308eb042a223a0c9,110,5.298188472164089,616.9672994613647,60,56,168
hardened,2,j-reversible-sp-unigram-48k,kakikudashi,sha256:49f02e00aefd621557e789f30a22273b497c62377cdb20a7308eb042a223a0c9,110,3.941996927487971,770.5323038101196,81,94,282
hardened,2,j-reversible-sp-unigram-48k,kanbun,sha256:c3b29a274f6ee071fbe02e89e38bae7e2a961492db2382eb5f98bacb15565fab,124,5.699705507657534,663.7234468460083,65,56,168
hardened,2,j-reversible-sp-unigram-48k,kakikudashi,sha256:c3b29a274f6ee071fbe02e89e38bae7e2a961492db2382eb5f98bacb15565fab,124,4.279351439076122,738.5888757705688,75,83,249
hardened,2,j-reversible-sp-unigram-48k,kanbun,sha256:9beed968afd17741e87149d0ebe3868b9aad034dcf2a2aa1dce8f8b630cc0bd1,153,5.103707730656361,212.2572374343872,20,20,60
hardened,2,j-reversible-sp-unigram-48k,kakikudashi,sha256:9beed968afd17741e87149d0ebe3868b9aad034dcf2a2aa1dce8f8b630cc0bd1,153,3.274551495443976,272.3695363998413,27,40,120
hardened,2,j-reversible-sp-unigram-48k,kanbun,sha256:1bdc76492ee87575f06f81fed47e66616f04a17174f37cb9e9b56f2e51f6058a,169,5.59181387051701,232.5570011138916,22,20,60
hardened,2,j-reversible-sp-unigram-48k,kakikudashi,sha256:1bdc76492ee87575f06f81fed47e66616f04a17174f37cb9e9b56f2e51f6058a,169,3.883530697280823,290.7207021713257,32,36,108
hardened,2,j-reversible-sp-unigram-48k,kanbun,sha256:ec1d71629897d032d200bc0c57750145d04d86acc0a6396c648a042829924aea,187,5.113900752545658,212.68115329742432,20,20,60
hardened,2,j-reversible-sp-unigram-48k,kakikudashi,sha256:ec1d71629897d032d200bc0c57750145d04d86acc0a6396c648a042829924aea,187,4.324691521463824,260.795352935791,26,29,87
hardened,2,j-reversible-sp-unigram-48k,kanbun,sha256:0229116fc57ac9d156b7b050ed0b3d8d32973da148d5caedf78e34865dfcf6bc,211,4.817496266882285,200.35403728485107,20,20,60
hardened,2,j-reversible-sp-unigram-48k,kakikudashi,sha256:0229116fc57ac9d156b7b050ed0b3d8d32973da148d5caedf78e34865dfcf6bc,211,3.8220370832303883,246.37878322601318,27,31,93
hardened,2,j-reversible-sp-unigram-48k,kanbun,sha256:f1f6ff8fc59c4bdf2a0c7d89a59ce1297591ca2585ddd9a740f565903454591c,214,5.273168427926918,219.30490970611572,20,20,60
hardened,2,j-reversible-sp-unigram-48k,kakikudashi,sha256:f1f6ff8fc59c4bdf2a0c7d89a59ce1297591ca2585ddd9a740f565903454591c,214,3.3175070670039633,296.6381664276123,28,43,129
hardened,2,j-reversible-sp-unigram-48k,kanbun,sha256:f9e6b50f8fab92d523315a94e9ac2b6a97d4de417458d64ce2b8d3b137f12b75,224,4.5774443569449845,266.5187826156616,25,28,84
hardened,2,j-reversible-sp-unigram-48k,kakikudashi,sha256:f9e6b50f8fab92d523315a94e9ac2b6a97d4de417458d64ce2b8d3b137f12b75,224,3.4050406117624807,361.10972785949707,37,51,153
hardened,2,j-reversible-sp-unigram-48k,kanbun,sha256:be5128326818907c64a0de0aa20944748f8f995f9f475c0d205f6616c4437bb7,228,5.2852637384518975,307.7311153411865,29,28,84
hardened,2,j-reversible-sp-unigram-48k,kakikudashi,sha256:be5128326818907c64a0de0aa20944748f8f995f9f475c0d205f6616c4437bb7,228,4.052599664398008,370.794340133667,39,44,132
hardened,2,j-reversible-sp-unigram-48k,kanbun,sha256:ca92af2a8bc61ae0ed038296541d8177d788bfd267f5857643ae688a5962e783,229,4.885587048357086,284.4601945877075,27,28,84
hardened,2,j-reversible-sp-unigram-48k,kakikudashi,sha256:ca92af2a8bc61ae0ed038296541d8177d788bfd267f5857643ae688a5962e783,229,3.3955640768806497,353.04384994506836,37,50,150
hardened,2,j-reversible-sp-unigram-48k,kanbun,sha256:69b01b2daede497431a5d130a695d18f1235d869145fe59b5d92bd960a722364,230,4.854436289426707,282.6464614868164,27,28,84
hardened,2,j-reversible-sp-unigram-48k,kakikudashi,sha256:69b01b2daede497431a5d130a695d18f1235d869145fe59b5d92bd960a722364,230,3.267953718925186,332.9804172515869,34,49,147
hardened,2,j-reversible-sp-unigram-48k,kanbun,sha256:d4b6bdac65f25e1d06547ce88e4c9810c1c705b41cc1bc9e1d075549ba3cd696,241,4.831950546044167,211.00293254852295,20,21,63
hardened,2,j-reversible-sp-unigram-48k,kakikudashi,sha256:d4b6bdac65f25e1d06547ce88e4c9810c1c705b41cc1bc9e1d075549ba3cd696,241,3.884113189163414,250.38037586212158,25,31,93
hardened,2,j-reversible-sp-unigram-48k,kanbun,sha256:f60ea7caa4cf25c42fa6d8ac30814d7c61d6959f972e21f71f7a4d57c45b2bb4,242,5.657414752689818,329.39937114715576,31,28,84
hardened,2,j-reversible-sp-unigram-48k,kakikudashi,sha256:f60ea7caa4cf25c42fa6d8ac30814d7c61d6959f972e21f71f7a4d57c45b2bb4,242,3.871247100786651,386.40153789520264,37,48,144
hardened,2,j-reversible-sp-unigram-48k,kanbun,sha256:92962b2becc7cee570967487d785019a13b9cb591d3f50b25b2afcd1fe53f2c2,267,6.312547068932609,367.5440330505371,36,28,84
hardened,2,j-reversible-sp-unigram-48k,kakikudashi,sha256:92962b2becc7cee570967487d785019a13b9cb591d3f50b25b2afcd1fe53f2c2,267,4.33111585216927,423.29620456695557,45,47,141
hardened,2,j-reversible-sp-unigram-48k,kanbun,sha256:1db2d79ff29ec9c8f61636a1207403fe5c301755545cc3920d27ccf8c94c9442,283,4.6860243914990125,272.8407859802246,27,28,84
hardened,2,j-reversible-sp-unigram-48k,kakikudashi,sha256:1db2d79ff29ec9c8f61636a1207403fe5c301755545cc3920d27ccf8c94c9442,283,3.241889268897408,323.5833225250244,37,48,144
hardened,2,j-reversible-sp-unigram-48k,kanbun,sha256:5b6327eb9c50ed53f3079584bad4f486ca82a0efb5c51fd0b607d68fa979d8fd,305,4.632024164988702,269.69665718078613,26,28,84
hardened,2,j-reversible-sp-unigram-48k,kakikudashi,sha256:5b6327eb9c50ed53f3079584bad4f486ca82a0efb5c51fd0b607d68fa979d8fd,305,3.351839830769599,376.3775691986084,41,54,162
hardened,2,j-reversible-sp-unigram-48k,kanbun,sha256:0bf633a5dc9bf7ac673d3599d8596c43ba77d4ea94b9469cf17de002f895f6c3,307,4.555657922319686,265.25028133392334,26,28,84
hardened,2,j-reversible-sp-unigram-48k,kakikudashi,sha256:0bf633a5dc9bf7ac673d3599d8596c43ba77d4ea94b9469cf17de002f895f6c3,307,3.011117170626568,338.11787509918213,35,54,162
hardened,2,j-reversible-sp-unigram-48k,kanbun,sha256:e66c9c522bbdb987b6e975cb5ac62c23f1a3340f2edb970afc57d26586920b73,308,4.427492962105803,257.7879581451416,25,28,84
hardened,2,j-reversible-sp-unigram-48k,kakikudashi,sha256:e66c9c522bbdb987b6e975cb5ac62c23f1a3340f2edb970afc57d26586920b73,308,3.244503371444518,317.09748935699463,33,47,141
hardened,2,j-reversible-sp-unigram-48k,kanbun,sha256:22f44fef0442f74ec7e3a8019f0d5b5863c7412ab19972f024585da8f6ae00e5,313,5.603735625978318,326.2739381790161,32,28,84
hardened,2,j-reversible-sp-unigram-48k,kakikudashi,sha256:22f44fef0442f74ec7e3a8019f0d5b5863c7412ab19972f024585da8f6ae00e5,313,3.9313084676211507,416.92123317718506,44,51,153
hardened,2,j-reversible-sp-unigram-48k,kanbun,sha256:e4769a914ff8c9e3d6cad934898bf6a90ebb6992033d1756a9abab376ae5d9fd,337,5.581252301272423,324.9648609161377,31,28,84
hardened,2,j-reversible-sp-unigram-48k,kakikudashi,sha256:e4769a914ff8c9e3d6cad934898bf6a90ebb6992033d1756a9abab376ae5d9fd,337,4.269623358262358,355.1372871398926,35,40,120
hardened,2,j-reversible-sp-unigram-48k,kanbun,sha256:54246f8567838836aa8f2dfa6cd0fa1a0615aa5a61094e0e6d22bd4e010af3b5,344,5.373188001465299,312.85044956207275,30,28,84
hardened,2,j-reversible-sp-unigram-48k,kakikudashi,sha256:54246f8567838836aa8f2dfa6cd0fa1a0615aa5a61094e0e6d22bd4e010af3b5,344,3.6142075746454525,375.776668548584,37,50,150
hardened,2,j-reversible-sp-unigram-48k,kanbun,sha256:964bfe91c38434748812e8b8b16787e3c98616914e921f9b879582ebbc22b7f4,351,6.597310930165422,384.1242275238037,37,28,84
hardened,2,j-reversible-sp-unigram-48k,kakikudashi,sha256:964bfe91c38434748812e8b8b16787e3c98616914e921f9b879582ebbc22b7f4,351,3.9093833508606677,504.0187168121338,54,62,186
hardened,2,j-reversible-sp-unigram-48k,kanbun,sha256:db3fdb4a7c74e76b8850dd288bfabc473e0bbcecc4a5f6ae7a46e3aef4ef15bc,361,5.0297897511085266,292.8563051223755,29,28,84
hardened,2,j-reversible-sp-unigram-48k,kakikudashi,sha256:db3fdb4a7c74e76b8850dd288bfabc473e0bbcecc4a5f6ae7a46e3aef4ef15bc,361,3.2082084486727442,353.57794189453125,38,53,159
hardened,2,j-reversible-sp-unigram-48k,kanbun,sha256:7beffd8ab6e37ff02e514b4f5e7e27b31ab567e82347b63efb2870cfd85d2120,377,6.080430225575217,354.02917766571045,34,28,84
hardened,2,j-reversible-sp-unigram-48k,kakikudashi,sha256:7beffd8ab6e37ff02e514b4f5e7e27b31ab567e82347b63efb2870cfd85d2120,377,4.175330060230088,442.80009365081787,45,51,153
hardened,2,j-reversible-sp-unigram-48k,kanbun,sha256:e62e8d1b5a1be2dbb714cc0f0b0d8503d6a659c6737858eeb90e06ab78241761,378,4.80668563400065,279.8662099838257,27,28,84
hardened,2,j-reversible-sp-unigram-48k,kakikudashi,sha256:e62e8d1b5a1be2dbb714cc0f0b0d8503d6a659c6737858eeb90e06ab78241761,378,3.547125608676497,368.80201721191406,38,50,150
hardened,2,j-reversible-sp-unigram-48k,kanbun,sha256:ebfa9bb78878b7b86200084062c20b9a4ece85921e41296ea467c09d9a15c1b1,383,4.413515801035782,256.97414684295654,24,28,84
hardened,2,j-reversible-sp-unigram-48k,kakikudashi,sha256:ebfa9bb78878b7b86200084062c20b9a4ece85921e41296ea467c09d9a15c1b1,383,4.105627054292155,273.1971664428711,26,32,96
hardened,2,j-reversible-sp-unigram-48k,kanbun,sha256:cb2a8a3119275310a787147d26d5a1124462b3c321e829061f03ab4ac6121b90,385,4.79332652943993,279.0883846282959,27,28,84
hardened,2,j-reversible-sp-unigram-48k,kakikudashi,sha256:cb2a8a3119275310a787147d26d5a1124462b3c321e829061f03ab4ac6121b90,385,3.460525605686812,345.40611362457275,37,48,144
hardened,2,j-reversible-sp-unigram-48k,kanbun,sha256:535ff6b269a808c5e5d4784d77e49613744c3d107298fd16704eb1d0ae3dc8b7,388,4.57577099851069,266.4213523864746,27,28,84
hardened,2,j-reversible-sp-unigram-48k,kakikudashi,sha256:535ff6b269a808c5e5d4784d77e49613744c3d107298fd16704eb1d0ae3dc8b7,388,3.645477580808936,310.80285835266113,31,41,123
hardened,2,j-reversible-sp-unigram-48k,kanbun,sha256:215977ec34040a8aadcca9036a7b8f0a836dce0d3aec6016d2715e724ae2d6a7,391,5.582894735588163,325.06049060821533,31,28,84
hardened,2,j-reversible-sp-unigram-48k,kakikudashi,sha256:215977ec34040a8aadcca9036a7b8f0a836dce0d3aec6016d2715e724ae2d6a7,391,3.478442999848376,354.42772483825684,35,49,147
hardened,2,j-reversible-sp-unigram-48k,kanbun,sha256:e1462673503c6f46a9b178f0c5bed3bd7182b2b5ed046517d8691e7372bc1ee1,392,4.847925468506143,282.267373085022,27,28,84
hardened,2,j-reversible-sp-unigram-48k,kakikudashi,sha256:e1462673503c6f46a9b178f0c5bed3bd7182b2b5ed046517d8691e7372bc1ee1,392,3.6683773403972366,366.1524591445923,38,48,144
hardened,2,j-reversible-sp-unigram-48k,kanbun,sha256:aacc5122dd14a93c28b61f0916e1aff1d20f56bd5d6a0cd4fd2b767b82852a03,0,5.81458987748564,1209.1099739074707,115,100,300
hardened,2,j-reversible-sp-unigram-48k,kakikudashi,sha256:aacc5122dd14a93c28b61f0916e1aff1d20f56bd5d6a0cd4fd2b767b82852a03,0,4.201504044121266,1537.6736402511597,161,176,528
hardened,2,j-reversible-sp-unigram-48k,kanbun,sha256:86c9c4dca0127039f1ae50c558904b59fbd4edc03012923694b9ff7998751210,89,5.690911584288166,331.349702835083,33,28,84
hardened,2,j-reversible-sp-unigram-48k,kakikudashi,sha256:86c9c4dca0127039f1ae50c558904b59fbd4edc03012923694b9ff7998751210,89,3.0861618445712096,352.9621229171753,38,55,165
hardened,2,j-reversible-sp-unigram-48k,kanbun,sha256:87bc3920a414557db574f9eaf2e17fd70735979bc5ffedf6d561fbd6bea78a45,100,5.195029298006657,604.9545450210571,58,56,168
hardened,2,j-reversible-sp-unigram-48k,kakikudashi,sha256:87bc3920a414557db574f9eaf2e17fd70735979bc5ffedf6d561fbd6bea78a45,100,3.763864732329521,806.1538782119751,81,103,309
hardened,2,j-reversible-sp-unigram-48k,kanbun,sha256:c2c3ee696b5b493e537c49dadd14b04b067ebe32fa96f36b078c1d6c5be6f756,163,5.160930739151229,1352.2135753631592,131,126,378
hardened,2,j-reversible-sp-unigram-48k,kakikudashi,sha256:c2c3ee696b5b493e537c49dadd14b04b067ebe32fa96f36b078c1d6c5be6f756,163,3.633849413900831,1737.9668083190918,179,230,690
hardened,2,j-reversible-sp-unigram-48k,kanbun,sha256:88362c9b02b3036094ebff13f879919608f9de1d43cb3e7077cbc826a69b3f8e,249,4.465605701587858,520.0140962600708,51,56,168
hardened,2,j-reversible-sp-unigram-48k,kakikudashi,sha256:88362c9b02b3036094ebff13f879919608f9de1d43cb3e7077cbc826a69b3f8e,249,3.2417533003128916,687.5857210159302,74,102,306
hardened,2,j-reversible-sp-unigram-48k,kanbun,sha256:a2d102ad8170a1ea7416667b7226955d7fe7d42a70e2083e50f7fac9a559fd5a,315,5.060865105201094,883.9969434738159,88,84,252
hardened,2,j-reversible-sp-unigram-48k,kakikudashi,sha256:a2d102ad8170a1ea7416667b7226955d7fe7d42a70e2083e50f7fac9a559fd5a,315,3.7674508807629876,1112.4555292129517,114,142,426
hardened,2,j-reversible-sp-unigram-48k,kanbun,sha256:fa6cc111cd2ef421711faa1460ebc8ce838fdf13293855c223b6e74434edff05,349,5.125605155058862,2685.9158639907837,266,252,756
hardened,2,j-reversible-sp-unigram-48k,kakikudashi,sha256:fa6cc111cd2ef421711faa1460ebc8ce838fdf13293855c223b6e74434edff05,349,3.656590624513739,3315.198570251465,348,436,1308
hardened,2,j-reversible-sp-unigram-48k,kanbun,sha256:2095bc33187d6f3979e02211a3b227ce1dd28cb684fbc1a054587a1572e4e3b4,408,5.5242566201734356,459.49474811553955,44,40,120
hardened,2,j-reversible-sp-unigram-48k,kakikudashi,sha256:2095bc33187d6f3979e02211a3b227ce1dd28cb684fbc1a054587a1572e4e3b4,408,4.200845086098873,602.7434129714966,61,69,207
hardened,2,j-reversible-sp-unigram-48k,kanbun,sha256:4407f3d844541f2fb9d8b6d645132e11ab661a4288b1422293ccb9f28d2675a2,409,5.718923197944036,475.68665885925293,45,40,120
hardened,2,j-reversible-sp-unigram-48k,kakikudashi,sha256:4407f3d844541f2fb9d8b6d645132e11ab661a4288b1422293ccb9f28d2675a2,409,3.9347174303432344,621.8331308364868,66,76,228
hardened,2,j-reversible-sp-unigram-48k,kanbun,sha256:d424c3774ec17385aaab9fa7645d5796a51c6f7ff14faacd6656efa2788d52f8,425,4.973401360404896,413.67589569091797,40,40,120
hardened,2,j-reversible-sp-unigram-48k,kakikudashi,sha256:d424c3774ec17385aaab9fa7645d5796a51c6f7ff14faacd6656efa2788d52f8,425,3.801426393863962,490.1003255844116,50,62,186
hardened,2,j-reversible-sp-unigram-48k,kanbun,sha256:91a9fc3f3bf6f759c805d8991ec615e476b531e2d18733983b45d55fa3050bdc,427,4.785527466740323,398.0489845275879,40,40,120
hardened,2,j-reversible-sp-unigram-48k,kakikudashi,sha256:91a9fc3f3bf6f759c805d8991ec615e476b531e2d18733983b45d55fa3050bdc,427,3.817005588886658,468.2971591949463,51,59,177
hardened,2,j-reversible-sp-unigram-48k,kanbun,sha256:05554bc9b8e804ebbb02cfc07924513e935f5384702576a7b045942bcc776571,430,5.725421241372605,476.2271509170532,46,40,120
hardened,2,j-reversible-sp-unigram-48k,kakikudashi,sha256:05554bc9b8e804ebbb02cfc07924513e935f5384702576a7b045942bcc776571,430,4.310185372196379,564.6550464630127,59,63,189
hardened,2,j-reversible-sp-unigram-48k,kanbun,sha256:dd88113ccc60b7699d2c9347a398c5a7acd779379d3a65044cdfec0f7a53ca47,431,5.692743551674807,473.5090970993042,45,40,120
hardened,2,j-reversible-sp-unigram-48k,kakikudashi,sha256:dd88113ccc60b7699d2c9347a398c5a7acd779379d3a65044cdfec0f7a53ca47,431,4.44178251858495,563.4220523834229,57,61,183
hardened,2,j-reversible-sp-unigram-48k,kanbun,sha256:b004000bb7c65a514d4447f566f6d669a14b0e75e76ad73b89ec148382406328,434,5.133428774879097,426.9866018295288,41,40,120
hardened,2,j-reversible-sp-unigram-48k,kakikudashi,sha256:b004000bb7c65a514d4447f566f6d669a14b0e75e76ad73b89ec148382406328,434,3.8021053467088564,553.4379062652588,59,70,210
hardened,2,j-reversible-sp-unigram-48k,kanbun,sha256:eab5a1ee862005a36aabd8128fab3ca66f14360f68d43eb46be2cfb47469b2cd,447,5.08485485488266,422.9463367462158,41,40,120
hardened,2,j-reversible-sp-unigram-48k,kakikudashi,sha256:eab5a1ee862005a36aabd8128fab3ca66f14360f68d43eb46be2cfb47469b2cd,447,3.792473197427479,528.3771629333496,55,67,201
hardened,2,j-reversible-sp-unigram-48k,kanbun,sha256:8215e571653d767b252e7ae8725974a13373db12bf182977ca33c96ba5ee6b80,450,5.915260185874916,492.01751041412354,47,40,120
hardened,2,j-reversible-sp-unigram-48k,kakikudashi,sha256:8215e571653d767b252e7ae8725974a13373db12bf182977ca33c96ba5ee6b80,450,4.571732753052397,570.3990602493286,57,60,180
hardened,2,j-reversible-sp-unigram-48k,kanbun,sha256:f7436097f1cf75a3137b5e899d5dc6e5b933a514de2be41598bc747649b46bd8,4,5.498134106540824,457.3219385147095,44,40,120
hardened,2,j-reversible-sp-unigram-48k,kakikudashi,sha256:f7436097f1cf75a3137b5e899d5dc6e5b933a514de2be41598bc747649b46bd8,4,3.8876085925485895,598.2200555801392,62,74,222
hardened,2,j-reversible-sp-unigram-48k,kanbun,sha256:d849179ec7b142b2d9eb33ad8eb59461b6c686a0ca5659c9b6ec0c8b0dc73cf1,17,5.062522487266088,631.6331739425659,62,60,180
hardened,2,j-reversible-sp-unigram-48k,kakikudashi,sha256:d849179ec7b142b2d9eb33ad8eb59461b6c686a0ca5659c9b6ec0c8b0dc73cf1,17,4.191718779373296,758.3297719955444,78,87,261
hardened,2,j-reversible-sp-unigram-48k,kanbun,sha256:17672397b016991e757a866468203dc56a37ad82f5134adf2459846a3cedb669,31,6.538146572408005,1087.6554870605469,105,80,240
hardened,2,j-reversible-sp-unigram-48k,kakikudashi,sha256:17672397b016991e757a866468203dc56a37ad82f5134adf2459846a3cedb669,31,4.346874899970361,1292.5873308181763,133,143,429
hardened,2,j-reversible-sp-unigram-48k,kanbun,sha256:993cf16ce411260e37f115ed6283350dd03253978bb9dafabd3b6ef85c86612d,38,5.474969196899915,1138.4878387451172,109,100,300
hardened,2,j-reversible-sp-unigram-48k,kakikudashi,sha256:993cf16ce411260e37f115ed6283350dd03253978bb9dafabd3b6ef85c86612d,38,3.9023340343504667,1452.5269145965576,150,179,537
hardened,2,j-reversible-sp-unigram-48k,kanbun,sha256:4c02892fa00fda9a82e65f5f9943d005b963874eb0a1bb42580237d0229d800a,65,5.151410763267429,599.8752222061157,59,56,168
hardened,2,j-reversible-sp-unigram-48k,kakikudashi,sha256:4c02892fa00fda9a82e65f5f9943d005b963874eb0a1bb42580237d0229d800a,65,3.516775195297944,804.4221277236938,90,110,330
hardened,2,j-reversible-sp-unigram-48k,kanbun,sha256:ebaf0a12c2adc7099504c6b86bc708e24aceb7691b4ff10637999dc94e4f54eb,82,7.100747898351383,826.8730487823486,81,56,168
hardened,2,j-reversible-sp-unigram-48k,kakikudashi,sha256:ebaf0a12c2adc7099504c6b86bc708e24aceb7691b4ff10637999dc94e4f54eb,82,5.089028921675141,973.5751094818115,100,92,276
hardened,2,j-reversible-sp-unigram-48k,kanbun,sha256:5b1999b0cac33e1542758e3b59d9c473b5fd370a2b0e632b3b27ca873479c6c6,84,5.642591535253352,657.0725975036621,64,56,168
hardened,2,j-reversible-sp-unigram-48k,kakikudashi,sha256:5b1999b0cac33e1542758e3b59d9c473b5fd370a2b0e632b3b27ca873479c6c6,84,3.74263239866503,894.9973077774048,97,115,345
hardened,2,j-reversible-sp-unigram-48k,kanbun,sha256:cc8beb8808cee6f397a4c7e5703b64ad374667e09e452594277ad614a4113104,95,5.677117257155312,661.0930738449097,63,56,168
hardened,2,j-reversible-sp-unigram-48k,kakikudashi,sha256:cc8beb8808cee6f397a4c7e5703b64ad374667e09e452594277ad614a4113104,95,3.9782338911944226,843.7954912185669,90,102,306
hardened,2,j-reversible-sp-unigram-48k,kanbun,sha256:042ab8718b1edb4db8fa7b7b4ef51267d51b3bbfa609b7c2fb0a488b010a293d,116,5.935005422296395,691.1238222122192,67,56,168
hardened,2,j-reversible-sp-unigram-48k,kakikudashi,sha256:042ab8718b1edb4db8fa7b7b4ef51267d51b3bbfa609b7c2fb0a488b010a293d,116,4.105340707955764,819.5343370437622,86,96,288
hardened,2,j-reversible-sp-unigram-48k,kanbun,sha256:6de762fbae5cdea909bda4906ad245f5cc75f692374795ca0623fcce53a55e9d,117,5.100379825413915,593.9327344894409,57,56,168
hardened,2,j-reversible-sp-unigram-48k,kakikudashi,sha256:6de762fbae5cdea909bda4906ad245f5cc75f692374795ca0623fcce53a55e9d,117,3.555866601682477,702.4505891799927,74,95,285
hardened,2,j-reversible-sp-unigram-48k,kanbun,sha256:52d4e6ff51fc2e69153746cda5f4f5a39ff0d586927a0846b5def92686809376,140,5.804530784219325,675.9302167892456,65,56,168
hardened,2,j-reversible-sp-unigram-48k,kakikudashi,sha256:52d4e6ff51fc2e69153746cda5f4f5a39ff0d586927a0846b5def92686809376,140,4.280964237183234,783.37730884552,79,88,264
hardened,2,j-reversible-sp-unigram-48k,kanbun,sha256:7edc75ccf8b006bfee320f69fd21cb73bbf58dfcd8e465869abdf29c33953c86,149,5.544780697227612,230.6009464263916,23,20,60
hardened,2,j-reversible-sp-unigram-48k,kakikudashi,sha256:7edc75ccf8b006bfee320f69fd21cb73bbf58dfcd8e465869abdf29c33953c86,149,3.7984761497332826,268.55610942840576,27,34,102
hardened,2,j-reversible-sp-unigram-48k,kanbun,sha256:d7d8f505d3d800f8b06b5904e82f03d762ec23c0c9a1869136f46caf102f2c7b,152,5.56898088051296,231.607403755188,21,20,60
hardened,2,j-reversible-sp-unigram-48k,kakikudashi,sha256:d7d8f505d3d800f8b06b5904e82f03d762ec23c0c9a1869136f46caf102f2c7b,152,3.7417561551830936,287.88823795318604,30,37,111
hardened,2,j-reversible-sp-unigram-48k,kanbun,sha256:4cfce05a50c6c27787ce5282083e079a6b4dacc0a17d46e4c5637c4f2999408b,159,4.683190199309294,194.76840496063232,20,20,60
hardened,2,j-reversible-sp-unigram-48k,kakikudashi,sha256:4cfce05a50c6c27787ce5282083e079a6b4dacc0a17d46e4c5637c4f2999408b,159,3.2872503475520065,218.74063777923584,23,32,96
hardened,2,j-reversible-sp-unigram-48k,kanbun,sha256:b81eee34499968e2ce987a320a443a984cbb6eb55e24690490b083ecfa2d6c5e,179,4.42376686788871,183.97929191589355,18,20,60
hardened,2,j-reversible-sp-unigram-48k,kakikudashi,sha256:b81eee34499968e2ce987a320a443a984cbb6eb55e24690490b083ecfa2d6c5e,179,3.105049236319218,238.90042972564697,25,37,111
hardened,2,j-reversible-sp-unigram-48k,kanbun,sha256:955384079b4cf87e3e9c30e0ba87152d4db31178c42f5276179131094cdc11c5,215,5.927431294886887,246.51493740081787,24,20,60
hardened,2,j-reversible-sp-unigram-48k,kakikudashi,sha256:955384079b4cf87e3e9c30e0ba87152d4db31178c42f5276179131094cdc11c5,215,3.824340699524455,294.24223804473877,29,37,111
hardened,2,j-reversible-sp-unigram-48k,kanbun,sha256:9bb8ba0d8cf2ad6f8497915f809b3e2670e27464e6d8aeee94804444c0d21c55,218,5.449653732003015,317.3026180267334,32,28,84
hardened,2,j-reversible-sp-unigram-48k,kakikudashi,sha256:9bb8ba0d8cf2ad6f8497915f809b3e2670e27464e6d8aeee94804444c0d21c55,218,3.867847205238676,378.01922130584717,40,47,141
hardened,2,j-reversible-sp-unigram-48k,kanbun,sha256:ad956be81d174cb25b3d89f0f335c67b00d3da32c475addd0b99e374b8175da2,263,5.640591622713319,328.41985511779785,31,28,84
hardened,2,j-reversible-sp-unigram-48k,kakikudashi,sha256:ad956be81d174cb25b3d89f0f335c67b00d3da32c475addd0b99e374b8175da2,263,3.5047934412692117,437.2807846069336,46,60,180
hardened,2,j-reversible-sp-unigram-48k,kanbun,sha256:75b04a7e467914ade7b81a7dbd0567f092dc7b294240cdc0a911449fa2eed8e3,284,5.244940620613403,305.38332748413086,30,28,84
hardened,2,j-reversible-sp-unigram-48k,kakikudashi,sha256:75b04a7e467914ade7b81a7dbd0567f092dc7b294240cdc0a911449fa2eed8e3,284,3.649629649485791,424.99472427368164,44,56,168
hardened,2,j-reversible-sp-unigram-48k,kanbun,sha256:31894b65cce53b847f0bbdf4266379e21c8e28ba6e740f0ebea69fdc4f808e6c,288,4.400986635610225,256.24464416503906,26,28,84
hardened,2,j-reversible-sp-unigram-48k,kakikudashi,sha256:31894b65cce53b847f0bbdf4266379e21c8e28ba6e740f0ebea69fdc4f808e6c,288,3.4812623643044383,318.5195894241333,35,44,132
hardened,2,j-reversible-sp-unigram-48k,kanbun,sha256:17081afb209552d4294e87f5efd6594d01eeeb792541c4332b4a0cfff4becfda,290,5.660097894974179,329.5555953979492,33,28,84
hardened,2,j-reversible-sp-unigram-48k,kakikudashi,sha256:17081afb209552d4294e87f5efd6594d01eeeb792541c4332b4a0cfff4becfda,290,4.149410225566157,414.1658878326416,43,48,144
hardened,2,j-reversible-sp-unigram-48k,kanbun,sha256:0652e84601f21465239e3cdb72e18127be0ad1cae7ca187fe484a43b8404129e,295,5.007227723865737,291.54264545440674,29,28,84
hardened,2,j-reversible-sp-unigram-48k,kakikudashi,sha256:0652e84601f21465239e3cdb72e18127be0ad1cae7ca187fe484a43b8404129e,295,3.066591657898986,312.4631061553955,32,49,147
hardened,2,j-reversible-sp-unigram-48k,kanbun,sha256:e65a9c5fd6e9d20ea1287742a598a788ad345da529eb986561206ed8b6525930,298,5.1900554368989535,302.18767261505127,29,28,84
hardened,2,j-reversible-sp-unigram-48k,kakikudashi,sha256:e65a9c5fd6e9d20ea1287742a598a788ad345da529eb986561206ed8b6525930,298,3.937338609434663,352.06101512908936,34,43,129
hardened,2,j-reversible-sp-unigram-48k,kanbun,sha256:5838bb07b453e8326ecde9bed1a68e120ebd0c10351d5b4f0cca67cda9f64860,302,4.953456529108475,288.41185188293457,28,28,84
hardened,2,j-reversible-sp-unigram-48k,kakikudashi,sha256:5838bb07b453e8326ecde9bed1a68e120ebd0c10351d5b4f0cca67cda9f64860,302,4.0166313170284695,367.5034008026123,38,44,132
hardened,2,j-reversible-sp-unigram-48k,kanbun,sha256:58f733bc6cbd287eb76188c05268a0fe9ff300e1bef90bcaacdecc02dfadb6db,306,5.44123701572489,316.81256008148193,30,28,84
hardened,2,j-reversible-sp-unigram-48k,kakikudashi,sha256:58f733bc6cbd287eb76188c05268a0fe9ff300e1bef90bcaacdecc02dfadb6db,306,3.7427217325737763,365.79023933410645,37,47,141
hardened,2,j-reversible-sp-unigram-48k,kanbun,sha256:407eeb8ace2d180c36fff5d7853f672bab8adbf3a4b1c3a66554ddc3a8d14f6b,316,4.687461167322921,272.92444133758545,27,28,84
hardened,2,j-reversible-sp-unigram-48k,kakikudashi,sha256:407eeb8ace2d180c36fff5d7853f672bab8adbf3a4b1c3a66554ddc3a8d14f6b,316,3.54971867594833,369.07162380218506,39,50,150
hardened,2,j-reversible-sp-unigram-48k,kanbun,sha256:1c8795c587d422f9e6badec1be2c0f203662c336e9dc16e7d9da62094f60dd54,320,5.929193301369086,345.2235040664673,33,28,84
hardened,2,j-reversible-sp-unigram-48k,kakikudashi,sha256:1c8795c587d422f9e6badec1be2c0f203662c336e9dc16e7d9da62094f60dd54,320,3.9872623855166474,389.6901149749756,38,47,141
hardened,2,j-reversible-sp-unigram-48k,kanbun,sha256:1f9f63a99ef6cbc57d5c80bdef37a7265023289a48ee5d0655f048f73ba0e5bb,322,4.821027971566004,280.701283454895,26,28,84
hardened,2,j-reversible-sp-unigram-48k,kakikudashi,sha256:1f9f63a99ef6cbc57d5c80bdef37a7265023289a48ee5d0655f048f73ba0e5bb,322,3.2904293102615423,335.2705144882202,32,49,147
hardened,2,j-reversible-sp-unigram-48k,kanbun,sha256:d1fcfa5db59009b0b864474ef4c1f16d10583bf1f85e0ba3a65738d29fffb1dd,340,4.639886867820848,270.1544580459595,28,28,84
hardened,2,j-reversible-sp-unigram-48k,kakikudashi,sha256:d1fcfa5db59009b0b864474ef4c1f16d10583bf1f85e0ba3a65738d29fffb1dd,340,3.9023336565355504,316.4723138809204,33,39,117
hardened,2,j-reversible-sp-unigram-48k,kanbun,sha256:6639bedd74374987daa82adc5ac1b2a6ab82e22bb002607b321814be456b53c0,352,5.4726069624489675,318.6390552520752,30,28,84
hardened,2,j-reversible-sp-unigram-48k,kakikudashi,sha256:6639bedd74374987daa82adc5ac1b2a6ab82e22bb002607b321814be456b53c0,352,3.6362009325785585,385.62463092803955,38,51,153
hardened,2,j-reversible-sp-unigram-48k,kanbun,sha256:d9bd1ab196ffa5be4cb918b3dffaae457e91718ad1514009a13c97be076315e9,389,5.167785223266427,300.8910036087036,30,28,84
hardened,2,j-reversible-sp-unigram-48k,kakikudashi,sha256:d9bd1ab196ffa5be4cb918b3dffaae457e91718ad1514009a13c97be076315e9,389,3.8924409875530723,356.14055347442627,37,44,132
